Codigo;Nombre;Lista 1;Lista 2;Lista 3;Lista 4;Costo;Proveedor;Rubro;Subrubro;Cod. Barra
77995126;ABUELA MECHA BOMBONES DE FRUTA ;6200;;;;;VARIOS;GOLOSINAS;GOLOSINAS;7798069899477
5;ACEITE COCINERO 900ML;2190;;;;;VARIOS;GOLOSINAS;GOLOSINAS;7790070012050
6;ACONDICIONADOR TRESEMME;3000;;;;;VARIOS;GOLOSINAS;GOLOSINAS;7791293049830
7;AGOGO CHICLE;3000;;;;;VARIOS;GOLOSINAS;GOLOSINAS;7861008501028
8;AGUA SAB MANZANA;150;;;;;VARIOS;GOLOSINAS;GOLOSINAS;7798065730378
9;AGUA SAB NARANJA;150;;;;;VARIOS;GOLOSINAS;GOLOSINAS;7798065730330
10;AGUA SAB POMELO;150;;;;;VARIOS;GOLOSINAS;GOLOSINAS;7798065730354
11;ALA DETERGENTE ULTRA;230;;;;;VARIOS;GOLOSINAS;GOLOSINAS;7791290792685
12;ALA ECO LAVADO 800G;1900;;;;;VARIOS;GOLOSINAS;GOLOSINAS;7791290791749
13;ALA ECO LAVADO 800ML;2760;;;;;VARIOS;GOLOSINAS;GOLOSINAS;7791290792012
14;ALA JABON MATIC CON BICARBONATO;1000;;;;;VARIOS;GOLOSINAS;GOLOSINAS;7791290791763
15;ALA LAVADO A MANO 800G;1500;;;;;VARIOS;GOLOSINAS;GOLOSINAS;7791290794634
16;ALA MATIC 800G;1900;;;;;VARIOS;GOLOSINAS;GOLOSINAS;7791290791770
17;ALA PARA DILUIR 900ML;2700;;;;;VARIOS;GOLOSINAS;GOLOSINAS;7791290793248
714604720;ALBUM MUNDIAL;3500;;;;;VARIOS;GOLOSINAS;GOLOSINAS;7146047203
19;ALFAJOR AGUILA BLANCO;931;;;;;VARIOS;GOLOSINAS;GOLOSINAS;7790040133570
20;ALFAJOR AGUILA MINI TORTA;931;;;;;VARIOS;GOLOSINAS;GOLOSINAS;7790040133600
21;ALFAJOR AGUILA MINI TORTA BRONIE;931;;;;;VARIOS;GOLOSINAS;GOLOSINAS;7790040133594
22;ALFAJOR AGUILA MINITORTA CLASICA;931;;;;;VARIOS;GOLOSINAS;GOLOSINAS;7790040133587
23;ALFAJOR BAGLEY BLANCO;931;;;;;VARIOS;GOLOSINAS;GOLOSINAS;7790040991910
24;ALFAJOR BAGLEY NEGRO;210;;;;;VARIOS;GOLOSINAS;GOLOSINAS;7790040375000
25;ALFAJOR BLOCK 60G;1350;;;;;VARIOS;GOLOSINAS;GOLOSINAS;7790040659605
26;ALFAJOR BOM O BOMX3;800;;;;;VARIOS;GOLOSINAS;GOLOSINAS;7790040614000
27;ALFAJOR BON O BON;650;;;;;VARIOS;GOLOSINAS;GOLOSINAS;7790040613706
28;ALFAJOR BON O BON;650;;;;;VARIOS;GOLOSINAS;GOLOSINAS;7790040613607
714604701;ALFAJOR BON O BON X 3;1350;;;;;VARIOS;GOLOSINAS;GOLOSINAS;7790040148840
714604702;ALFAJOR BON O BON X 3;1350;;;;;VARIOS;GOLOSINAS;GOLOSINAS;7790040152748
29;ALFAJOR CHARLY;170;;;;;VARIOS;GOLOSINAS;GOLOSINAS;14
30;ALFAJOR COFLER MOUSSE 40G;720;;;;;VARIOS;GOLOSINAS;GOLOSINAS;7790040143647
31;ALFAJOR CRISPY TYM;55;;;;;VARIOS;GOLOSINAS;GOLOSINAS;7793209903793
32;ALFAJOR CRISPY TYM;530;;;;;VARIOS;GOLOSINAS;GOLOSINAS;7793209903786
33;ALFAJOR DE ARROZ LULE MUU DULCE DE LE;2840;;;;;VARIOS;GOLOSINAS;GOLOSINAS;7798146300452
34;ALFAJOR DE ARROZ LULE MUU LIMON;2840;;;;;VARIOS;GOLOSINAS;GOLOSINAS;7798146300414
35;ALFAJOR DE ARROZ LULE MUU MARROC;2840;;;;;VARIOS;GOLOSINAS;GOLOSINAS;7798146301336
36;ALFAJOR DE ARROZ LULE MUU YOGURT;2840;;;;;VARIOS;GOLOSINAS;GOLOSINAS;7798146300506
37;ALFAJOR DE ARROZ LULEMU LIMON;247;;;;;VARIOS;GOLOSINAS;GOLOSINAS;77910509
38;ALFAJOR DE ARROZ LULEMU YOGURT;247;;;;;VARIOS;GOLOSINAS;GOLOSINAS;77945495
39;ALFAJOR DE MAICENA;1800;;;;;VARIOS;GOLOSINAS;GOLOSINAS;999964
77995091;ALFAJOR DE MAICENA ;650;;;;;VARIOS;GOLOSINAS;GOLOSINAS;7798065070276
40;ALFAJOR DE MAICENA X30;1800;;;;;VARIOS;GOLOSINAS;GOLOSINAS;4847
714604708;ALFAJOR DE MAIZENA QUE RICO;3500;;;;;VARIOS;GOLOSINAS;GOLOSINAS;
41;ALFAJOR FANTOCHE TRIPLE;6600;;;;;VARIOS;GOLOSINAS;GOLOSINAS;17791672000787
42;ALFAJOR FANTOCHE X12;6600;;;;;VARIOS;GOLOSINAS;GOLOSINAS;17791672000794
43;ALFAJOR FANTOCHE X3 BLANCO;650;;;;;VARIOS;GOLOSINAS;GOLOSINAS;77991584
44;ALFAJOR FANTOCHE X3 NEGRO;650;;;;;VARIOS;GOLOSINAS;GOLOSINAS;77991577
77995115;ALFAJOR FULBITO BLACK;230;;;;;VARIOS;GOLOSINAS;GOLOSINAS;7798094224237
45;ALFAJOR FULBITO CHOCOLATE;230;;;;;VARIOS;GOLOSINAS;GOLOSINAS;77913586
46;ALFAJOR FULBITO MANI;230;;;;;VARIOS;GOLOSINAS;GOLOSINAS;77902320
48;ALFAJOR FULBITO X40;9100;;;;;VARIOS;GOLOSINAS;GOLOSINAS;20000077913580
47;ALFAJOR FULBITO X40;9100;;;;;VARIOS;GOLOSINAS;GOLOSINAS;20000077902324
77995116;ALFAJOR FULBITO X40;9100;;;;;VARIOS;GOLOSINAS;GOLOSINAS;17798094224234
49;ALFAJOR FULL MANI 45G;180;;;;;VARIOS;GOLOSINAS;GOLOSINAS;7790380024620
50;ALFAJOR GENIO BLANCO X 3;400;;;;;VARIOS;GOLOSINAS;GOLOSINAS;7798094220963
51;ALFAJOR GENIO NEGRO X 3;400;;;;;VARIOS;GOLOSINAS;GOLOSINAS;7798094220956
52;ALFAJOR GENIO X 3 X24 NEGRO;9500;;;;;VARIOS;GOLOSINAS;GOLOSINAS;17798094220953
53;ALFAJOR GENIO X24;9500;;;;;VARIOS;GOLOSINAS;GOLOSINAS;17798094220960
54;ALFAJOR GRANDOTE X2 BLANCO;15;;;;;VARIOS;GOLOSINAS;GOLOSINAS;77915597
56;ALFAJOR GRANDOTE X2 NEGRO;550;;;;;VARIOS;GOLOSINAS;GOLOSINAS;27790893000641
55;ALFAJOR GRANDOTE X2 NEGRO;15;;;;;VARIOS;GOLOSINAS;GOLOSINAS;77915559
57;ALFAJOR GRANDOTE X3 BLANCO;260;;;;;VARIOS;GOLOSINAS;GOLOSINAS;77906007
58;ALFAJOR GRANDOTE X3 NEGRO;260;;;;;VARIOS;GOLOSINAS;GOLOSINAS;77906038
59;ALFAJOR GRANDOTE X3 X24 BLANCO;930;;;;;VARIOS;GOLOSINAS;GOLOSINAS;37790893000136
60;ALFAJOR GULERO INRRESISTIBLE;1000;;;;;VARIOS;GOLOSINAS;GOLOSINAS;11179
714604721;ALFAJOR HAMBLET;360;;;;;VARIOS;GOLOSINAS;GOLOSINAS;7790040144132
77995120;ALFAJOR JORGITO;750;;;;;VARIOS;GOLOSINAS;GOLOSINAS;77905734
77995119;ALFAJOR JORGITO 50G;750;;;;;VARIOS;GOLOSINAS;GOLOSINAS;77905758
77995118;ALFAJOR JORGITO 55G ;750;;;;;VARIOS;GOLOSINAS;GOLOSINAS;77905741
77995117;ALFAJOR JORGITO 55G ;750;;;;;VARIOS;GOLOSINAS;GOLOSINAS;7790957000156
77995121;ALFAJOR JORGITO X24;17000;;;;;VARIOS;GOLOSINAS;GOLOSINAS;17790957000146
77995123;ALFAJOR JORGITO X24;17000;;;;;VARIOS;GOLOSINAS;GOLOSINAS;17790957000290
77995124;ALFAJOR JORGITO X24;17000;;;;;VARIOS;GOLOSINAS;GOLOSINAS;17790957000139
77995122;ALFAJOR JORGITO X24;17000;;;;;VARIOS;GOLOSINAS;GOLOSINAS;17790957000153
61;ALFAJOR LULE MUU DULCE DE LECHE;350;;;;;VARIOS;GOLOSINAS;GOLOSINAS;77987839
62;ALFAJOR LULE MUU LIMON;350;;;;;VARIOS;GOLOSINAS;GOLOSINAS;77910400
63;ALFAJOR LULE MUU MARROC;350;;;;;VARIOS;GOLOSINAS;GOLOSINAS;77987853
64;ALFAJOR LULEMU DULCE DE LECHE;350;;;;;VARIOS;GOLOSINAS;GOLOSINAS;77905604
65;ALFAJOR LULEMUU MARROC;350;;;;;VARIOS;GOLOSINAS;GOLOSINAS;999987
66;ALFAJOR MAICENA;480;;;;;VARIOS;GOLOSINAS;GOLOSINAS;542590
67;ALFAJOR MILKA;1170;;;;;VARIOS;GOLOSINAS;GOLOSINAS;77903778
68;ALFAJOR MILKA BLANCO;1170;;;;;VARIOS;GOLOSINAS;GOLOSINAS;7622300457303
77995062;ALFAJOR MILKA MOUSSE;1500;;;;;VARIOS;GOLOSINAS;GOLOSINAS;77903785
69;ALFAJOR MILKA OREO;1170;;;;;VARIOS;GOLOSINAS;GOLOSINAS;7622300835620
70;ALFAJOR MINI GENIO;115;;;;;VARIOS;GOLOSINAS;GOLOSINAS;7798094221571
71;ALFAJOR MINI GENIO;115;;;;;VARIOS;GOLOSINAS;GOLOSINAS;7798094221564
72;ALFAJOR MINI GENIO O NEVARE;6500;;;;;VARIOS;GOLOSINAS;GOLOSINAS;1034
73;ALFAJOR MINI NEVARE;115;;;;;VARIOS;GOLOSINAS;GOLOSINAS;77908582
74;ALFAJOR MINYO BLANCO X3 X24;1250;;;;;VARIOS;GOLOSINAS;GOLOSINAS;7798036400941
75;ALFAJOR MINYO NEGRO X3 X24;1250;;;;;VARIOS;GOLOSINAS;GOLOSINAS;779836400934
76;ALFAJOR MINYO X3 BLANO;55;;;;;VARIOS;GOLOSINAS;GOLOSINAS;77917171
77;ALFAJOR MINYO X3 NEGRO;55;;;;;VARIOS;GOLOSINAS;GOLOSINAS;77917157
78;ALFAJOR MOGY BLANCO;310;;;;;VARIOS;GOLOSINAS;GOLOSINAS;77912268
79;ALFAJOR MOGY NEGRO;310;;;;;VARIOS;GOLOSINAS;GOLOSINAS;77908827
80;ALFAJOR MOGY X40 BLANCO;12200;;;;;VARIOS;GOLOSINAS;GOLOSINAS;802
81;ALFAJOR MOGY X40 NEGRO;12200;;;;;VARIOS;GOLOSINAS;GOLOSINAS;10000077908824
82;ALFAJOR NEVARE SIMPLE NEGRO;360;;;;;VARIOS;GOLOSINAS;GOLOSINAS;77908193
83;ALFAJOR NEVARE X40NEGRO;13300;;;;;VARIOS;GOLOSINAS;GOLOSINAS;20000077908197
84;ALFAJOR NEVARES BLANCO X40;13300;;;;;VARIOS;GOLOSINAS;GOLOSINAS;16
85;ALFAJOR NEVARES SIMPLE BLANCO;360;;;;;VARIOS;GOLOSINAS;GOLOSINAS;77925626
86;ALFAJOR OREO;1500;;;;;VARIOS;GOLOSINAS;GOLOSINAS;77976307
87;ALFAJOR PEPITO;1400;;;;;VARIOS;GOLOSINAS;GOLOSINAS;77915481
714604710;ALFAJOR RASTA BLANCO;1300;;;;;VARIOS;GOLOSINAS;GOLOSINAS;7798397440013
714604584;ALFAJOR RASTA NEGRO ;1300;;;;;VARIOS;GOLOSINAS;GOLOSINAS;7798397444202
77995098;ALFAJOR RIQUITO SIMPLE XU;130;;;;;VARIOS;GOLOSINAS;GOLOSINAS;779950988
77995097;ALFAJOR RIQUITO SIMPLE XU;130;;;;;VARIOS;GOLOSINAS;GOLOSINAS;779950971
88;ALFAJOR RIQUITO X3 BLANCO;260;;;;;VARIOS;GOLOSINAS;GOLOSINAS;77913562
89;ALFAJOR RIQUITO X3 NEGRO;260;;;;;VARIOS;GOLOSINAS;GOLOSINAS;77913555
90;ALFAJOR RIQUITO X3 X24 BLANCO;5900;;;;;VARIOS;GOLOSINAS;GOLOSINAS;17795725000199
91;ALFAJOR RIQUITO X3 X24 NEGRO;5900;;;;;VARIOS;GOLOSINAS;GOLOSINAS;17795725000113
77995096;ALFAJOR RIQUITO X50;5600;;;;;VARIOS;GOLOSINAS;GOLOSINAS;17795725000212
77995095;ALFAJOR RIQUITO X50;5600;;;;;VARIOS;GOLOSINAS;GOLOSINAS;17795725000205
92;ALFAJOR SMACK DULCE DE LECHE 60G;360;;;;;VARIOS;GOLOSINAS;GOLOSINAS;7798094220437
93;ALFAJOR SMACK DULCE DE LECHE BLANCO;360;;;;;VARIOS;GOLOSINAS;GOLOSINAS;7798094224220
94;ALFAJOR SMACK DULCE DE LECHE X24;8300;;;;;VARIOS;GOLOSINAS;GOLOSINAS;17798094220434
95;ALFAJOR SMACK MOUSSE 50G;360;;;;;VARIOS;GOLOSINAS;GOLOSINAS;7798094221809
96;ALFAJOR SMACK MOUSSE X24;8700;;;;;VARIOS;GOLOSINAS;GOLOSINAS;17798094221806
97;ALFAJOR SUSCHEN BLANCO X24;7500;;;;;VARIOS;GOLOSINAS;GOLOSINAS;27798065070324
98;ALFAJOR SUSCHEN BLANCO XU;350;;;;;VARIOS;GOLOSINAS;GOLOSINAS;7798065070719
99;ALFAJOR SUSCHEN NEGRO X24;7500;;;;;VARIOS;GOLOSINAS;GOLOSINAS;27798065070317
100;ALFAJOR SUSCHEN NEGRO XU;350;;;;;VARIOS;GOLOSINAS;GOLOSINAS;7798065070481
101;ALFAJOR TANTI SIMPLE X U BLANCO;10;;;;;VARIOS;GOLOSINAS;GOLOSINAS;7796427000077
102;ALFAJOR TANTI SIMPLE X U NEGRO;10;;;;;VARIOS;GOLOSINAS;GOLOSINAS;7796427000060
103;ALFAJOR TANTI X 3 NEGRO;85;;;;;VARIOS;GOLOSINAS;GOLOSINAS;7796427000039
104;ALFAJOR TANTI X3 BLANCO;85;;;;;VARIOS;GOLOSINAS;GOLOSINAS;7796427000053
106;ALFAJOR TANTI X36;840;;;;;VARIOS;GOLOSINAS;GOLOSINAS;7796427000091
105;ALFAJOR TANTI X36;840;;;;;VARIOS;GOLOSINAS;GOLOSINAS;7796427000084
107;ALFAJOR TATIN SIMPLE BLANCO;470;;;;;VARIOS;GOLOSINAS;GOLOSINAS;7790040331303
108;ALFAJOR TATIN SIMPLE NEGRO;470;;;;;VARIOS;GOLOSINAS;GOLOSINAS;7790040331204
109;ALFAJOR TATIN X 3 NEGRO;930;;;;;VARIOS;GOLOSINAS;GOLOSINAS;7790040405608
110;ALFAJOR TATIN X3 BLANCO;930;;;;;VARIOS;GOLOSINAS;GOLOSINAS;7790040405301
111;ALFAJOR TERRABUSI CON DULCE DE LECHE;1400;;;;;VARIOS;GOLOSINAS;GOLOSINAS;77903792
714604695;ALFAJOR TERRABUSI SIMPLE ;900;;;;;VARIOS;GOLOSINAS;GOLOSINAS;77939234
113;ALFAJOR TERRABUSI TORTA;1170;;;;;VARIOS;GOLOSINAS;GOLOSINAS;77903860
112;ALFAJOR TERRABUSI TORTA;750;;;;;VARIOS;GOLOSINAS;GOLOSINAS;40
114;ALFAJOR TINCHITO BLANCO;160;;;;;VARIOS;GOLOSINAS;GOLOSINAS;7798073620043
115;ALFAJOR TINCHITO CAJA BLANCO;9300;;;;;VARIOS;GOLOSINAS;GOLOSINAS;7798073620449
116;ALFAJOR TINCHITO CAJA GALLETA;9300;;;;;VARIOS;GOLOSINAS;GOLOSINAS;7798073620494
117;ALFAJOR TINCHITO CAJA GLASEADO;9300;;;;;VARIOS;GOLOSINAS;GOLOSINAS;7798073620524
118;ALFAJOR TINCHITO CAJA NEGRO;9300;;;;;VARIOS;GOLOSINAS;GOLOSINAS;7798073620432
119;ALFAJOR TINCHITO CAJA PASTA DE MANI;9300;;;;;VARIOS;GOLOSINAS;GOLOSINAS;7798073620425
120;ALFAJOR TINCHITO MANI;160;;;;;VARIOS;GOLOSINAS;GOLOSINAS;7798073620029
121;ALFAJOR TINCHITO MEMBRILLO;160;;;;;VARIOS;GOLOSINAS;GOLOSINAS;7798073620111
122;ALFAJOR TINCHITO NEGRO;160;;;;;VARIOS;GOLOSINAS;GOLOSINAS;7798073620647
123;ALFAJOR TINCHO BLANCO X2;210;;;;;VARIOS;GOLOSINAS;GOLOSINAS;7798073620289
124;ALFAJOR TINCHO CON MEMBRILLO X 2;210;;;;;VARIOS;GOLOSINAS;GOLOSINAS;7798073621125
125;ALFAJOR TINCHO NEGRO X 2;210;;;;;VARIOS;GOLOSINAS;GOLOSINAS;7798073620272
126;ALFAJOR TINCHO NEGRO X 2;210;;;;;VARIOS;GOLOSINAS;GOLOSINAS;55555
127;ALFAJOR TINCHO X 2 X 40 NEGRO;7300;;;;;VARIOS;GOLOSINAS;GOLOSINAS;7798073620326
128;ALFAJOR TINCHO X 2 X40 BLANCO;7300;;;;;VARIOS;GOLOSINAS;GOLOSINAS;7798073620296
129;ALFAJOR TITA SIMPLE;650;;;;;VARIOS;GOLOSINAS;GOLOSINAS;77908308
133;ALFAJOR TITITO BLANCO;290;;;;;VARIOS;GOLOSINAS;GOLOSINAS;763571765517
132;ALFAJOR TITITO BLANCO;290;;;;;VARIOS;GOLOSINAS;GOLOSINAS;763571765524
131;ALFAJOR TITITO BLANCO;495;;;;;VARIOS;GOLOSINAS;GOLOSINAS;720665913155
130;ALFAJOR TITITO BLANCO;380;;;;;VARIOS;GOLOSINAS;GOLOSINAS;542551
134;ALFAJOR TITITO NEGRO;495;;;;;VARIOS;GOLOSINAS;GOLOSINAS;720665913162
135;ALFAJOR TOFI BLANCO;931;;;;;VARIOS;GOLOSINAS;GOLOSINAS;7790040953703
136;ALFAJOR TOFI NEGRO;210;;;;;VARIOS;GOLOSINAS;GOLOSINAS;7790040484801
137;ALFAJOR TRI SHOT 60G;1170;;;;;VARIOS;GOLOSINAS;GOLOSINAS;77956699
138;ALFAJOR TURIANIA X40;4800;;;;;VARIOS;GOLOSINAS;GOLOSINAS;17797675001998
139;ALFAJOR TURIMANIA;130;;;;;VARIOS;GOLOSINAS;GOLOSINAS;7797675001991
140;ALFAJOR TURIMAR BLANCO X 3;350;;;;;VARIOS;GOLOSINAS;GOLOSINAS;77911018
141;ALFAJOR TURIMAR NEGRO X 3;350;;;;;VARIOS;GOLOSINAS;GOLOSINAS;77910080
142;ALFAJOR TURIMAR X 3 CAJA BLANCO;8200;;;;;VARIOS;GOLOSINAS;GOLOSINAS;17797675000090
143;ALFAJOR TURIMAR X 3 X24 NEGRO;8200;;;;;VARIOS;GOLOSINAS;GOLOSINAS;17797675000267
144;ALFAJOR TYM X6;1200;;;;;VARIOS;GOLOSINAS;GOLOSINAS;7793209903755
18;ALFAJOR ¿QUE MIRA BOBO? NEGRO;130;;;;;VARIOS;GOLOSINAS;GOLOSINAS;763571765494
145;ALFIÑIQUES X25;1300;;;;;VARIOS;GOLOSINAS;GOLOSINAS;11150
146;ALGODON 580;580;;;;;VARIOS;GOLOSINAS;GOLOSINAS;7798101910177
147;ALGODON EJEMPLAR 140;1250;;;;;VARIOS;GOLOSINAS;GOLOSINAS;7798101910214
148;ALGODON EJEMPLAR 65G;580;;;;;VARIOS;GOLOSINAS;GOLOSINAS;15673
149;ALJAFOR MINI GENIO Y  NEVARE X 60U;1100;;;;;VARIOS;GOLOSINAS;GOLOSINAS;10101010
150;ALMENDRAS CON CHOCOLATE 80G;370;;;;;VARIOS;GOLOSINAS;GOLOSINAS;7798366580207
151;ALW XTRA PROTECT;1350;;;;;VARIOS;GOLOSINAS;GOLOSINAS;7500435229555
152;ANTEOJOS DIVERTIDOS;2300;;;;;VARIOS;GOLOSINAS;GOLOSINAS;7790391101389
153;ANTEOJOS DIVERTIDOS XU;300;;;;;VARIOS;GOLOSINAS;GOLOSINAS;11141
154;ARCOR COFLER AIR;310;;;;;VARIOS;GOLOSINAS;GOLOSINAS;7790580103439
155;ARCOR COFLER AIR;310;;;;;VARIOS;GOLOSINAS;GOLOSINAS;7790580033408
156;ARCOR COFLER AIR BLANCO 100G;700;;;;;VARIOS;GOLOSINAS;GOLOSINAS;7790580103453
157;ARCOR COFLER AIR MIXTO 27G;180;;;;;VARIOS;GOLOSINAS;GOLOSINAS;999982
158;ARCOR COFLER AIR MIXTO 27G;230;;;;;VARIOS;GOLOSINAS;GOLOSINAS;7790580103385
159;ARCOR COFLER AIR MIXTO 55G;350;;;;;VARIOS;GOLOSINAS;GOLOSINAS;7790580103422
160;ARCOR COFLER ALMENDRAS 55G;380;;;;;VARIOS;GOLOSINAS;GOLOSINAS;7790580033507
161;ARCOR COFLER BLANCO CON CHOCOLINAS;610;;;;;VARIOS;GOLOSINAS;GOLOSINAS;7790580105945
162;ARCOR COFLER BON O BON;310;;;;;VARIOS;GOLOSINAS;GOLOSINAS;7790580115562
163;ARCOR COFLER ROCKLETS 55G;380;;;;;VARIOS;GOLOSINAS;GOLOSINAS;7790580103521
714604662;ARCOR MENTA CRISTAL ;13500;;;;;;;;7790580118341
714604663;ARCOR RELLENO MIEL ;9100;;;;;;;;7790580118280
164;ARITO VICO XU;200;;;;;VARIOS;GOLOSINAS;GOLOSINAS;999984
165;ARITOS CON MIEL;90;;;;;VARIOS;GOLOSINAS;GOLOSINAS;7791078022744
166;ARITOS FRUTALES;920;;;;;VARIOS;GOLOSINAS;GOLOSINAS;7790045826965
167;ARROZ LUCHADOR 500G;67;;;;;VARIOS;GOLOSINAS;GOLOSINAS;7792808000063
168;ARROZ MAXIMO 500G;500;;;;;VARIOS;GOLOSINAS;GOLOSINAS;7790070412171
169;ARROZ MUCHO GUSTO 1KG;1450;;;;;VARIOS;GOLOSINAS;GOLOSINAS;7791689000018
170;ARROZ MUCHO GUSTO 500G;750;;;;;VARIOS;GOLOSINAS;GOLOSINAS;7791689000032
171;ARROZ MUCHO GUSTO 500G;750;;;;;VARIOS;GOLOSINAS;GOLOSINAS;7791120102585
172;ARROZ MUCHO GUSTO 500G X 10;7000;;;;;VARIOS;GOLOSINAS;GOLOSINAS;542591
173;ARROZ MUCHO GUSTO KG;1450;;;;;VARIOS;GOLOSINAS;GOLOSINAS;7791120102592
174;ARROZ MUCHO GUSTO KG X10;13000;;;;;VARIOS;GOLOSINAS;GOLOSINAS;542592
175;ARROZ PELEADOR 500 GRMS;49;;;;;VARIOS;GOLOSINAS;GOLOSINAS;7790022000289
176;ARTICULO VARIOS;1;;;;;VARIOS;GOLOSINAS;GOLOSINAS;12
177;ATB OBLEA  FRUTILLA 18G;120;;;;;VARIOS;GOLOSINAS;GOLOSINAS;7798074490164
178;ATB OBLEA CHOCOLATE 46G;270;;;;;VARIOS;GOLOSINAS;GOLOSINAS;7798074490072
179;ATB OBLEA FRUTILLA 46G;270;;;;;VARIOS;GOLOSINAS;GOLOSINAS;7798074490010
180;ATB OBLEA FRUTILLA18G;120;;;;;VARIOS;GOLOSINAS;GOLOSINAS;7798074490157
181;ATB OBLEA LIMON;270;;;;;VARIOS;GOLOSINAS;GOLOSINAS;7798074490058
182;ATB OBLEA VAINILLA 46G;260;;;;;VARIOS;GOLOSINAS;GOLOSINAS;7798074490041
183;ATB OBLEA VAINILLA 46G;270;;;;;VARIOS;GOLOSINAS;GOLOSINAS;7798074490614
184;AXE DESODORANTE;520;;;;;VARIOS;GOLOSINAS;GOLOSINAS;7791293043791
185;AXE DESODORANTE MUSK;520;;;;;VARIOS;GOLOSINAS;GOLOSINAS;7791293043807
186;AZUCAR;700;;;;;VARIOS;GOLOSINAS;GOLOSINAS;7798135090012
187;AZUQUITA CON BILLETES X50;200;;;;;VARIOS;GOLOSINAS;GOLOSINAS;7790828130081
188;AZUQUITA CON FIGURA X50;210;;;;;VARIOS;GOLOSINAS;GOLOSINAS;999033
189;AZUQUITA TROMPITO X40;125;;;;;VARIOS;GOLOSINAS;GOLOSINAS;7799614966460
190;AZUQUITA X50;120;;;;;VARIOS;GOLOSINAS;GOLOSINAS;999010
191;BABY DOLL ACIDO;500;;;;;VARIOS;GOLOSINAS;GOLOSINAS;7792860015609
192;BABY DOLL ESTUCHE X3;70;;;;;VARIOS;GOLOSINAS;GOLOSINAS;7792860002463
193;BABY DOLL ESTUCHE X4;500;;;;;VARIOS;GOLOSINAS;GOLOSINAS;7792860016217
194;BABY DOLL X12;800;;;;;VARIOS;GOLOSINAS;GOLOSINAS;7792860012462
195;BABY DOLL X18;8800;;;;;VARIOS;GOLOSINAS;GOLOSINAS;7792860004412
196;BABY DOLL X40;3100;;;;;VARIOS;GOLOSINAS;GOLOSINAS;7792860002586
197;BABY DOLL X40 CHUPETIN MASTICABLE UVA;3100;;;;;VARIOS;GOLOSINAS;GOLOSINAS;7792860002777
714604564;BAGGIO 125;300;;;;;;;;7790036000657
714604566;BAGGIO 200 MANZANA;500;;;;;VARIOS;GOLOSINAS;GOLOSINAS;7790036000572
198;BAGGIO PRONTO 1L DURAZNO;1000;;;;;VARIOS;GOLOSINAS;GOLOSINAS;7790036000480
714604565;BAGGIO X 200 MULTI;500;;;;;VARIOS;GOLOSINAS;GOLOSINAS;7790036000619
199;BALL CHOC CHOCOLATE  X70G X 26;3500;;;;;VARIOS;GOLOSINAS;GOLOSINAS;17795522003249
200;BALONCITOS CHOCOLATADOS;1020;;;;;VARIOS;GOLOSINAS;GOLOSINAS;7790045000457
201;BANDEJA CARTON  N5 X5;90;;;;;VARIOS;GOLOSINAS;GOLOSINAS;CN5
202;BANDEJA CARTON N2 X5;45;;;;;VARIOS;GOLOSINAS;GOLOSINAS;4849
203;BANDEJA CARTON N3 X5;60;;;;;VARIOS;GOLOSINAS;GOLOSINAS;CN3
204;BANDEJA CARTON N4 X5;80;;;;;VARIOS;GOLOSINAS;GOLOSINAS;CN4
205;BANDEJA CARTON REDONDA CHICA X5;60;;;;;VARIOS;GOLOSINAS;GOLOSINAS;870
206;BANDEJA CARTON RENDONDA GRANDE;10;;;;;VARIOS;GOLOSINAS;GOLOSINAS;871
207;BANDEJA PLASTICA 107 X5;325;;;;;VARIOS;GOLOSINAS;GOLOSINAS;12423
208;BANDEJA PLASTICO 101 X5;140;;;;;VARIOS;GOLOSINAS;GOLOSINAS;P101
209;BANDEJA PLASTICO 102 X5;175;;;;;VARIOS;GOLOSINAS;GOLOSINAS;P102
210;BANDEJA PLASTICO 103 X5;195;;;;;VARIOS;GOLOSINAS;GOLOSINAS;P103
211;BANDEJA PLASTICO 105 X5;280;;;;;VARIOS;GOLOSINAS;GOLOSINAS;P105
212;BANDEJA TERGOPOL RECTANGULAR;15;;;;;VARIOS;GOLOSINAS;GOLOSINAS;999806
213;BANDEJA TERGOPOL RECTANLAR X5;30;;;;;VARIOS;GOLOSINAS;GOLOSINAS;324
214;BANDEJA TERGOPOL REDONDA;50;;;;;VARIOS;GOLOSINAS;GOLOSINAS;59
215;BANDERINES FELIZ CUMPLEAÑOS;600;;;;;VARIOS;GOLOSINAS;GOLOSINAS;202190202732
216;BANDERINES FELIZ CUMPLEAÑOS;600;;;;;VARIOS;GOLOSINAS;GOLOSINAS;202190202831
217;BARRA CROWIE FRUTILLA;30;;;;;VARIOS;GOLOSINAS;GOLOSINAS;7798228640032
218;BARRA DE ARROZ CON MANI;16;;;;;VARIOS;GOLOSINAS;GOLOSINAS;77964199
219;BARRA DE ARROZ CON MANI BAÑADA;34;;;;;VARIOS;GOLOSINAS;GOLOSINAS;77964205
220;BARRA DE ARROZ INFLADO X30 PAYSANDU;1650;;;;;VARIOS;GOLOSINAS;GOLOSINAS;7798070550299
714604713;BARRA DE ARROZ MANI Y MIEL;650;;;;;;;;7798180700980
714604714;BARRA DE ARROZ TRADICIONAL ;650;;;;;;;;7798180700973
221;BARRA DE CEREAL ALMENDRAS Y MANI X6;3000;;;;;VARIOS;GOLOSINAS;GOLOSINAS;7790380020264
222;BARRA DE CEREAL CROWIE CHOCOLATE;30;;;;;VARIOS;GOLOSINAS;GOLOSINAS;7798228640025
223;BARRA DE CEREAL CROWIE CHOCOLATE NEGRO;30;;;;;VARIOS;GOLOSINAS;GOLOSINAS;7798228640018
224;BARRA DE CEREAL CROWIE COCO;30;;;;;VARIOS;GOLOSINAS;GOLOSINAS;7798228640278
225;BARRA DE CEREAL CROWIE LIMON;30;;;;;VARIOS;GOLOSINAS;GOLOSINAS;7798228640223
226;BARRA DE CEREAL CROWIE MARROC;30;;;;;VARIOS;GOLOSINAS;GOLOSINAS;7798228640261
227;BARRA DE CEREAL FLOW CHIPS Y ALMENDRAS;750;;;;;VARIOS;GOLOSINAS;GOLOSINAS;7790380020004
228;BARRA DE CEREAL FLOW CIRUELA;45;;;;;VARIOS;GOLOSINAS;GOLOSINAS;7790380015215
229;BARRA DE CEREAL FLOW CON FRUTAS;750;;;;;VARIOS;GOLOSINAS;GOLOSINAS;7790380014928
230;BARRA DE CEREAL FLOW CON YOGUR;750;;;;;VARIOS;GOLOSINAS;GOLOSINAS;7790380016199
231;BARRA DE CEREAL FLOW FRUTOS DEL BOSQUE;750;;;;;VARIOS;GOLOSINAS;GOLOSINAS;7790380020028
232;BARRA DE CEREAL FLOW MANZANA;750;;;;;VARIOS;GOLOSINAS;GOLOSINAS;7790380008286
233;BARRA DE CEREAL PISO DE CHOLATE X6;3000;;;;;VARIOS;GOLOSINAS;GOLOSINAS;7790380020257
234;BARRA FEL FORT;300;;;;;VARIOS;GOLOSINAS;GOLOSINAS;7790206514397
235;BARRA FLOW AVELL Y ARANDANOS X20;8200;;;;;VARIOS;GOLOSINAS;GOLOSINAS;7790380420279
714604717;BARRA FLOW CHOC Y NARANJA;750;;;;;;;;7790380020332
714604718;BARRA FLOW CHOCO LIMON;750;;;;;;;;7790380020318
236;BARRA FLOW CON FRUTAS X20;13400;;;;;VARIOS;GOLOSINAS;GOLOSINAS;7790380414926
237;BARRA FLOW CON PISO DE CHOCOLATE X20;8200;;;;;VARIOS;GOLOSINAS;GOLOSINAS;7790380420248
714604598;BARRA FLOW X 20;13400;;;;;VARIOS;GOLOSINAS;GOLOSINAS;7790380416197
238;BARRA GRANOLA CON SEMILLAS X20;17300;;;;;VARIOS;GOLOSINAS;GOLOSINAS;7790380415022
239;BARRA SIN AZUCAR X20;7000;;;;;VARIOS;GOLOSINAS;GOLOSINAS;7790380420293
240;BARRA TODDY CHOCOMIX;350;;;;;VARIOS;GOLOSINAS;GOLOSINAS;7790380020356
241;BARRITA ARROZ DULCE DE LECHE;20;;;;;VARIOS;GOLOSINAS;GOLOSINAS;77919335
242;BARRITA DE ARROZ BLANCO;20;;;;;VARIOS;GOLOSINAS;GOLOSINAS;77919311
243;BARRITA DE MANI CON CROCANTE DE ARROZ;25;;;;;VARIOS;GOLOSINAS;GOLOSINAS;7792860002258
244;BEBETO MINI BEARS GOMITA;2800;;;;;VARIOS;GOLOSINAS;GOLOSINAS;8690146134381
245;BELDENT CAJA MENTA;10500;;;;;VARIOS;GOLOSINAS;GOLOSINAS;7622201149222
246;BELDENT CHICLE GLOBO;9900;;;;;VARIOS;GOLOSINAS;GOLOSINAS;7622201148874
247;BELDENT CHICLE GLOBO XU;700;;;;;VARIOS;GOLOSINAS;GOLOSINAS;77969101
248;BELDENT FRUTILLA;10600;;;;;VARIOS;GOLOSINAS;GOLOSINAS;7622201149185
249;BELDENT MANDARINA;9900;;;;;VARIOS;GOLOSINAS;GOLOSINAS;7622201682415
250;BELDENT MANDARINA XU;700;;;;;VARIOS;GOLOSINAS;GOLOSINAS;77981844
251;BELDENT MENTA FUERTE;13580;;;;;VARIOS;GOLOSINAS;GOLOSINAS;7622201149208
252;BELDENT MENTA FUERTE XU;700;;;;;VARIOS;GOLOSINAS;GOLOSINAS;77969088
253;BELDENT MENTA XU;700;;;;;VARIOS;GOLOSINAS;GOLOSINAS;77969071
254;BELDENT MENTOL;9900;;;;;VARIOS;GOLOSINAS;GOLOSINAS;7622201149079
255;BELDENT MENTOL XU;700;;;;;VARIOS;GOLOSINAS;GOLOSINAS;77969095
256;BELDENT SANDIA;10500;;;;;VARIOS;GOLOSINAS;GOLOSINAS;7622201387358
257;BELDENT SANDIA XU;700;;;;;VARIOS;GOLOSINAS;GOLOSINAS;77987686
258;BELDENT XU;700;;;;;VARIOS;GOLOSINAS;GOLOSINAS;77969118
259;BENGALA B10;150;;;;;VARIOS;GOLOSINAS;GOLOSINAS;7798149233399
260;BENGALITA CUMPLEAÑOS;350;;;;;VARIOS;GOLOSINAS;GOLOSINAS;34
261;BENGALITA CUMPLEAÑOS X4;1200;;;;;VARIOS;GOLOSINAS;GOLOSINAS;99102
262;BICARBONATO;22;;;;;VARIOS;GOLOSINAS;GOLOSINAS;7796373222707
263;BIG PAPA;8000;;;;;VARIOS;GOLOSINAS;GOLOSINAS;11172
264;BISCOCHO DON SATUR DULCE;1200;;;;;VARIOS;GOLOSINAS;GOLOSINAS;7795735000335
265;BIZCOCHO CARICIA;85;;;;;VARIOS;GOLOSINAS;GOLOSINAS;7798010260028
266;BIZCOCHO CLIO AZUCARADO;40;;;;;VARIOS;GOLOSINAS;GOLOSINAS;7795643000458
267;BIZCOCHO CLIO DE GRASA;40;;;;;VARIOS;GOLOSINAS;GOLOSINAS;7795643000465
268;BIZCOCHO DULCIPAS;27,5;;;;;VARIOS;GOLOSINAS;GOLOSINAS;7790726120054
269;BIZCOCHO DULCIPAZ DULCE;27,5;;;;;VARIOS;GOLOSINAS;GOLOSINAS;7790726120061
270;BIZCOCHO LA CUMBRE CLASICO;30;;;;;VARIOS;GOLOSINAS;GOLOSINAS;4555404110
271;BIZCOCHO LA CUMBRE MATERO;30;;;;;VARIOS;GOLOSINAS;GOLOSINAS;64554041101
272;BIZCOCHO LA CUMBRE SEMILLAS;30;;;;;VARIOS;GOLOSINAS;GOLOSINAS;645554001082
273;BIZCOCHO NEGRO QUE RICO!;2350;;;;;VARIOS;GOLOSINAS;GOLOSINAS;11146
274;BIZCOCHO PINDY;32;;;;;VARIOS;GOLOSINAS;GOLOSINAS;7798082745249
275;BIZCOCHO SATUR;1200;;;;;VARIOS;GOLOSINAS;GOLOSINAS;7795735000328
276;BIZCOCHO SOLITA 180G;400;;;;;VARIOS;GOLOSINAS;GOLOSINAS;7792684003691
277;BIZCOCHO SOLITA X300;535;;;;;VARIOS;GOLOSINAS;GOLOSINAS;7792684003714
278;BIZCOCHOS SALADOS LA PROVIDENCIA;790;;;;;VARIOS;GOLOSINAS;GOLOSINAS;7798141972920
279;BLOBO CORAZON METALIZADO;70;;;;;VARIOS;GOLOSINAS;GOLOSINAS;99844
280;BLONDA RECTANGULAR GRANDE;80;;;;;VARIOS;GOLOSINAS;GOLOSINAS;884
281;BOCADITO LHERITIER X52U;2900;;;;;VARIOS;GOLOSINAS;GOLOSINAS;7792860002456
282;BOCADITO MARROC CAJAX60;5000;;;;;VARIOS;GOLOSINAS;GOLOSINAS;7790206006106
283;BOCADITO MARROC XU;90;;;;;VARIOS;GOLOSINAS;GOLOSINAS;542553
284;BOCADITO NEVARES XU;250;;;;;VARIOS;GOLOSINAS;GOLOSINAS;7798094226330
285;BOCADITO OBLITA DULCE DE LECHE;510;;;;;VARIOS;GOLOSINAS;GOLOSINAS;7793123160920
286;BOCADITO TURIMAR X12;240;;;;;VARIOS;GOLOSINAS;GOLOSINAS;7797675000451
287;BOCADITOS NEVARE X15;3500;;;;;VARIOS;GOLOSINAS;GOLOSINAS;7798094226347
288;BOLON BURBUJERO;430;;;;;VARIOS;GOLOSINAS;GOLOSINAS;999995
289;BOLON CON JEEP CAMIO;250;;;;;VARIOS;GOLOSINAS;GOLOSINAS;7796525063240
290;BOLON CON JUGUETE;250;;;;;VARIOS;GOLOSINAS;GOLOSINAS;7799614966538
291;BOLON FIGURA FROOZEN;250;;;;;VARIOS;GOLOSINAS;GOLOSINAS;7799614942419
292;BOLON FIGURA HOMBRE ARAÑA;250;;;;;VARIOS;GOLOSINAS;GOLOSINAS;7798127667482
293;BOLON HALL C/MURCIEGALO;325;;;;;VARIOS;GOLOSINAS;GOLOSINAS;7796523537187
294;BOLON MULTICOLOR X30;350;;;;;VARIOS;GOLOSINAS;GOLOSINAS;999015
295;BOLON PEPA X20;250;;;;;VARIOS;GOLOSINAS;GOLOSINAS;7796812063250
296;BOLON X20 ARGENTINA;590;;;;;VARIOS;GOLOSINAS;GOLOSINAS;999257
297;BOLON X20 BOCA;590;;;;;VARIOS;GOLOSINAS;GOLOSINAS;999042
298;BOLON X20 RIVER;590;;;;;VARIOS;GOLOSINAS;GOLOSINAS;999043
299;BOLSA 15X25;65;;;;;VARIOS;GOLOSINAS;GOLOSINAS;47
300;BOLSA 20X30 O 25X35;170;;;;;VARIOS;GOLOSINAS;GOLOSINAS;48
301;BOLSA C/ MANIJA 30X40;210;;;;;VARIOS;GOLOSINAS;GOLOSINAS;4852
302;BOLSA C/MANIJA 40X50;400;;;;;VARIOS;GOLOSINAS;GOLOSINAS;50
303;BOLSA C/MANIJA 50X70;1300;;;;;VARIOS;GOLOSINAS;GOLOSINAS;4853
304;BOLSA CHICA;50;;;;;VARIOS;GOLOSINAS;GOLOSINAS;11
305;BOLSA CON MANIJA BLANCA;400;;;;;VARIOS;GOLOSINAS;GOLOSINAS;330
306;BOLSA CON MANIJA X3;1000;;;;;VARIOS;GOLOSINAS;GOLOSINAS;49
307;BOLSA DE CONSORCIO;220;;;;;VARIOS;GOLOSINAS;GOLOSINAS;542602
308;BOLSA DE ESPADINES X100;70;;;;;VARIOS;GOLOSINAS;GOLOSINAS;999967
309;BOLSA DE PAPEL CHICA;150;;;;;VARIOS;GOLOSINAS;GOLOSINAS;320
310;BOLSA DE PAPEL PICADO GRANDE;150;;;;;VARIOS;GOLOSINAS;GOLOSINAS;322
311;BOLSA DE RESIDUO;230;;;;;VARIOS;GOLOSINAS;GOLOSINAS;6558
77995150;BOLSA DE TELA ;1100;;;;;VARIOS;GOLOSINAS;GOLOSINAS;779951503
312;BOLSA EMBLOCADA 15X25;210;;;;;VARIOS;GOLOSINAS;GOLOSINAS;53
313;BOLSA EMBLOCADA 20X30;300;;;;;VARIOS;GOLOSINAS;GOLOSINAS;54
314;BOLSA EMBLOCADA 25X35;500;;;;;VARIOS;GOLOSINAS;GOLOSINAS;56
315;BOLSA EMBLOCADA 30-40;700;;;;;VARIOS;GOLOSINAS;GOLOSINAS;6559
316;BOLSA EMBLOCADA 35-45;950;;;;;VARIOS;GOLOSINAS;GOLOSINAS;999966
317;BOLSA GRANDE;20;;;;;VARIOS;GOLOSINAS;GOLOSINAS;13
318;BOLSA P/CHIZITO;500;;;;;VARIOS;GOLOSINAS;GOLOSINAS;51
319;BOLSA P/CONDIMENTO;360;;;;;VARIOS;GOLOSINAS;GOLOSINAS;52
320;BOLSA P/FIDEO;300;;;;;VARIOS;GOLOSINAS;GOLOSINAS;924
321;BOLSA PARA PALITO DE BROCHET;300;;;;;VARIOS;GOLOSINAS;GOLOSINAS;4833
322;BOLSITAS P/ CUMPLEAÑOS PLASTICA;600;;;;;VARIOS;GOLOSINAS;GOLOSINAS;6583
323;BOLSITAS P/ CUMPLEAÑOS X10;800;;;;;VARIOS;GOLOSINAS;GOLOSINAS;999956
324;BOM BOM OBLIBOM BLANCO X30;1320;;;;;VARIOS;GOLOSINAS;GOLOSINAS;7793123160401
325;BOM O BON DULCE DE LECHE X12U;4200;;;;;VARIOS;GOLOSINAS;GOLOSINAS;7790580129781
326;BOMBA DE PAPEL;1400;;;;;VARIOS;GOLOSINAS;GOLOSINAS;7798326452292
327;BOMBA DE PAPEL AIRE COMPRIMIDO ESTRELLAS;1400;;;;;VARIOS;GOLOSINAS;GOLOSINAS;7865432165498
328;BOMBA DE PAPEL CANDELA;1400;;;;;VARIOS;GOLOSINAS;GOLOSINAS;7798130957532
329;BOMBA DE PAPEL CELESTE Y BLANCO;1400;;;;;VARIOS;GOLOSINAS;GOLOSINAS;7332401617338
330;BOMBA DE PAPEL GRANDE;1400;;;;;VARIOS;GOLOSINAS;GOLOSINAS;7330401517330
331;BOMBOM BELL X 50U;6100;;;;;VARIOS;GOLOSINAS;GOLOSINAS;7896066766584
332;BOMBOM BELL X50;6000;;;;;VARIOS;GOLOSINAS;GOLOSINAS;78960667670177800000000000
333;BOMBOM BOM O BOM NEGRO X 30;15200;;;;;VARIOS;GOLOSINAS;GOLOSINAS;7790580119133
334;BOMBOM BOM O BOM SURTIDO;9999;;;;;VARIOS;GOLOSINAS;GOLOSINAS;7790580119126
335;BOMBOM BOM O BOM UNIDAD NEGRO;450;;;;;VARIOS;GOLOSINAS;GOLOSINAS;77961815
336;BOMBOM BOM O BOM X 30;11760;;;;;VARIOS;GOLOSINAS;GOLOSINAS;7790580119058
337;BOMBOM CLASICO X 18;9200;;;;;VARIOS;GOLOSINAS;GOLOSINAS;7790580119157
338;BOMBOM DANCING;4660;;;;;VARIOS;GOLOSINAS;GOLOSINAS;7794612157100
339;BOMBOM DE FRUTA X10;190;;;;;VARIOS;GOLOSINAS;GOLOSINAS;7798149112205
340;BOMBOM DE FRUTA X36;400;;;;;VARIOS;GOLOSINAS;GOLOSINAS;7798149111710
341;BOMBOM DOS CORAZONES X 20;2980;;;;;VARIOS;GOLOSINAS;GOLOSINAS;7790206007509
342;BOMBOM DOS CORAZONES X1;250;;;;;VARIOS;GOLOSINAS;GOLOSINAS;77907509
343;BOMBOM GAROTO CAJA;270;;;;;VARIOS;GOLOSINAS;GOLOSINAS;7891008113952
344;BOMBOM HAMLET;200;;;;;VARIOS;GOLOSINAS;GOLOSINAS;77959041
345;BOMBOM JAZAM;260;;;;;VARIOS;GOLOSINAS;GOLOSINAS;7896383052995
346;BOMBOM NEVARE;38;;;;;VARIOS;GOLOSINAS;GOLOSINAS;7798094220864
347;BOMBOM NEVARE X10;390;;;;;VARIOS;GOLOSINAS;GOLOSINAS;7798094221885
348;BOMBOM NEVARE X30;820;;;;;VARIOS;GOLOSINAS;GOLOSINAS;7798094220871
349;BOMBOM NEVARE X57;1850;;;;;VARIOS;GOLOSINAS;GOLOSINAS;17798094220861
350;BOMBOM OBLIBOM BLANCO XU;70;;;;;VARIOS;GOLOSINAS;GOLOSINAS;77925770
351;BOMBOM OBLIBOM BOMBONERA;1400;;;;;VARIOS;GOLOSINAS;GOLOSINAS;7793123020248
352;BOMBOM OBLIBOM CLASICO BLANCO X 30;4720;;;;;VARIOS;GOLOSINAS;GOLOSINAS;7793123000059
353;BOMBOM OBLIBOM CLASICO NEGRO X 30;4720;;;;;VARIOS;GOLOSINAS;GOLOSINAS;7793123000042
354;BOMBOM OBLIBOM COFRE;400;;;;;VARIOS;GOLOSINAS;GOLOSINAS;7793123020279
355;BOMBOM OBLIBOM CRACSH X 30;1400;;;;;VARIOS;GOLOSINAS;GOLOSINAS;7793123020903
356;BOMBOM OBLIBOM FRUTILLA X 30;1400;;;;;VARIOS;GOLOSINAS;GOLOSINAS;7793123160784
357;BOMBOM OBLIBOM GRANA X 30;4300;;;;;VARIOS;GOLOSINAS;GOLOSINAS;7793123000066
358;BOMBOM OBLIBOM HEAXAGONAL;160;;;;;VARIOS;GOLOSINAS;GOLOSINAS;7793123161064
359;BOMBOM OBLIBOM MIX;3800;;;;;VARIOS;GOLOSINAS;GOLOSINAS;7793123160616
360;BOMBOM OBLIBON X UNIDAD;68;;;;;VARIOS;GOLOSINAS;GOLOSINAS;77971821
361;BOMBOM SELECCION;1900;;;;;VARIOS;GOLOSINAS;GOLOSINAS;7790580107192
362;BOMBOM SELECCION ARCOR  EN CASA;9690;;;;;VARIOS;GOLOSINAS;GOLOSINAS;7790580131388
363;BOMBOM SELECCION KIOSCO EN CASA;10450;;;;;VARIOS;GOLOSINAS;GOLOSINAS;7790580131371
364;BOMBOM SMACK X 30U;5200;;;;;VARIOS;GOLOSINAS;GOLOSINAS;7798094221816
365;BOMBOM SMILE X50;2500;;;;;VARIOS;GOLOSINAS;GOLOSINAS;7798178801835
366;BOMBOM SURTIDO ESPECIAL CHOCOLATES;500;;;;;VARIOS;GOLOSINAS;GOLOSINAS;7794612157902
367;BOMBOM XU;550;;;;;VARIOS;GOLOSINAS;GOLOSINAS;77958921
77995129;BOMBON BEL X20 ;3700;;;;;VARIOS;GOLOSINAS;GOLOSINAS;7896066768755
77995133;BOMBON BEL X36;6100;;;;;VARIOS;GOLOSINAS;GOLOSINAS;7896066769448
368;BOMBON DE FRUTA BILLIKEN 350G;3300;;;;;VARIOS;GOLOSINAS;GOLOSINAS;7792222003442
369;BOMBON HAMLET;5100;;;;;VARIOS;GOLOSINAS;GOLOSINAS;7794612119184
370;BOMBON MILKA;700;;;;;VARIOS;GOLOSINAS;GOLOSINAS;77971630
714604644;BOMBON MILKA ;750;;;;;VARIOS;GOLOSINAS;GOLOSINAS;77971630
714604609;BOMBON MILKA OREO;7770;;;;;VARIOS;GOLOSINAS;GOLOSINAS;7622202399107
371;BOMBON MILKA OREO;1900;;;;;VARIOS;GOLOSINAS;GOLOSINAS;7622201420048
372;BOMBON SURTIDO ESPECIAL;3000;;;;;VARIOS;GOLOSINAS;GOLOSINAS;7790580138370
373;BOMBONES FRUTALES ARCOR;840;;;;;VARIOS;GOLOSINAS;GOLOSINAS;7790580106935
77995206;BOMBONES TRENTO;5200;;;;;VARIOS;GOLOSINAS;GOLOSINAS;7896306624650
374;BOMBUCHA CANDELA;700;;;;;VARIOS;GOLOSINAS;GOLOSINAS;7798130950212
375;BOMBUCHA CANDELA X50;23000;;;;;VARIOS;GOLOSINAS;GOLOSINAS;7798130957853
376;BOMBUCHA TUKY;900;;;;;VARIOS;GOLOSINAS;GOLOSINAS;7791806005001
377;BOMBUCHAS TUKY X30;25500;;;;;VARIOS;GOLOSINAS;GOLOSINAS;147791806005009
378;BON CANDI CAJA;300;;;;;VARIOS;GOLOSINAS;GOLOSINAS;7798040591567
379;BON O BON;550;;;;;VARIOS;GOLOSINAS;GOLOSINAS;77953537
380;BON O BON;370;;;;;VARIOS;GOLOSINAS;GOLOSINAS;77975270
381;BON O BON;450;;;;;VARIOS;GOLOSINAS;GOLOSINAS;77956712
382;BON O BON AGUILA X30;9120;;;;;VARIOS;GOLOSINAS;GOLOSINAS;7790580102517
383;BON O BON BLANCO X30 U;5060;;;;;VARIOS;GOLOSINAS;GOLOSINAS;7790580119065
384;BON O BON CHOCOLINAS X18U;9150;;;;;VARIOS;GOLOSINAS;GOLOSINAS;7790580117771
77995040;BON O BON COCO;450;;;;;VARIOS;GOLOSINAS;GOLOSINAS;77990679
77995037;BON O BON COCO;7830;;;;;VARIOS;GOLOSINAS;GOLOSINAS;7790580146368
714604648;BON O BON COKIES;7900;;;;;;;;7790580152925
385;BONAFIDE MONEDAS 500G;2000;;;;;VARIOS;GOLOSINAS;GOLOSINAS;7802215105203
386;BOOM CANDY UNIDAD;16;;;;;VARIOS;GOLOSINAS;GOLOSINAS;7798040591574
387;BOTE BEBOTE;1800;;;;;VARIOS;GOLOSINAS;GOLOSINAS;542562
388;BOTE BELL;1000;;;;;VARIOS;GOLOSINAS;GOLOSINAS;11116
389;BOTE CARAMELO LHERITIER;3800;;;;;VARIOS;GOLOSINAS;GOLOSINAS;7792860005631
390;BOTE CHICLE;1100;;;;;VARIOS;GOLOSINAS;GOLOSINAS;11128
391;BOTE DANCIG;1100;;;;;VARIOS;GOLOSINAS;GOLOSINAS;11126
392;BOTE DOS BOMBONES;1500;;;;;VARIOS;GOLOSINAS;GOLOSINAS;11127
393;BOTE GOMITAS;1800;;;;;VARIOS;GOLOSINAS;GOLOSINAS;B
394;BOTE MASTICABLE ANIMAL CREMY;2900;;;;;VARIOS;GOLOSINAS;GOLOSINAS;7792860005709
395;BOTE NO HAY PLATA;800;;;;;VARIOS;GOLOSINAS;GOLOSINAS;11117
396;BOTE PICO DULCE X 48 CORONA;8200;;;;;VARIOS;GOLOSINAS;GOLOSINAS;7792860001114
397;BOTELLITAS CON CONFITE;65;;;;;VARIOS;GOLOSINAS;GOLOSINAS;99835
714604569;BUDIN ARCOR ;1000;;;;;VARIOS;GOLOSINAS;GOLOSINAS;7790040127173
714604572;BUDIN BAGLEY SIN FRUTAS ;1000;;;;;VARIOS;GOLOSINAS;GOLOSINAS;7790040127227
398;BUDIN COMPANY;27;;;;;VARIOS;GOLOSINAS;GOLOSINAS;7790077001101
399;BUDIN DON MIGUEL CHIPS DE DULCE;800;;;;;VARIOS;GOLOSINAS;GOLOSINAS;7798024299106
400;BUDIN DON MIGUEL CON CHIPS DE CHOCOLATE;800;;;;;VARIOS;GOLOSINAS;GOLOSINAS;7798024299045
401;BUDIN DON MIGUEL FRUTA;500;;;;;VARIOS;GOLOSINAS;GOLOSINAS;7798024299021
402;BUDIN DON MIGUEL MARMOLADO;800;;;;;VARIOS;GOLOSINAS;GOLOSINAS;7798024299038
403;BUDIN DON MIGUEL VAINILLA;800;;;;;VARIOS;GOLOSINAS;GOLOSINAS;7798024299014
404;BUDIN DOS EN UNO;300;;;;;VARIOS;GOLOSINAS;GOLOSINAS;7798178802313
405;BUDIN DOS EN UNO CHIPS;300;;;;;VARIOS;GOLOSINAS;GOLOSINAS;7798178802320
406;BUDIN DOS EN UNO FRUTAS;300;;;;;VARIOS;GOLOSINAS;GOLOSINAS;7798178802306
407;BUDIN DOSENUNO VAINILLA;300;;;;;VARIOS;GOLOSINAS;GOLOSINAS;7798178802290
408;BUDIN FANTASIA LIMON;1100;;;;;VARIOS;GOLOSINAS;GOLOSINAS;7798094222325
409;BUDIN FANTASIA NEVARE;1100;;;;;VARIOS;GOLOSINAS;GOLOSINAS;7798094222318
410;BUDIN LHERITIER CHOCOLATE;1350;;;;;VARIOS;GOLOSINAS;GOLOSINAS;7791118012742
411;BUDIN LHERITIER VAINILLA;1350;;;;;VARIOS;GOLOSINAS;GOLOSINAS;7791118012735
412;BUDIN NATALE  VAINILLA;650;;;;;VARIOS;GOLOSINAS;GOLOSINAS;7798094222813
413;BUDIN NATALE CON FRUTAS;500;;;;;VARIOS;GOLOSINAS;GOLOSINAS;7798094222806
414;BUDIN NATALE MARMOLADO;650;;;;;VARIOS;GOLOSINAS;GOLOSINAS;7798094222820
415;BUDIN NEVARE C/FRUTAS;1400;;;;;VARIOS;GOLOSINAS;GOLOSINAS;7798094222714
416;BUDIN NEVARE CON CHIPS DE CHOCOLATE;1400;;;;;VARIOS;GOLOSINAS;GOLOSINAS;7798094222752
417;BUDIN NEVARES DELICIAS;1100;;;;;VARIOS;GOLOSINAS;GOLOSINAS;7798094222851
418;BUDIN NEVARES DELICIAS 180G;990;;;;;VARIOS;GOLOSINAS;GOLOSINAS;7798094222868
419;BUDIN NEVARES MARMOLADO 250G;1400;;;;;VARIOS;GOLOSINAS;GOLOSINAS;7798094222035
420;BUDIN NEVARES VAINILLA;1100;;;;;VARIOS;GOLOSINAS;GOLOSINAS;7798094222721
421;BUDIN POZO CHIPS;500;;;;;VARIOS;GOLOSINAS;GOLOSINAS;7790077000524
422;BUDIN POZO CHOCOLATE;500;;;;;VARIOS;GOLOSINAS;GOLOSINAS;7790077001095
423;BUDIN POZO DULCE DE LECHE;500;;;;;VARIOS;GOLOSINAS;GOLOSINAS;7790077000241
424;BUDIN POZO FRUTA;500;;;;;VARIOS;GOLOSINAS;GOLOSINAS;7790077000432
425;BUDIN POZO FRUTOS DEL BOSQUE;500;;;;;VARIOS;GOLOSINAS;GOLOSINAS;7790077001057
426;BUDIN POZO MARMOLADO;500;;;;;VARIOS;GOLOSINAS;GOLOSINAS;7790077000487
427;BUDIN POZO RELLENO CHOCOLA;500;;;;;VARIOS;GOLOSINAS;GOLOSINAS;7790077000272
428;BUDIN POZO VAINILLA;500;;;;;VARIOS;GOLOSINAS;GOLOSINAS;7790077000425
429;BUDIN ZUPAY CON CHIPS;39;;;;;VARIOS;GOLOSINAS;GOLOSINAS;7790349000283
430;BUDIN ZUPAY DE VCAINILLA;39;;;;;VARIOS;GOLOSINAS;GOLOSINAS;7790349851069
431;BUDIN ZUPAY MARMOLADO;39;;;;;VARIOS;GOLOSINAS;GOLOSINAS;7790349851083
432;BUFFY FRUTAL MORADO 200G;520;;;;;VARIOS;GOLOSINAS;GOLOSINAS;7798178801767
433;BUFFY TOP X50;1590;;;;;VARIOS;GOLOSINAS;GOLOSINAS;7798178802344
434;BUFFYS CHOCOCHIPS 400G;3600;;;;;VARIOS;GOLOSINAS;GOLOSINAS;7798178802191
435;BUFFYS PELOTA GOL;500;;;;;VARIOS;GOLOSINAS;GOLOSINAS;41
436;BUFFYS PELOTA GOLX24;10000;;;;;VARIOS;GOLOSINAS;GOLOSINAS;7798178802450
437;BUFFYS TOP X50;1590;;;;;VARIOS;GOLOSINAS;GOLOSINAS;7798178802337
438;BULL DOG CAJA CRAZY X10;5900;;;;;VARIOS;GOLOSINAS;GOLOSINAS;7798186030333
439;BULL DOG CAJA MANZANA;4500;;;;;VARIOS;GOLOSINAS;GOLOSINAS;7798162584393
440;BULL DOG CAJA MANZANA;4500;;;;;VARIOS;GOLOSINAS;GOLOSINAS;7798186030579
441;BULL DOG CAJA MIX;4500;;;;;VARIOS;GOLOSINAS;GOLOSINAS;7798186030586
442;BULL DOG CAJA NARANJA;4500;;;;;VARIOS;GOLOSINAS;GOLOSINAS;7798176191327
443;BULL DOG CAJA SANDIA;4500;;;;;VARIOS;GOLOSINAS;GOLOSINAS;7798162584379
444;BULL DOG CAJA TUTI FRUTI;4500;;;;;VARIOS;GOLOSINAS;GOLOSINAS;7798186030562
445;BULL DOG CAJA TUTTI;4500;;;;;VARIOS;GOLOSINAS;GOLOSINAS;7798162584386
446;BULL DOG CAJA UVA;4500;;;;;VARIOS;GOLOSINAS;GOLOSINAS;7798176199996
447;BULL DOG CRAZY;600;;;;;VARIOS;GOLOSINAS;GOLOSINAS;7798186030326
448;BULL DOG LIMON XTREMA U;350;;;;;VARIOS;GOLOSINAS;GOLOSINAS;7798186034164
449;BULL DOG MANZANA;350;;;;;VARIOS;GOLOSINAS;GOLOSINAS;7798162584317
450;BULL DOG MIX;350;;;;;VARIOS;GOLOSINAS;GOLOSINAS;7798186030531
451;BULL DOG MIX UVA;400;;;;;VARIOS;GOLOSINAS;GOLOSINAS;7798186030555
452;BULL DOG NARANJA;350;;;;;VARIOS;GOLOSINAS;GOLOSINAS;7798176191310
453;BULL DOG SANDIA/MANZANA;350;;;;;VARIOS;GOLOSINAS;GOLOSINAS;7798186030548
454;BULL DOG TUTTI;350;;;;;VARIOS;GOLOSINAS;GOLOSINAS;7798162584294
455;BULL DOG TUTTI;400;;;;;VARIOS;GOLOSINAS;GOLOSINAS;7798162584300
456;BULL DOG UVA;350;;;;;VARIOS;GOLOSINAS;GOLOSINAS;7798184562256
457;BULL DOG XTREME X12;4200;;;;;VARIOS;GOLOSINAS;GOLOSINAS;7798186034171
458;BURBUJERO X6;250;;;;;VARIOS;GOLOSINAS;GOLOSINAS;99840
459;BURBUJERO XU;50;;;;;VARIOS;GOLOSINAS;GOLOSINAS;99841
714604661;BUTTER TOFFES LECHE ;12300;;;;;;;;7790580118570
77995065;CAFE ARLISTAN 100G;3950;;;;;VARIOS;GOLOSINAS;GOLOSINAS;7790070933645
77995066;CAFE ARLISTAN 170G;5600;;;;;VARIOS;GOLOSINAS;GOLOSINAS;7790070933638
460;CAFE ARLISTAN 50GR;2100;;;;;VARIOS;GOLOSINAS;GOLOSINAS;7790070933652
461;CAFE BONAFIDE  SENSACIONES;2800;;;;;VARIOS;GOLOSINAS;GOLOSINAS;7792360094968
462;CAFE BONAFIDE X 20;2800;;;;;VARIOS;GOLOSINAS;GOLOSINAS;7792360070153
714604579;CAJA BELDENT;13400;;;;;;;;7622202311536
714604603;CAJA BELDENT MENTA;13400;;;;;;;;7622202310416
714604602;CAJA BELDENT MENTOL;13400;;;;;;;;7622202311598
714604600;CAJA BELDENT SANDIA;13400;;;;;;;;7622202311505
714604601;CAJA BELDENT TUTTI;13400;;;;;;;;7622202311567
77995094;CAJA FLOW X20;13400;;;;;;;;7790380048282
77995093;CAJA FLOW X20;13400;;;;;;;;7790380420002
77995092;CAJA FLOW X20;13400;;;;;;;;7790380420026
463;CAJA FOSFORITO X40;350;;;;;VARIOS;GOLOSINAS;GOLOSINAS;12380
464;CAJA KINDER MUJER;810;;;;;VARIOS;GOLOSINAS;GOLOSINAS;7898024395867
465;CAJA NAVIDAD COLOR;1500;;;;;VARIOS;GOLOSINAS;GOLOSINAS;11164
466;CAJA NAVIDEÑA MARRON;7200;;;;;VARIOS;GOLOSINAS;GOLOSINAS;11168
467;CAJA NAVIDEÑA RELLENA COLOR;7450;;;;;VARIOS;GOLOSINAS;GOLOSINAS;11155
468;CAJA NAVIDEÑA VACIA;1500;;;;;VARIOS;GOLOSINAS;GOLOSINAS;6592
469;CAJA P/* EMPANADA X100;3500;;;;;VARIOS;GOLOSINAS;GOLOSINAS;999022150
470;CAJA P/EMPANADA X5;200;;;;;VARIOS;GOLOSINAS;GOLOSINAS;65
471;CAJA P/PIZZA X100;5000;;;;;VARIOS;GOLOSINAS;GOLOSINAS;127
472;CAJA P/PIZZA X5;650;;;;;VARIOS;GOLOSINAS;GOLOSINAS;66
473;CAJA PARA PIZA X100U;5000;;;;;VARIOS;GOLOSINAS;GOLOSINAS;797829
714604671;CAJITA HUEVITO ;2500;;;;;VARIOS;GOLOSINAS;GOLOSINAS;7146046718
476;CAJITA KINDER;810;;;;;VARIOS;GOLOSINAS;GOLOSINAS;7898024395874
475;CAJITA KINDER;810;;;;;VARIOS;GOLOSINAS;GOLOSINAS;7797394001555
474;CAJITA KINDER;680;;;;;VARIOS;GOLOSINAS;GOLOSINAS;7898024397090
477;CAJITA MANI CON CHOCOLATE XU;70;;;;;VARIOS;GOLOSINAS;GOLOSINAS;542552
77995205;CALABAZA CON TAPA;1700;;;;;VARIOS;GOLOSINAS;GOLOSINAS;779952050
77995222;CALABAZA RELLENA ;3000;;;;;VARIOS;GOLOSINAS;GOLOSINAS;779952227
479;CALABAZA VACIA;1500;;;;;VARIOS;GOLOSINAS;GOLOSINAS;1357
77995197;CALABAZAS CON LED ;2200;;;;;VARIOS;GOLOSINAS;GOLOSINAS;779951978
484;CALDO KNORR X 12;75;;;;;VARIOS;GOLOSINAS;GOLOSINAS;7794000597525
485;CALDO VERDURA KNHOR;1580;;;;;VARIOS;GOLOSINAS;GOLOSINAS;7794000597518
486;CARAMELO ALKA;190;;;;;VARIOS;GOLOSINAS;GOLOSINAS;77959003
487;CARAMELO ALKA CHERRY 200G;1980;;;;;VARIOS;GOLOSINAS;GOLOSINAS;7794612001687
488;CARAMELO ALKA CHERRY MENTA;200;;;;;VARIOS;GOLOSINAS;GOLOSINAS;77958990
489;CARAMELO ALKA CHERRY X 800G;1900;;;;;VARIOS;GOLOSINAS;GOLOSINAS;7794612002486
490;CARAMELO ALKA CREMOSO X800G;1900;;;;;VARIOS;GOLOSINAS;GOLOSINAS;7794612107440
491;CARAMELO ALKA MENTA X 800G;1900;;;;;VARIOS;GOLOSINAS;GOLOSINAS;7794612011105
492;CARAMELO ALKA MENTA X12;2100;;;;;VARIOS;GOLOSINAS;GOLOSINAS;7794612119368
493;CARAMELO ALKA MENTA XU;200;;;;;VARIOS;GOLOSINAS;GOLOSINAS;77958983
494;CARAMELO DULCE DE LECHE Y MANI MARENGO;1130;;;;;VARIOS;GOLOSINAS;GOLOSINAS;7792354004638
495;CARAMELO EMBARE CHOCOLATE;995;;;;;VARIOS;GOLOSINAS;GOLOSINAS;7896259417330
496;CARAMELO EMBARE LEITE CONDESADO;995;;;;;VARIOS;GOLOSINAS;GOLOSINAS;7896259417323
497;CARAMELO EMBARE LEITE ORIGINAL;995;;;;;VARIOS;GOLOSINAS;GOLOSINAS;7896259417293
498;CARAMELO EMBARE LEITE Y CHOCOLATE;995;;;;;VARIOS;GOLOSINAS;GOLOSINAS;7896259417309
499;CARAMELO EMBARE LEITE Y COCO;995;;;;;VARIOS;GOLOSINAS;GOLOSINAS;7896259417316
77995158;CARAMELO FIZZ ESPANTO LENGUA;8670;;;;;VARIOS;GOLOSINAS;GOLOSINAS;7790580145019
500;CARAMELO FLYM PAFF TUTTI FRUTI;4330;;;;;VARIOS;GOLOSINAS;GOLOSINAS;7790380002734
501;CARAMELO FLYNN PAFF BANANA;625;;;;;VARIOS;GOLOSINAS;GOLOSINAS;7790380002659
502;CARAMELO FLYNN PAFF UVA;625;;;;;VARIOS;GOLOSINAS;GOLOSINAS;7790380002666
503;CARAMELO LHERITIER CHERRY 600G;4900;;;;;VARIOS;GOLOSINAS;GOLOSINAS;7792860002869
504;CARAMELO LHERITIER MENTA 600G;4900;;;;;VARIOS;GOLOSINAS;GOLOSINAS;7792860002814
505;CARAMELO LHERITIER MIEL Y LIMON 150G;1250;;;;;VARIOS;GOLOSINAS;GOLOSINAS;7792860005488
506;CARAMELO LIQUIDO;20;;;;;VARIOS;GOLOSINAS;GOLOSINAS;999972
507;CARAMELO LIQUIDO X U;20;;;;;VARIOS;GOLOSINAS;GOLOSINAS;15684
508;CARAMELO LIQUIDO X132;2340;;;;;VARIOS;GOLOSINAS;GOLOSINAS;7798178800531
509;CARAMELO MARENGO  DE LECHE MARENGO 75U;2070;;;;;VARIOS;GOLOSINAS;GOLOSINAS;7792354004621
510;CARAMELO MARENGO ANIS 454;2070;;;;;VARIOS;GOLOSINAS;GOLOSINAS;7792354004744
511;CARAMELO MARENGO CAFE 100G;600;;;;;VARIOS;GOLOSINAS;GOLOSINAS;7792354002139
512;CARAMELO MARENGO CHERRY X 454;2300;;;;;VARIOS;GOLOSINAS;GOLOSINAS;7792354003709
513;CARAMELO MARENGO D. LECHE 100G;600;;;;;VARIOS;GOLOSINAS;GOLOSINAS;7792354004973
514;CARAMELO MARENGO EUCALIPTUS 454G;2070;;;;;VARIOS;GOLOSINAS;GOLOSINAS;7792354003884
515;CARAMELO MARENGO FRUTAL;2600;;;;;VARIOS;GOLOSINAS;GOLOSINAS;7792354004805
516;CARAMELO MARENGO FRUTALES;2600;;;;;VARIOS;GOLOSINAS;GOLOSINAS;7792354004751
517;CARAMELO MARENGO FRUTALES 100G;600;;;;;VARIOS;GOLOSINAS;GOLOSINAS;7792354004959
518;CARAMELO MARENGO GAJOS ACIDOS;2540;;;;;VARIOS;GOLOSINAS;GOLOSINAS;7792354004546
519;CARAMELO MARENGO LECHE 100G;600;;;;;VARIOS;GOLOSINAS;GOLOSINAS;7792354002146
520;CARAMELO MARENGO MEGA ACIDOS;2540;;;;;VARIOS;GOLOSINAS;GOLOSINAS;7792354004584
521;CARAMELO MARENGO MEGA ACIDOS 100G;600;;;;;VARIOS;GOLOSINAS;GOLOSINAS;7792354004928
522;CARAMELO MARENGO MENTA 100G;600;;;;;VARIOS;GOLOSINAS;GOLOSINAS;7792354004911
523;CARAMELO MARENGO MENTA 454;2300;;;;;VARIOS;GOLOSINAS;GOLOSINAS;7792354004768
524;CARAMELO MARENGO MENTA TRANSP X 454GRMS;2300;;;;;VARIOS;GOLOSINAS;GOLOSINAS;7792354004539
525;CARAMELO MARENGO MIEL;2070;;;;;VARIOS;GOLOSINAS;GOLOSINAS;7792354004799
526;CARAMELO MARENGO MIEL 100G;600;;;;;VARIOS;GOLOSINAS;GOLOSINAS;7792354004942
527;CARAMELO MARENGO MIEL X 454GRMS;2300;;;;;VARIOS;GOLOSINAS;GOLOSINAS;7792354003716
528;CARAMELO MARENGO NO HAY PLATA;2000;;;;;VARIOS;GOLOSINAS;GOLOSINAS;7792354005161
529;CARAMELO MARENGO OSTRITAS TRICOLORES 454;2540;;;;;VARIOS;GOLOSINAS;GOLOSINAS;7792354003822
530;CARAMELO MARENGO SAQUITO FRUT X 454GRMS;2600;;;;;VARIOS;GOLOSINAS;GOLOSINAS;7792354004140
531;CARAMELO MARENGO SAQUITOS 100;600;;;;;VARIOS;GOLOSINAS;GOLOSINAS;7792354004904
532;CARAMELO MARENGO SAQUITOS 100G;600;;;;;VARIOS;GOLOSINAS;GOLOSINAS;7792354004898
533;CARAMELO MARENGO TIRAS ACIDAS CITRIC UP;2100;;;;;VARIOS;GOLOSINAS;GOLOSINAS;7792354004652
534;CARAMELO MARENGO TIRAS ACIDAS HALLOWEN;2100;;;;;VARIOS;GOLOSINAS;GOLOSINAS;7792354004676
535;CARAMELO MENTHOPLUS 2 CHERRY UNIDAD;160;;;;;VARIOS;GOLOSINAS;GOLOSINAS;77944405
536;CARAMELO MISKY CHOCOLATE;4554;;;;;VARIOS;GOLOSINAS;GOLOSINAS;7790580141691
537;CARAMELO MISKY MENTA X180;6400;;;;;VARIOS;GOLOSINAS;GOLOSINAS;7790580118372
538;CARAMELO MISKY MIEL;5200;;;;;VARIOS;GOLOSINAS;GOLOSINAS;7790580119829
539;CARAMELO MISKY RELLENO FRUTAL;5200;;;;;VARIOS;GOLOSINAS;GOLOSINAS;7790580155100
540;CARAMELO MISKY TOFEE CHOCOLATE X 648GRMS;4900;;;;;VARIOS;GOLOSINAS;GOLOSINAS;7790580104405
541;CARAMELO MISKY TOFEE LECHE X 648GRMS;4900;;;;;VARIOS;GOLOSINAS;GOLOSINAS;7790580104412
542;CARAMELO MISKY TOFY;4900;;;;;VARIOS;GOLOSINAS;GOLOSINAS;7790580147426
543;CARAMELO PICO DULCE DURO 150G;1550;;;;;VARIOS;GOLOSINAS;GOLOSINAS;7792860003033
544;CARAMELO PICO DULCE DUROS  X450G;4800;;;;;VARIOS;GOLOSINAS;GOLOSINAS;7792860007574
545;CARAMELO PICO DULCE LHERITHIER 200U;4900;;;;;VARIOS;GOLOSINAS;GOLOSINAS;7792860000520
714604698;CARAMELO RELLENO ARCOR;10500;;;;;;;;7790580471309
546;CARAMELO RICOMAS NARANJA ANANA;121;;;;;VARIOS;GOLOSINAS;GOLOSINAS;7790580128838
547;CARAMELO TIRA ACIDA X 250;320;;;;;VARIOS;GOLOSINAS;GOLOSINAS;7792354002238
714604675;CARAMELO TOFFE BOM O BOM;10900;;;;;;;;7790580118853
548;CARAMELO TOFFES AVELLANAS;4554;;;;;VARIOS;GOLOSINAS;GOLOSINAS;7790580134099
549;CARAMELO TOFFES BUTTER AGUILA;4840;;;;;VARIOS;GOLOSINAS;GOLOSINAS;7790580118846
550;CARAMELO TOFFES CHOCOLATE;12200;;;;;VARIOS;GOLOSINAS;GOLOSINAS;7790580118785
551;CARAMELO TOFFES DULCE DE LECHE;3731;;;;;VARIOS;GOLOSINAS;GOLOSINAS;7790580118877
552;CARAMELO X12 ALKA CHERRY;2100;;;;;VARIOS;GOLOSINAS;GOLOSINAS;7794612119382
553;CARAMELO X12 ALKA FUERTE;2200;;;;;VARIOS;GOLOSINAS;GOLOSINAS;7794612119375
77995156;CARAMELOS RODAJAS EMBRUJADAS;4200;;;;;VARIOS;GOLOSINAS;GOLOSINAS;7790580144982
554;CARANELO MARENGO SAQUITO SUP;2600;;;;;VARIOS;GOLOSINAS;GOLOSINAS;7792354004614
555;CARICIA ACARAELADA 200G;85;;;;;VARIOS;GOLOSINAS;GOLOSINAS;7798010260059
556;CARICIA ANILLOS 350G;150;;;;;VARIOS;GOLOSINAS;GOLOSINAS;7798010260080
557;CARICIA ANISADO 350G;150;;;;;VARIOS;GOLOSINAS;GOLOSINAS;7798010260264
558;CARICIA ANISADOS 200G;85;;;;;VARIOS;GOLOSINAS;GOLOSINAS;7798010260226
559;CARICIA CORAZONES X200G;85;;;;;VARIOS;GOLOSINAS;GOLOSINAS;7798010260011
560;CARICIA DE 1KG;145;;;;;VARIOS;GOLOSINAS;GOLOSINAS;7798010260349
561;CARICIA DE KG;145;;;;;VARIOS;GOLOSINAS;GOLOSINAS;7798010260356
562;CARICIA MANTECADO 350G;150;;;;;VARIOS;GOLOSINAS;GOLOSINAS;7798010260592
563;CARICIA MANTECADOS 200G;85;;;;;VARIOS;GOLOSINAS;GOLOSINAS;7798010260158
564;CARICIA PEPA 200G;85;;;;;VARIOS;GOLOSINAS;GOLOSINAS;7798010260141
565;CARICIA PEPA X 1KG;145;;;;;VARIOS;GOLOSINAS;GOLOSINAS;7798010260363
566;CARICIA SURTIDA 200G;85;;;;;VARIOS;GOLOSINAS;GOLOSINAS;7798010260073
567;CARICIA X350 AZUCARITAS;150;;;;;VARIOS;GOLOSINAS;GOLOSINAS;7798010260325
568;CARICIA X350 LIMON;150;;;;;VARIOS;GOLOSINAS;GOLOSINAS;7798010260578
569;CARICIA X350 MANTECADOS;150;;;;;VARIOS;GOLOSINAS;GOLOSINAS;7798010260295
570;CARICIA X350 SURTIDA;150;;;;;VARIOS;GOLOSINAS;GOLOSINAS;7798010260172
571;CARICIA X350 TAPITAS;150;;;;;VARIOS;GOLOSINAS;GOLOSINAS;7798010260134
572;CARICIAS FLOR CON DULCE 350G;150;;;;;VARIOS;GOLOSINAS;GOLOSINAS;7798010260189
573;CARICIAS X 200 FLOR DE DULCE;85;;;;;VARIOS;GOLOSINAS;GOLOSINAS;7798010260202
574;CARICIAS X 200 MANTECADAS;85;;;;;VARIOS;GOLOSINAS;GOLOSINAS;7798010260561
575;CARICIAS X 350 PEPAS;150;;;;;VARIOS;GOLOSINAS;GOLOSINAS;7798010260301
576;CARICIAS X200 ANILLITOS;85;;;;;VARIOS;GOLOSINAS;GOLOSINAS;85
577;CARTEL FELIZ CUMPLEAÑOS;300;;;;;VARIOS;GOLOSINAS;GOLOSINAS;542550
578;CARTEL FELIZ CUMPLEAÑOS;300;;;;;VARIOS;GOLOSINAS;GOLOSINAS;C
579;CERAL MIX;1000;;;;;VARIOS;GOLOSINAS;GOLOSINAS;7790040146723
580;CEREAL FLOW ALMENDRAS Y MANI X20;15200;;;;;VARIOS;GOLOSINAS;GOLOSINAS;7790380420231
581;CEREAL MIX;850;;;;;VARIOS;GOLOSINAS;GOLOSINAS;7790310984253
582;CEREAL MIX LIGH YOGURT;28;;;;;VARIOS;GOLOSINAS;GOLOSINAS;77965370
583;CEREAL MIX ORIGINAL;500;;;;;VARIOS;GOLOSINAS;GOLOSINAS;77916501
714604658;CEREALITAS ARROZ ;2415;;;;;VARIOS;GOLOSINAS;GOLOSINAS;7622201753061
584;CGOCOLATE GRAFFITI COFLER NEGRO;54;;;;;VARIOS;GOLOSINAS;GOLOSINAS;7790580111755
585;CHEETOS 23G;75;;;;;VARIOS;GOLOSINAS;GOLOSINAS;7790310983157
586;CHEETOS QUESO;375;;;;;VARIOS;GOLOSINAS;GOLOSINAS;7790310984499
587;CHETOS X47G;210;;;;;VARIOS;GOLOSINAS;GOLOSINAS;7790310984482
588;CHICLE 3 EN 1;30;;;;;VARIOS;GOLOSINAS;GOLOSINAS;6957342902483
589;CHICLE AGOGO 300G;1200;;;;;VARIOS;GOLOSINAS;GOLOSINAS;7861008500021
590;CHICLE AGOGO SUPER ACIDO 150 U;3400;;;;;VARIOS;GOLOSINAS;GOLOSINAS;7861008500687
591;CHICLE AGOGO TUTI FRUTTI;180;;;;;VARIOS;GOLOSINAS;GOLOSINAS;7861008522450
592;CHICLE ALKA FRUTA;180;;;;;VARIOS;GOLOSINAS;GOLOSINAS;77975362
593;CHICLE ALKA FRUTA X20;3600;;;;;VARIOS;GOLOSINAS;GOLOSINAS;7794612136198
594;CHICLE ALKA MENTA;180;;;;;VARIOS;GOLOSINAS;GOLOSINAS;77975379
595;CHICLE ALKA MENTA X20;3600;;;;;VARIOS;GOLOSINAS;GOLOSINAS;7794612136204
596;CHICLE BELDENT FRUTA;35;;;;;VARIOS;GOLOSINAS;GOLOSINAS;77901651
597;CHICLE BELDENT FRUTILLA X 20;700;;;;;VARIOS;GOLOSINAS;GOLOSINAS;7622300845506
598;CHICLE BELDENT MENTA;35;;;;;VARIOS;GOLOSINAS;GOLOSINAS;77942371
599;CHICLE BELDENT MENTA FUERTE;35;;;;;VARIOS;GOLOSINAS;GOLOSINAS;77942388
600;CHICLE BELDENT MENTA FUERTE X 20;576;;;;;VARIOS;GOLOSINAS;GOLOSINAS;7622300835446
601;CHICLE BELDENT MENTA X 20;576;;;;;VARIOS;GOLOSINAS;GOLOSINAS;7622300835422
602;CHICLE BZOCA;40;;;;;VARIOS;GOLOSINAS;GOLOSINAS;6985365701110
603;CHICLE FIERITA COLA;2600;;;;;VARIOS;GOLOSINAS;GOLOSINAS;7798040594773
604;CHICLE FIERITA COMEFUEGO PLUS;2600;;;;;VARIOS;GOLOSINAS;GOLOSINAS;7798040595022
605;CHICLE FIERITA COMEFUEGO SURTIDO;2600;;;;;VARIOS;GOLOSINAS;GOLOSINAS;7798040594476
606;CHICLE FIERITA MUNDIAL;2600;;;;;VARIOS;GOLOSINAS;GOLOSINAS;7798040594919
607;CHICLE FIERITA RECARGADO BANANA X 50;2900;;;;;VARIOS;GOLOSINAS;GOLOSINAS;7798040590195
608;CHICLE FIERITA RECARGADO FRUTILLA X50;2900;;;;;VARIOS;GOLOSINAS;GOLOSINAS;7798040590188
609;CHICLE FIERITA RECARGADO MENTA X50;2900;;;;;VARIOS;GOLOSINAS;GOLOSINAS;7798040590171
610;CHICLE FIERITA RECARGADO TUTTI X50;2900;;;;;VARIOS;GOLOSINAS;GOLOSINAS;7798040590164
611;CHICLE FIERITA REDONDITO X 70;2200;;;;;VARIOS;GOLOSINAS;GOLOSINAS;7798040590065
612;CHICLE FIERITA TERROR;2800;;;;;VARIOS;GOLOSINAS;GOLOSINAS;7798040590263
613;CHICLE FIERITA X 100 BANANA;2700;;;;;VARIOS;GOLOSINAS;GOLOSINAS;7798040592410
614;CHICLE FIERITA X 100 FRUTILLA;2900;;;;;VARIOS;GOLOSINAS;GOLOSINAS;7798040590140
615;CHICLE FIERITA X 100 MENTA;2700;;;;;VARIOS;GOLOSINAS;GOLOSINAS;7798040592380
616;CHICLE FIERITA X 100 TUTTI;2900;;;;;VARIOS;GOLOSINAS;GOLOSINAS;7798040592373
617;CHICLE FIERITA X100 UVA;2700;;;;;VARIOS;GOLOSINAS;GOLOSINAS;7798040592403
618;CHICLE FIERTIA COMEFUEGO TUTTI;2600;;;;;VARIOS;GOLOSINAS;GOLOSINAS;7798040590843
619;CHICLE FREX;30;;;;;VARIOS;GOLOSINAS;GOLOSINAS;12378
77995136;CHICLE GUMBAL GRANDE ;1000;;;;;VARIOS;GOLOSINAS;GOLOSINAS;779951367
620;CHICLE GUMBALLS GRANDE X 24;19000;;;;;VARIOS;GOLOSINAS;GOLOSINAS;7798040590324
621;CHICLE GUMBALLS X 18TIRAS;11000;;;;;VARIOS;GOLOSINAS;GOLOSINAS;7798040594605
622;CHICLE GUMBALLS X18U;1300;;;;;VARIOS;GOLOSINAS;GOLOSINAS;7798040590331
623;CHICLE GUMBALLS X4;500;;;;;VARIOS;GOLOSINAS;GOLOSINAS;77983466
624;CHICLE GUMBALS CHICO;700;;;;;VARIOS;GOLOSINAS;GOLOSINAS;7798040594896
625;CHICLE GUMBALS X7;600;;;;;VARIOS;GOLOSINAS;GOLOSINAS;7798040594599
626;CHICLE JOLLY BOY FOOTBALL X100;995;;;;;VARIOS;GOLOSINAS;GOLOSINAS;7266336518807
627;CHICLE JOLLY BOY LUSH BUBBLE X100;995;;;;;VARIOS;GOLOSINAS;GOLOSINAS;2954515111110
628;CHICLE JOLLY BOY SUPER TYSON X150;850;;;;;VARIOS;GOLOSINAS;GOLOSINAS;615717072488
629;CHICLE JOLLY BOY TENIS X150;1160;;;;;VARIOS;GOLOSINAS;GOLOSINAS;998402
714604587;CHICLE PICO DULCE X80U;4200;;;;;VARIOS;GOLOSINAS;GOLOSINAS;7792860006140
630;CHICLE PLOP BANANA;2200;;;;;VARIOS;GOLOSINAS;GOLOSINAS;7792860000926
631;CHICLE PLOP MENTA;2200;;;;;VARIOS;GOLOSINAS;GOLOSINAS;7792860000902
632;CHICLE PLOP SABOR UVA;2200;;;;;VARIOS;GOLOSINAS;GOLOSINAS;7792860002708
633;CHICLE PLOP X 100;2200;;;;;VARIOS;GOLOSINAS;GOLOSINAS;7792860009912
634;CHICLE POOSH MENTA;1900;;;;;VARIOS;GOLOSINAS;GOLOSINAS;7790580125868
635;CHICLE REDONDITO FIERITA 750G;370;;;;;VARIOS;GOLOSINAS;GOLOSINAS;7798040594766
636;CHICLE SUPER ACIDO X 5CM X 40;3950;;;;;VARIOS;GOLOSINAS;GOLOSINAS;7861008507068
637;CHICLE TENIS OPEN 4 UNIDADES;1900;;;;;VARIOS;GOLOSINAS;GOLOSINAS;77983435
638;CHICLE TENIS OPEN CAJA;1900;;;;;VARIOS;GOLOSINAS;GOLOSINAS;7798040594889
77995071;CHICLE ZED EYES ;8400;;;;;;;;5011061118776
77995068;CHICLE ZED SABORES SURTIDOS ;8400;;;;;;;;5011061114266
77995069;CHICLE ZED SABORES SURTIDOS ;8400;;;;;VARIOS;GOLOSINAS;GOLOSINAS;5011061114266
77995072;CHICLE ZED SABORES SURTIDOS ;8400;;;;;;;;5011061114259
639;CHICLES TENNIS  X30 OPEN;1900;;;;;VARIOS;GOLOSINAS;GOLOSINAS;7798040590393
640;CHICLES WHATSAP;60;;;;;VARIOS;GOLOSINAS;GOLOSINAS;6985366000083
641;CHIZITO COPS 80G;70;;;;;VARIOS;GOLOSINAS;GOLOSINAS;7793184000289
642;CHIZITO CROQUITO 80G;400;;;;;VARIOS;GOLOSINAS;GOLOSINAS;999021
643;CHIZITO CROQUITO X 20;3000;;;;;VARIOS;GOLOSINAS;GOLOSINAS;144
644;CHIZITO CROQUITO X 30;3000;;;;;VARIOS;GOLOSINAS;GOLOSINAS;145
645;CHIZITO CROQUITO X KG;3000;;;;;VARIOS;GOLOSINAS;GOLOSINAS;999977
646;CHIZITO CROQUITO X40G;230;;;;;VARIOS;GOLOSINAS;GOLOSINAS;999975
647;CHIZITO CROQUITO X80G;230;;;;;VARIOS;GOLOSINAS;GOLOSINAS;999976
648;CHIZITO CROQUITOXU;170;;;;;VARIOS;GOLOSINAS;GOLOSINAS;11152
714604567;CHIZITO RENO 600G;2300;;;;;VARIOS;GOLOSINAS;GOLOSINAS;648260560027
649;CHIZITO VICO XU;200;;;;;VARIOS;GOLOSINAS;GOLOSINAS;999985
714604687;CHOC INTENSE CACAO 25G;2250;;;;;VARIOS;GOLOSINAS;GOLOSINAS;7622201818609
714604685;CHOC TRES SUENOS 82G;5750;;;;;VARIOS;GOLOSINAS;GOLOSINAS;7622201818739
714604688;CHOC YOGHURT FRUTILLA 29G;2250;;;;;VARIOS;GOLOSINAS;GOLOSINAS;622201818654
714604686;CHOC YOGHURT FRUTILLA 82G;5750;;;;;VARIOS;GOLOSINAS;GOLOSINAS;7622201818715
650;CHOCOLATADA MR CHOCO;66;;;;;VARIOS;GOLOSINAS;GOLOSINAS;7798290580205
651;CHOCOLATADA X 200;19;;;;;VARIOS;GOLOSINAS;GOLOSINAS;7790036005324
652;CHOCOLATE ARCOR BLANCO 25G;600;;;;;VARIOS;GOLOSINAS;GOLOSINAS;7790580607418
653;CHOCOLATE BALL CHOC 70G;170;;;;;VARIOS;GOLOSINAS;GOLOSINAS;7795522003242
654;CHOCOLATE BALL CHOCK X 50 G;130;;;;;VARIOS;GOLOSINAS;GOLOSINAS;7795522003617
655;CHOCOLATE BALLCHOC 30G;75;;;;;VARIOS;GOLOSINAS;GOLOSINAS;7795522003983
656;CHOCOLATE BLOCK BARRA X U;700;;;;;VARIOS;GOLOSINAS;GOLOSINAS;77953124
657;CHOCOLATE BLOCK CAJA X20 38G;14000;;;;;VARIOS;GOLOSINAS;GOLOSINAS;7790580531201
658;CHOCOLATE BLOCK GRANDE 110;116;;;;;VARIOS;GOLOSINAS;GOLOSINAS;77922120
659;CHOCOLATE CADBURI;45;;;;;VARIOS;GOLOSINAS;GOLOSINAS;7622210733887
660;CHOCOLATE CELOFAN 25 GRMS UND BLANCO;840;;;;;VARIOS;GOLOSINAS;GOLOSINAS;7790580612917
661;CHOCOLATE CELOFAN 25 GRMS UND NEGRO;840;;;;;VARIOS;GOLOSINAS;GOLOSINAS;7790580612719
662;CHOCOLATE CELOFAN 50 GRMS UND BLANCO;1100;;;;;VARIOS;GOLOSINAS;GOLOSINAS;7790580328016
663;CHOCOLATE CELOFAN 50 GRMS UND NEGRO;190;;;;;VARIOS;GOLOSINAS;GOLOSINAS;7790580327910
664;CHOCOLATE CELOFAN BLANCO X30;19500;;;;;VARIOS;GOLOSINAS;GOLOSINAS;7790580612900
665;CHOCOLATE CELOFAN GRANDE BLANCO X21;10500;;;;;VARIOS;GOLOSINAS;GOLOSINAS;7790580328009
666;CHOCOLATE CELOFAN GRANDE X21;3830;;;;;VARIOS;GOLOSINAS;GOLOSINAS;7790580327903
667;CHOCOLATE CELOFAN NEGRO X30;19500;;;;;VARIOS;GOLOSINAS;GOLOSINAS;7790580612702
668;CHOCOLATE COFLER AIREADO 27 GRMS NEGRO;230;;;;;VARIOS;GOLOSINAS;GOLOSINAS;7790580103361
669;CHOCOLATE COFLER AIREADO BLANCO 55GRMS;310;;;;;VARIOS;GOLOSINAS;GOLOSINAS;7790580103415
670;CHOCOLATE COFLER AIREADO CHICO 27GR. BLA;230;;;;;VARIOS;GOLOSINAS;GOLOSINAS;7790580103378
671;CHOCOLATE COFLER BLOCK 170G;750;;;;;VARIOS;GOLOSINAS;GOLOSINAS;7790580105013
672;CHOCOLATE COFLER BLOCK MITI MITI 170G;750;;;;;VARIOS;GOLOSINAS;GOLOSINAS;7790580132750
673;CHOCOLATE COFLER CHOCOLATE 55G;380;;;;;VARIOS;GOLOSINAS;GOLOSINAS;7790580103484
674;CHOCOLATE COFLER YOGURT 55G;90;;;;;VARIOS;GOLOSINAS;GOLOSINAS;7790580123642
77995053;CHOCOLATE CON MANI ABUELA MECHA ;3200;;;;;VARIOS;GOLOSINAS;GOLOSINAS;7798069899934
675;CHOCOLATE CRO CHOC;20;;;;;VARIOS;GOLOSINAS;GOLOSINAS;7896383074225
676;CHOCOLATE CROC CHOC;20;;;;;VARIOS;GOLOSINAS;GOLOSINAS;7792687085014
677;CHOCOLATE CROC CHOC X24;455;;;;;VARIOS;GOLOSINAS;GOLOSINAS;7896383074218
678;CHOCOLATE DAQUI;170;;;;;VARIOS;GOLOSINAS;GOLOSINAS;7790380042167
679;CHOCOLATE DOUBLE;400;;;;;VARIOS;GOLOSINAS;GOLOSINAS;7798114310094
680;CHOCOLATE EXPRES;82;;;;;VARIOS;GOLOSINAS;GOLOSINAS;8693029300590
681;CHOCOLATE EXPRESS X24;1890;;;;;VARIOS;GOLOSINAS;GOLOSINAS;8693029300606
682;CHOCOLATE EXQUISITA 150G;950;;;;;VARIOS;GOLOSINAS;GOLOSINAS;7790070433015
683;CHOCOLATE FULL MANI 100G;240;;;;;VARIOS;GOLOSINAS;GOLOSINAS;7790380024750
684;CHOCOLATE FULL MANI 35G;88;;;;;VARIOS;GOLOSINAS;GOLOSINAS;7790380024408
685;CHOCOLATE FULL MANI 9G;30;;;;;VARIOS;GOLOSINAS;GOLOSINAS;77969347
686;CHOCOLATE FULL MANI X 160G;380;;;;;VARIOS;GOLOSINAS;GOLOSINAS;7790380005438
687;CHOCOLATE GEORGALOS BLANCO;20;;;;;VARIOS;GOLOSINAS;GOLOSINAS;7790380024217
689;CHOCOLATE GEORGALOS X 25GR NE. C. X 24;380;;;;;VARIOS;GOLOSINAS;GOLOSINAS;7790380424192
688;CHOCOLATE GEORGALOS X 25GRMS NEG.;20;;;;;VARIOS;GOLOSINAS;GOLOSINAS;7790380024194
690;CHOCOLATE GRAFFITI COFLER BLANCO;54;;;;;VARIOS;GOLOSINAS;GOLOSINAS;7790580123741
691;CHOCOLATE HAMBLET ALMENDRA;800;;;;;VARIOS;GOLOSINAS;GOLOSINAS;7794612065719
692;CHOCOLATE HAMBLET BICOLOR;550;;;;;VARIOS;GOLOSINAS;GOLOSINAS;7794612491013
693;CHOCOLATE HAMBLET BLANCO;580;;;;;VARIOS;GOLOSINAS;GOLOSINAS;7794612066310
694;CHOCOLATE HAMBLET CHOCOLATOSO;400;;;;;VARIOS;GOLOSINAS;GOLOSINAS;7794612066211
695;CHOCOLATE HAMBLET COKIEE;550;;;;;VARIOS;GOLOSINAS;GOLOSINAS;7794612065917
696;CHOCOLATE HAMBLET FRUTILLA;580;;;;;VARIOS;GOLOSINAS;GOLOSINAS;7794612066419
697;CHOCOLATE HAMBLET WAY XU;290;;;;;VARIOS;GOLOSINAS;GOLOSINAS;7794612073110
699;CHOCOLATE HAMLET ALMEN. Y MANI X CA.;11100;;;;;VARIOS;GOLOSINAS;GOLOSINAS;779461200146599000
698;CHOCOLATE HAMLET ALMENDRA X21;11100;;;;;VARIOS;GOLOSINAS;GOLOSINAS;7794612001465
700;CHOCOLATE HAMLET BICOLOR X CAJA;11100;;;;;VARIOS;GOLOSINAS;GOLOSINAS;7794612491006
701;CHOCOLATE HAMLET BLANCO X CAJA;11100;;;;;VARIOS;GOLOSINAS;GOLOSINAS;7794612101493
702;CHOCOLATE HAMLET CHOCOLATOSO X CA.;11100;;;;;VARIOS;GOLOSINAS;GOLOSINAS;7794612001489
703;CHOCOLATE HAMLET FRUTILLA X CAJA;11100;;;;;VARIOS;GOLOSINAS;GOLOSINAS;7794612001502
704;CHOCOLATE HAMLET LEC Y COOKIES X CA.;11100;;;;;VARIOS;GOLOSINAS;GOLOSINAS;7794612001472
705;CHOCOLATE JUNGLE;2600;;;;;VARIOS;GOLOSINAS;GOLOSINAS;7798178802474
706;CHOCOLATE KINGTAT;43;;;;;VARIOS;GOLOSINAS;GOLOSINAS;8693029609402
707;CHOCOLATE KINGTAT X 24;930;;;;;VARIOS;GOLOSINAS;GOLOSINAS;8693029609419
708;CHOCOLATE MEGA HAMLET;106;;;;;VARIOS;GOLOSINAS;GOLOSINAS;7794612115964
709;CHOCOLATE MILKA LECHE;80;;;;;VARIOS;GOLOSINAS;GOLOSINAS;7622300800260
710;CHOCOLATE MISTER CHOC 40G;25;;;;;VARIOS;GOLOSINAS;GOLOSINAS;7794207000552
711;CHOCOLATE P/TAZA ALTEZA;88;;;;;VARIOS;GOLOSINAS;GOLOSINAS;7790380040293
712;CHOCOLATE P/TAZA MISKY 100G;245;;;;;VARIOS;GOLOSINAS;GOLOSINAS;7790580310806
713;CHOCOLATE P/TAZA PALMESANO;220;;;;;VARIOS;GOLOSINAS;GOLOSINAS;7795522003624
714;CHOCOLATE PIÑATA 100G;110;;;;;VARIOS;GOLOSINAS;GOLOSINAS;7798186033549
715;CHOCOLATE PLUS X24;1220;;;;;VARIOS;GOLOSINAS;GOLOSINAS;8693029300941
716;CHOCOLATE PLUS XU;53;;;;;VARIOS;GOLOSINAS;GOLOSINAS;8693029321816
717;CHOCOLATE POWER;35;;;;;VARIOS;GOLOSINAS;GOLOSINAS;8693029600935
718;CHOCOLATE SIN AZUCARES;130;;;;;VARIOS;GOLOSINAS;GOLOSINAS;7790380024248
719;CHOCOLATE SIN AZUCARES;130;;;;;VARIOS;GOLOSINAS;GOLOSINAS;77909497
720;CHOCOLATE SIN AZUCARES;130;;;;;VARIOS;GOLOSINAS;GOLOSINAS;77917911
721;CHOCOLATE SIN AZUCARES;130;;;;;VARIOS;GOLOSINAS;GOLOSINAS;7790380024569
722;CHOCOLATE TABLETON GEOR X  120GR;76;;;;;VARIOS;GOLOSINAS;GOLOSINAS;7790380024316
723;CHOCOLATE TOKKE 30G;85;;;;;VARIOS;GOLOSINAS;GOLOSINAS;7790380022152
724;CHOCOLATE TOKKE 62G;135;;;;;VARIOS;GOLOSINAS;GOLOSINAS;7790380022121
725;CHOCOLATE TOKKE 72G;135;;;;;VARIOS;GOLOSINAS;GOLOSINAS;7790380022107
726;CHOCOLATE TOKKE CON LECHE 60G;135;;;;;VARIOS;GOLOSINAS;GOLOSINAS;7790380022114
727;CHOCOLATE VIZZIO;155;;;;;VARIOS;GOLOSINAS;GOLOSINAS;7792360094548
728;CHOCOLATIN BLANCO;40;;;;;VARIOS;GOLOSINAS;GOLOSINAS;77958587
729;CHOCOLATIN CAJA X 40 BLANCO;410;;;;;VARIOS;GOLOSINAS;GOLOSINAS;7790580585815
730;CHOCOLATIN GEORGALOS 8G BLANCO;12;;;;;VARIOS;GOLOSINAS;GOLOSINAS;77969361
731;CHOCOLATIN GEORGALOS 8G NEGRO;12;;;;;VARIOS;GOLOSINAS;GOLOSINAS;77969354
732;CHOCOLATIN GEORGALOS X 40 BLANCO;475;;;;;VARIOS;GOLOSINAS;GOLOSINAS;7790380045137
733;CHOCOLATIN GEORGALOS X40 NEGRO;475;;;;;VARIOS;GOLOSINAS;GOLOSINAS;7790380045144
734;CHOCOLATIN JUNGLE!;120;;;;;VARIOS;GOLOSINAS;GOLOSINAS;7798178802467
735;CHOCOLATIN MISKY X20;705;;;;;VARIOS;GOLOSINAS;GOLOSINAS;7790580130954
736;CHOCOLATIN MISKY X20;705;;;;;VARIOS;GOLOSINAS;GOLOSINAS;7790580130947
737;CHOCOLATIN NEGRO;40;;;;;VARIOS;GOLOSINAS;GOLOSINAS;77958594
738;CHOCOLATIN X 40 NEGRO;410;;;;;VARIOS;GOLOSINAS;GOLOSINAS;7790580585914
714604619;CHOCOLINAS 170G ;1700;;;;;VARIOS;GOLOSINAS;GOLOSINAS;7790040143227
714604615;CHOCOLINAS BLANCO;1700;;;;;;;;7790040148857
714604620;CHOCOLINAS BLANCO 245G ;2260;;;;;VARIOS;GOLOSINAS;GOLOSINAS;7790040142985
714604618;CHOCOLINAS NEGRAS 258G ;2260;;;;;VARIOS;GOLOSINAS;GOLOSINAS;7790040142992
714604616;CHOCOLINAS ORIGINAL 100G;1050;;;;;;;;7790040143241
714604617;CHOCOLINAS ORIGINAL 250G;2260;;;;;;;;7790040143234
714604700;CHOCOTORTA;1350;;;;;VARIOS;GOLOSINAS;GOLOSINAS;7790040150072
739;CHUPA DEDO;70;;;;;VARIOS;GOLOSINAS;GOLOSINAS;99832
740;CHUPETE MACARENA;2000;;;;;VARIOS;GOLOSINAS;GOLOSINAS;542565
741;CHUPETE X20;260;;;;;VARIOS;GOLOSINAS;GOLOSINAS;9990222323
742;CHUPETIN  MELON CON OJO X30;800;;;;;VARIOS;GOLOSINAS;GOLOSINAS;999007
743;CHUPETIN AMOR LOVE;235;;;;;VARIOS;GOLOSINAS;GOLOSINAS;7896306608940
744;CHUPETIN AMOR LOVE LOLL;235;;;;;VARIOS;GOLOSINAS;GOLOSINAS;7896306608933
745;CHUPETIN AMOR LOVE LOLLLIPOP;235;;;;;VARIOS;GOLOSINAS;GOLOSINAS;7896306607820
746;CHUPETIN AMOR LOVE POP;235;;;;;VARIOS;GOLOSINAS;GOLOSINAS;7896306610448
747;CHUPETIN BOLA LOCA 10U;870;;;;;VARIOS;GOLOSINAS;GOLOSINAS;7792860005693
748;CHUPETIN BOLA LOCA 16G;3100;;;;;VARIOS;GOLOSINAS;GOLOSINAS;7792860002579
749;CHUPETIN BOLA LOCA BOCA;2700;;;;;VARIOS;GOLOSINAS;GOLOSINAS;7792860008168
750;CHUPETIN BOLA LOCA FRESH SANDIA;2700;;;;;VARIOS;GOLOSINAS;GOLOSINAS;7792860002647
751;CHUPETIN BOLA LOCA FUTBOL CLUB;2700;;;;;VARIOS;GOLOSINAS;GOLOSINAS;7792860000421
752;CHUPETIN BOLA LOCA MASTICABLE;2700;;;;;VARIOS;GOLOSINAS;GOLOSINAS;7792860003149
753;CHUPETIN BOLA LOCA MAX;3100;;;;;VARIOS;GOLOSINAS;GOLOSINAS;7792860008359
77995045;CHUPETIN BOLA LOCA MAX X24;3100;;;;;VARIOS;GOLOSINAS;GOLOSINAS;7792860005839
754;CHUPETIN BOLA LOCA POOL PARTY;3100;;;;;VARIOS;GOLOSINAS;GOLOSINAS;7792860002098
755;CHUPETIN BOLA LOCA RELLENO CON CHICLE;2650;;;;;VARIOS;GOLOSINAS;GOLOSINAS;7792860009141
756;CHUPETIN BOLA LOCA RELLENO CON MAST;3100;;;;;VARIOS;GOLOSINAS;GOLOSINAS;7792860000568
757;CHUPETIN BOLA LOCA RIVER;2700;;;;;VARIOS;GOLOSINAS;GOLOSINAS;7792860008175
758;CHUPETIN BOLA LOCA RIVER;2700;;;;;VARIOS;GOLOSINAS;GOLOSINAS;7792860000469
759;CHUPETIN BOLA LOCA S. ENERGY GUARANA;3100;;;;;VARIOS;GOLOSINAS;GOLOSINAS;7792860002685
760;CHUPETIN BOLA LOCA X24;3100;;;;;VARIOS;GOLOSINAS;GOLOSINAS;7792860002111
761;CHUPETIN CEBOLLITA DULCE DE LECHE;1300;;;;;VARIOS;GOLOSINAS;GOLOSINAS;7792860002180
762;CHUPETIN CEBOLLITA FUTBOL;1300;;;;;VARIOS;GOLOSINAS;GOLOSINAS;7792860002128
763;CHUPETIN CEBOLLITA X40;1300;;;;;VARIOS;GOLOSINAS;GOLOSINAS;7792860002135
764;CHUPETIN CON HELICE;550;;;;;VARIOS;GOLOSINAS;GOLOSINAS;999952
765;CHUPETIN CON RATA;240;;;;;VARIOS;GOLOSINAS;GOLOSINAS;7796591720818
766;CHUPETIN COSMO FRUTAL TUTTI;3017;;;;;VARIOS;GOLOSINAS;GOLOSINAS;7790580121488
767;CHUPETIN COSMO FRUTAL X 40UNID;3600;;;;;VARIOS;GOLOSINAS;GOLOSINAS;7790580790301
768;CHUPETIN COSMO MEGA;3295;;;;;VARIOS;GOLOSINAS;GOLOSINAS;7790580126216
769;CHUPETIN COSMO MEGA X24;3730;;;;;VARIOS;GOLOSINAS;GOLOSINAS;7790580126018
770;CHUPETIN COSMOM DULCE DE LECHE;2850;;;;;VARIOS;GOLOSINAS;GOLOSINAS;7790580120801
771;CHUPETIN DINO NEON;45;;;;;VARIOS;GOLOSINAS;GOLOSINAS;6975896425005
772;CHUPETIN EVOLUCION BLUE;725;;;;;VARIOS;GOLOSINAS;GOLOSINAS;7790580118099
773;CHUPETIN EVOLUCION CEREZA;725;;;;;VARIOS;GOLOSINAS;GOLOSINAS;7790580118037
774;CHUPETIN FIERITA REDONDITO X50;150;;;;;VARIOS;GOLOSINAS;GOLOSINAS;7798040594636
775;CHUPETIN FLIM PAFF;198;;;;;VARIOS;GOLOSINAS;GOLOSINAS;7790380029632
776;CHUPETIN FLOKY;1790;;;;;VARIOS;GOLOSINAS;GOLOSINAS;7792354002849
777;CHUPETIN FLOKY FRUTALES;1790;;;;;VARIOS;GOLOSINAS;GOLOSINAS;7792354004119
778;CHUPETIN FLOKY FRUTILLA X24;1790;;;;;VARIOS;GOLOSINAS;GOLOSINAS;7792354004089
779;CHUPETIN FLOKY SPORT;1790;;;;;VARIOS;GOLOSINAS;GOLOSINAS;7792354004683
780;CHUPETIN FLOKY UVA;2000;;;;;VARIOS;GOLOSINAS;GOLOSINAS;7792354004836
781;CHUPETIN FLOKY X50;1600;;;;;VARIOS;GOLOSINAS;GOLOSINAS;7792354002818
782;CHUPETIN FLYM PAFF X 24;112;;;;;VARIOS;GOLOSINAS;GOLOSINAS;197
783;CHUPETIN LHERITIER MONSTER X50;415;;;;;VARIOS;GOLOSINAS;GOLOSINAS;7792860000056
784;CHUPETIN LHERITIER MONSTER X50;310;;;;;VARIOS;GOLOSINAS;GOLOSINAS;7792860009134
785;CHUPETIN MARENGO;1600;;;;;VARIOS;GOLOSINAS;GOLOSINAS;7792354003747
786;CHUPETIN MARENGO DOBLETE 80G;600;;;;;VARIOS;GOLOSINAS;GOLOSINAS;7792354004966
787;CHUPETIN MARENGO DULCE DE LECHE X50;1600;;;;;VARIOS;GOLOSINAS;GOLOSINAS;7792354004669
788;CHUPETIN MARENGO FRUTAL  X50;1600;;;;;VARIOS;GOLOSINAS;GOLOSINAS;7792354004072
789;CHUPETIN MARENGO MANZANA X 24;1600;;;;;VARIOS;GOLOSINAS;GOLOSINAS;7792354004843
790;CHUPETIN MARENGO X50 DOBLETE;1500;;;;;VARIOS;GOLOSINAS;GOLOSINAS;7792354004690
791;CHUPETIN MELON CON OJO X20;800;;;;;VARIOS;GOLOSINAS;GOLOSINAS;999615
77995128;CHUPETIN NITRO X50 ;4900;;;;;VARIOS;GOLOSINAS;GOLOSINAS;7798040595442
792;CHUPETIN PELOTITA PINTA LENGUA;2400;;;;;VARIOS;GOLOSINAS;GOLOSINAS;7792860009776
793;CHUPETIN PELOTITA X50 CHUP;2400;;;;;VARIOS;GOLOSINAS;GOLOSINAS;7792860000452
794;CHUPETIN PELOTITAS CHUP DE LECHE;2400;;;;;VARIOS;GOLOSINAS;GOLOSINAS;7792860008120
795;CHUPETIN PELOTITAS DUO X 50;2400;;;;;VARIOS;GOLOSINAS;GOLOSINAS;7792860008632
77995155;CHUPETIN POPS EVOLUTION BLOODY POPS;3650;;;;;VARIOS;GOLOSINAS;GOLOSINAS;7790580142223
77995157;CHUPETIN POPS EVOLUTION ZOMBIES;3650;;;;;VARIOS;GOLOSINAS;GOLOSINAS;7790580144463
77995169;CHUPETIN TERRORIFICOS;4390;;;;;VARIOS;GOLOSINAS;GOLOSINAS;7790580144999
796;CHUPETIN WAMIS;143;;;;;VARIOS;GOLOSINAS;GOLOSINAS;7793024000936
797;CHUPETIN WAMIS DE LECHE;143;;;;;VARIOS;GOLOSINAS;GOLOSINAS;7793024000950
798;CHUPETINWAMIS MAGICO;143;;;;;VARIOS;GOLOSINAS;GOLOSINAS;7793024000714
799;CHUPETONCITO X8;4900;;;;;VARIOS;GOLOSINAS;GOLOSINAS;7792860001213
714604605;CHUPETONCITO X8;4900;;;;;;;;7792860006669
800;CHUPETONCITO XU;800;;;;;VARIOS;GOLOSINAS;GOLOSINAS;7792860011212
801;CIF 750G;2910;;;;;VARIOS;GOLOSINAS;GOLOSINAS;7791290794221
802;CIF CREMA 375G;1530;;;;;VARIOS;GOLOSINAS;GOLOSINAS;7791290793385
803;CIF DESINFECTANTE;2370;;;;;VARIOS;GOLOSINAS;GOLOSINAS;7791290795778
804;CIF DESINFECTANTE SUP;2370;;;;;VARIOS;GOLOSINAS;GOLOSINAS;7791290795785
805;CIF DETERGENTE BIO;290;;;;;VARIOS;GOLOSINAS;GOLOSINAS;7791290792562
806;CIF DETERGENTE LIMON;290;;;;;VARIOS;GOLOSINAS;GOLOSINAS;7791290792555
807;CIF ULTRA BRILLO 400ML;1080;;;;;VARIOS;GOLOSINAS;GOLOSINAS;7791290792753
808;CIF ULTRA BRILLO CITRICAS 400ML;1080;;;;;VARIOS;GOLOSINAS;GOLOSINAS;7791290792760
809;CINTA BEBETO X 48;2995;;;;;VARIOS;GOLOSINAS;GOLOSINAS;8690146077206
810;CINTA BEBETO X UNIDAD;65;;;;;VARIOS;GOLOSINAS;GOLOSINAS;8690146071686
811;CINTA PARA EMBALAJE;520;;;;;VARIOS;GOLOSINAS;GOLOSINAS;4850
812;CINTA PARA PRECIOS;230;;;;;VARIOS;GOLOSINAS;GOLOSINAS;6560
714604632;CLOSE UP CEP;1900;;;;;VARIOS;GOLOSINAS;GOLOSINAS;7791293050904
714604630;CLOSEUP FORTES;2220;;;;;VARIOS;GOLOSINAS;GOLOSINAS;7891150049888
714604608;CLUB SOCIAL ;450;;;;;VARIOS;GOLOSINAS;GOLOSINAS;7622210692245
714604607;CLUB SOCIAL ;2560;;;;;VARIOS;GOLOSINAS;GOLOSINAS;7622210691835
714604606;CLUB SOCIAL X6;2560;;;;;VARIOS;GOLOSINAS;GOLOSINAS;7622202293733
813;COCA COLA 375 ML;150;;;;;VARIOS;GOLOSINAS;GOLOSINAS;7790895002656
814;COCO RALLADO;60;;;;;VARIOS;GOLOSINAS;GOLOSINAS;7796373000534
815;COFLER BLANCO CON CHOCOLINAS;380;;;;;VARIOS;GOLOSINAS;GOLOSINAS;7790580103538
816;COFLER BON O BON 30G;230;;;;;VARIOS;GOLOSINAS;GOLOSINAS;7790580127145
817;COHETE ABEJITA X12;190;;;;;VARIOS;GOLOSINAS;GOLOSINAS;12401
818;COHETE BASE X10;98;;;;;VARIOS;GOLOSINAS;GOLOSINAS;12397
819;COHETE BASE X16;150;;;;;VARIOS;GOLOSINAS;GOLOSINAS;12395
820;COHETE BASE X25;225;;;;;VARIOS;GOLOSINAS;GOLOSINAS;12394
821;COHETE BASE X50;500;;;;;VARIOS;GOLOSINAS;GOLOSINAS;12396
822;COHETE BATERIA;35;;;;;VARIOS;GOLOSINAS;GOLOSINAS;12383
823;COHETE BENGALITA;75;;;;;VARIOS;GOLOSINAS;GOLOSINAS;12384
829;COHETE CAÑA C/ PARACAIDAS XU;85;;;;;VARIOS;GOLOSINAS;GOLOSINAS;12392
830;COHETE CAÑA SILVADORA X12U;140;;;;;VARIOS;GOLOSINAS;GOLOSINAS;12391
831;COHETE CAÑA SURTIDA Y ALEMANA;70;;;;;VARIOS;GOLOSINAS;GOLOSINAS;12393
824;COHETE CANDELA X10;50;;;;;VARIOS;GOLOSINAS;GOLOSINAS;12386
825;COHETE CANDELA X20 TIROS;75;;;;;VARIOS;GOLOSINAS;GOLOSINAS;12387
826;COHETE CANDELA X30 TIROS;110;;;;;VARIOS;GOLOSINAS;GOLOSINAS;12388
827;COHETE CANDELA X5 TIROS;35;;;;;VARIOS;GOLOSINAS;GOLOSINAS;12385
828;COHETE CANDELA X50 TIROS;140;;;;;VARIOS;GOLOSINAS;GOLOSINAS;12389
832;COHETE CAÑITA VOLADORA X12;100;;;;;VARIOS;GOLOSINAS;GOLOSINAS;12408
833;COHETE ESPECTACULO X48;350;;;;;VARIOS;GOLOSINAS;GOLOSINAS;12405
834;COHETE ESPECTACULO X96;700;;;;;VARIOS;GOLOSINAS;GOLOSINAS;12404
835;COHETE ESTALLO XU;20;;;;;VARIOS;GOLOSINAS;GOLOSINAS;12403
836;COHETE ESTRELLITA X5;43;;;;;VARIOS;GOLOSINAS;GOLOSINAS;12390
837;COHETE FLORERITO X10;170;;;;;VARIOS;GOLOSINAS;GOLOSINAS;12398
838;COHETE FOSFORITO X40;350;;;;;VARIOS;GOLOSINAS;GOLOSINAS;12407
839;COHETE GLOBO AEROSTATICO;100;;;;;VARIOS;GOLOSINAS;GOLOSINAS;12409
840;COHETE HUEVITO X5;50;;;;;VARIOS;GOLOSINAS;GOLOSINAS;12402
841;COHETE MATA BRUJAS;90;;;;;VARIOS;GOLOSINAS;GOLOSINAS;12382
842;COHETE MORTERITO XU;75;;;;;VARIOS;GOLOSINAS;GOLOSINAS;12400
843;COHETE TERREMOTO;90;;;;;VARIOS;GOLOSINAS;GOLOSINAS;643
844;COHETE TORTA PARIS;370;;;;;VARIOS;GOLOSINAS;GOLOSINAS;12406
845;COHETE VOLCAN XU;40;;;;;VARIOS;GOLOSINAS;GOLOSINAS;12399
77995216;COMBO 1 JUGUITOS Y GALLETAS;1700;;;;;VARIOS;GOLOSINAS;GOLOSINAS;779952166
77995217;COMBO 2 CHIZITO MAS COSAS;2000;;;;;VARIOS;GOLOSINAS;GOLOSINAS;779952173
77995218;COMBO 3;1000;;;;;VARIOS;GOLOSINAS;GOLOSINAS;779952180
77995044;COMBO LHERITHIER;16900;;;;;VARIOS;GOLOSINAS;GOLOSINAS;779950445
714604667;COMBO TURRON ARCOR;1600;;;;;VARIOS;GOLOSINAS;GOLOSINAS;
714604673;CONEJO ROCKLETS;4800;;;;;VARIOS;GOLOSINAS;GOLOSINAS;7790580146146
846;CONFITE BANANITA X10;210;;;;;VARIOS;GOLOSINAS;GOLOSINAS;7795522002740
847;CONFITE BANDERITAS 180G;120;;;;;VARIOS;GOLOSINAS;GOLOSINAS;7798366580139
848;CONFITE CON JUGUETE;65;;;;;VARIOS;GOLOSINAS;GOLOSINAS;99831
849;CONFITE HOMBRE ARAÑA X40;380;;;;;VARIOS;GOLOSINAS;GOLOSINAS;7799613566531
850;CONFITE HUESITO DE CHOCOLATE X10;230;;;;;VARIOS;GOLOSINAS;GOLOSINAS;7795522000722
851;CONFITE NAVIDEÑO X40;325;;;;;VARIOS;GOLOSINAS;GOLOSINAS;7797112007319
852;CONFITE PEPA X40;380;;;;;VARIOS;GOLOSINAS;GOLOSINAS;7796667518707
853;CONFITE X30;380;;;;;VARIOS;GOLOSINAS;GOLOSINAS;7797112006732
854;CONFITES BANDERITAS PAILAS 80G;68;;;;;VARIOS;GOLOSINAS;GOLOSINAS;7798366580283
855;CONFITES DE KG;840;;;;;VARIOS;GOLOSINAS;GOLOSINAS;7795522001378
856;CONFITES DE KG HUESITO;840;;;;;VARIOS;GOLOSINAS;GOLOSINAS;7795522000227
857;CONFITES GOLOSINAS;80;;;;;VARIOS;GOLOSINAS;GOLOSINAS;15691
858;CONFITES MIRGAL;80;;;;;VARIOS;GOLOSINAS;GOLOSINAS;7790953008132
859;CONFITES SURTIDO;325;;;;;VARIOS;GOLOSINAS;GOLOSINAS;7797101952149
860;CONFITES SURTIDOS X40;355;;;;;VARIOS;GOLOSINAS;GOLOSINAS;7796601952147
861;CONFITES TIC TAC;45;;;;;VARIOS;GOLOSINAS;GOLOSINAS;6968100300878
862;CONO DOBLE C/U;6;;;;;VARIOS;GOLOSINAS;GOLOSINAS;1251
863;CONO DOBLE CAJA;1600;;;;;VARIOS;GOLOSINAS;GOLOSINAS;1252
864;CONO NIKITO 80G;1300;;;;;VARIOS;GOLOSINAS;GOLOSINAS;7798052362506
865;CONO P/PAPA CHICO;7;;;;;VARIOS;GOLOSINAS;GOLOSINAS;131
866;CONO P/PAPA GRANDE;10;;;;;VARIOS;GOLOSINAS;GOLOSINAS;132
867;CONO SUPER PANCHO;2,5;;;;;VARIOS;GOLOSINAS;GOLOSINAS;134
868;COPITO RIQUITO;300;;;;;VARIOS;GOLOSINAS;GOLOSINAS;11120
869;COPOS DE MAIZ;125;;;;;VARIOS;GOLOSINAS;GOLOSINAS;7790045001584
870;COQUET CUBANITO;36;;;;;VARIOS;GOLOSINAS;GOLOSINAS;7793123017507
871;CORAZON HOMBRE ARAÑA;325;;;;;VARIOS;GOLOSINAS;GOLOSINAS;7798119796381
872;CORAZON PAW PATROL;325;;;;;VARIOS;GOLOSINAS;GOLOSINAS;7797112006718
873;CORAZON PEPA;325;;;;;VARIOS;GOLOSINAS;GOLOSINAS;7796778629811
874;CORAZON UNICORNIO;325;;;;;VARIOS;GOLOSINAS;GOLOSINAS;7797112063278
875;CORNETA;50;;;;;VARIOS;GOLOSINAS;GOLOSINAS;12379
876;CORTINA AMARILLA CIRCULOS;1600;;;;;VARIOS;GOLOSINAS;GOLOSINAS;2022090213120
877;CORTINA ESTRELLA;1600;;;;;VARIOS;GOLOSINAS;GOLOSINAS;2022090207136
878;CORTINA IRIDISCENTE;1600;;;;;VARIOS;GOLOSINAS;GOLOSINAS;7798047032506
879;CORTINA LLUVIA AMARILLA;1600;;;;;VARIOS;GOLOSINAS;GOLOSINAS;202090205130
880;CORTINA LLUVIA ROSA;1600;;;;;VARIOS;GOLOSINAS;GOLOSINAS;202090205734
881;CORTINA METALIZADA 2 MT;1600;;;;;VARIOS;GOLOSINAS;GOLOSINAS;7798047032421
882;CORTINA METALIZADA CELESTE;1600;;;;;VARIOS;GOLOSINAS;GOLOSINAS;7798047032520
883;CORTINA METALIZADA ROSA;1600;;;;;VARIOS;GOLOSINAS;GOLOSINAS;7798047032896
884;CORTINA PASTEL AMARILLA;1600;;;;;VARIOS;GOLOSINAS;GOLOSINAS;7798047032476
885;CORTINA PASTEL MORADA;1600;;;;;VARIOS;GOLOSINAS;GOLOSINAS;7798047032469
886;CORTINA PASTEL ROSA;1600;;;;;VARIOS;GOLOSINAS;GOLOSINAS;7798047032452
887;CORTINA PASTEL VERDE;1600;;;;;VARIOS;GOLOSINAS;GOLOSINAS;7798047032483
888;CORTINA ROSA CIRCULOS;1600;;;;;VARIOS;GOLOSINAS;GOLOSINAS;2022090213328
889;CORTINA VERDE;1600;;;;;VARIOS;GOLOSINAS;GOLOSINAS;7797211010876
890;CORTINAS ESTRELLAS;1600;;;;;VARIOS;GOLOSINAS;GOLOSINAS;2022090207433
714604593;CREMITA PIKE;5630;;;;;VARIOS;GOLOSINAS;GOLOSINAS;7146045933
891;CRISPY TYM X18;4500;;;;;VARIOS;GOLOSINAS;GOLOSINAS;7793209904097
892;CROCBAR X48;6400;;;;;VARIOS;GOLOSINAS;GOLOSINAS;27798094223852
893;CROCBAR X48;6400;;;;;VARIOS;GOLOSINAS;GOLOSINAS;27798094223821
894;CROWIE CHEVERE;56;;;;;VARIOS;GOLOSINAS;GOLOSINAS;7798228640353
895;CROWIE MIX;56;;;;;VARIOS;GOLOSINAS;GOLOSINAS;7798228640346
896;CROWIE PICADITA;56;;;;;VARIOS;GOLOSINAS;GOLOSINAS;7798228640360
897;CROWIE X 20;68;;;;;VARIOS;GOLOSINAS;GOLOSINAS;7798228640155
898;CUBANITO CUBACOA;180;;;;;VARIOS;GOLOSINAS;GOLOSINAS;7793209903809
899;CUBANITO FEELING;85;;;;;VARIOS;GOLOSINAS;GOLOSINAS;7790206506958
900;CUBANITO OBLITA CHOCOLATE;690;;;;;VARIOS;GOLOSINAS;GOLOSINAS;7793123000356
901;CUBANITO OBLITA MARROC;690;;;;;VARIOS;GOLOSINAS;GOLOSINAS;7793123000363
902;CUBANITO OBLITAX48;2965;;;;;VARIOS;GOLOSINAS;GOLOSINAS;7793123000387
903;CUBANITO P/RELLNAR;56;;;;;VARIOS;GOLOSINAS;GOLOSINAS;148
904;CUBANITOS BAÑADOS X40;250;;;;;VARIOS;GOLOSINAS;GOLOSINAS;99902213
905;CUBANITOS DOLCE ROLLY X40;350;;;;;VARIOS;GOLOSINAS;GOLOSINAS;99902212
906;CUBANITOS QUE RICO;2000;;;;;VARIOS;GOLOSINAS;GOLOSINAS;11147
907;CUBIERTOS X 50;200;;;;;VARIOS;GOLOSINAS;GOLOSINAS;150
908;CUCHARA  X50 PARA POSTRE;300;;;;;VARIOS;GOLOSINAS;GOLOSINAS;152
909;CUCHARA P/HELADO;50;;;;;VARIOS;GOLOSINAS;GOLOSINAS;128
910;CUCHILLO PLASTICO;750;;;;;VARIOS;GOLOSINAS;GOLOSINAS;11180
911;CUCURUCHO RELLENO X20;350;;;;;VARIOS;GOLOSINAS;GOLOSINAS;99902214
912;DAV SHAMPOO RECONSTRUCCION;390;;;;;VARIOS;GOLOSINAS;GOLOSINAS;7791293042220
913;DAVE ACONDICIONADOR;3000;;;;;VARIOS;GOLOSINAS;GOLOSINAS;7791293047072
914;DAVE ACONDICIONADOR;3520;;;;;VARIOS;GOLOSINAS;GOLOSINAS;7791293047058
915;DAVE ACONDICIONADOR RESPUESTO;890;;;;;VARIOS;GOLOSINAS;GOLOSINAS;7791293041391
916;DAVE RESPUIESTO SHAMPOO;890;;;;;VARIOS;GOLOSINAS;GOLOSINAS;7791293046952
917;DAVE SHAMPOO COCO;2760;;;;;VARIOS;GOLOSINAS;GOLOSINAS;7791293047034
918;DAVE SHAMPOO RESPUESTO;890;;;;;VARIOS;GOLOSINAS;GOLOSINAS;7791293041469
919;DAVE SHANPOO REGENERACION EXT.;890;;;;;VARIOS;GOLOSINAS;GOLOSINAS;7791293045429
920;DESCRIPCION;0;;;;;VARIOS;GOLOSINAS;GOLOSINAS;CODIGO
921;DESINFECTANTE CITRICO;2390;;;;;VARIOS;GOLOSINAS;GOLOSINAS;7791290795792
922;DESODORANTE AXE;2720;;;;;VARIOS;GOLOSINAS;GOLOSINAS;7791293043821
923;DESODORANTE AXE BZRO;3540;;;;;VARIOS;GOLOSINAS;GOLOSINAS;7791293051031
924;DESODORANTE AXE FRESAH;2280;;;;;VARIOS;GOLOSINAS;GOLOSINAS;7791293044057
925;DESODORANTE DAVE INVISIBLE;3500;;;;;VARIOS;GOLOSINAS;GOLOSINAS;7791293048529
926;DESODORANTE DAVE ORIGINAL;3490;;;;;VARIOS;GOLOSINAS;GOLOSINAS;7791293048468
927;DESODORANTE DOVE POMELO;4100;;;;;VARIOS;GOLOSINAS;GOLOSINAS;7791293048482
928;DETERGENTE ALA 500ML;1700;;;;;VARIOS;GOLOSINAS;GOLOSINAS;7791290794320
929;DETERGENTE ALA LIMON;310;;;;;VARIOS;GOLOSINAS;GOLOSINAS;7791290794276
930;DETERGENTE ALA OCEANO;315;;;;;VARIOS;GOLOSINAS;GOLOSINAS;7791290794313
931;DETERGENTE ALA POMELO;310;;;;;VARIOS;GOLOSINAS;GOLOSINAS;7791290794290
932;DETERGENTE CIF;2300;;;;;VARIOS;GOLOSINAS;GOLOSINAS;7791290794115
933;DETERGENTE CIF LIMA;1420;;;;;VARIOS;GOLOSINAS;GOLOSINAS;7791290794108
934;DETERGENTE CIF LIMON;1420;;;;;VARIOS;GOLOSINAS;GOLOSINAS;7791290794054
935;DETERGETE 500ML;2470;;;;;VARIOS;GOLOSINAS;GOLOSINAS;7791290794061
936;DINOSAURIO CONFITE;65;;;;;VARIOS;GOLOSINAS;GOLOSINAS;99834
714604716;DISCO DE ARROZ MANI Y MIEL;1800;;;;;VARIOS;GOLOSINAS;GOLOSINAS;7798180701048
937;DISCO DE ARROZ TIMON CRUZ;500;;;;;VARIOS;GOLOSINAS;GOLOSINAS;7798180700133
938;DISCO DE ARROZ TIMON CRUZ;500;;;;;VARIOS;GOLOSINAS;GOLOSINAS;7798180700119
939;DISCO DE ARROZ TIMON CRUZ;500;;;;;VARIOS;GOLOSINAS;GOLOSINAS;7798180700126
714604715;DISCO DE ARROZ TRADICIONAL;1800;;;;;VARIOS;GOLOSINAS;GOLOSINAS;7798180701031
77995151;DISPEN ROCKLETS;14000;;;;;VARIOS;GOLOSINAS;GOLOSINAS;7790580144876
77995204;DOCILE GELATINA 250G ;2800;;;;;VARIOS;GOLOSINAS;GOLOSINAS;7896451929457
940;DOCILE PASTILLITA MEGA;1200;;;;;VARIOS;GOLOSINAS;GOLOSINAS;7896451900012
941;DOCILE PASTILLITAS MINI 5;1940;;;;;VARIOS;GOLOSINAS;GOLOSINAS;7896451905413
942;DOCILE PASTILLITAS MINI 8;1250;;;;;VARIOS;GOLOSINAS;GOLOSINAS;7896451902542
943;DON SATUR MAGDALENAS SABOR CHOCO.;540;;;;;VARIOS;GOLOSINAS;GOLOSINAS;7795735601204
944;DORITO 85G;350;;;;;VARIOS;GOLOSINAS;GOLOSINAS;7892840817671
945;DORITO X45G;210;;;;;VARIOS;GOLOSINAS;GOLOSINAS;7790310984185
946;DORITOS;350;;;;;VARIOS;GOLOSINAS;GOLOSINAS;7790310984192
714604640;DOVE ACONDICIONADOR;3520;;;;;;;;7791293047065
947;DOVE ACONDICIONADOR 180;390;;;;;VARIOS;GOLOSINAS;GOLOSINAS;7791293042336
948;DOVE ACONDICIONADOR 200;450;;;;;VARIOS;GOLOSINAS;GOLOSINAS;7891150082670
949;DOVE ACONDICIONADOR 200;450;;;;;VARIOS;GOLOSINAS;GOLOSINAS;7791293045276
950;DOVE ACONDICIONADOR COCO;3520;;;;;VARIOS;GOLOSINAS;GOLOSINAS;7791293047041
951;DOVE COCO;560;;;;;VARIOS;GOLOSINAS;GOLOSINAS;7791293046273
952;DOVE DESO DEJATE LLEVAR;560;;;;;VARIOS;GOLOSINAS;GOLOSINAS;7791293034584
77995056;DOVE FRESH;4100;;;;;VARIOS;GOLOSINAS;GOLOSINAS;7791293048499
953;DOVE GRANADA;560;;;;;VARIOS;GOLOSINAS;GOLOSINAS;7791293046259
954;DOVE POMELO;560;;;;;VARIOS;GOLOSINAS;GOLOSINAS;7791293046242
955;DOVE POMELO Y HIERVA DE LIMON;560;;;;;VARIOS;GOLOSINAS;GOLOSINAS;7791293040035
956;DOVE SHAMPOO 200;450;;;;;VARIOS;GOLOSINAS;GOLOSINAS;7791293045436
957;DOVE SHAMPOO RECONSTRUCCION;3520;;;;;VARIOS;GOLOSINAS;GOLOSINAS;7791293046983
958;DUCREM AVELLANA X 36;4900;;;;;VARIOS;GOLOSINAS;GOLOSINAS;7896383052285
959;DUCREM LECHE X 36;4900;;;;;VARIOS;GOLOSINAS;GOLOSINAS;7896383053169
960;DUCREM NAPOLITANO X 36;4900;;;;;VARIOS;GOLOSINAS;GOLOSINAS;7896383055347
961;DULCE DE LECHE 400G REPOSTERO;1190;;;;;VARIOS;GOLOSINAS;GOLOSINAS;7798320380171
962;DULCE DE LECHE ANAMA 400G;370;;;;;VARIOS;GOLOSINAS;GOLOSINAS;7798320381369
963;DULCE DE LECHE DAURAT  200G;780;;;;;VARIOS;GOLOSINAS;GOLOSINAS;7798271100095
964;DULCE DE LECHE DAURAT 400G;1400;;;;;VARIOS;GOLOSINAS;GOLOSINAS;7798271100118
965;DULCE DE LECHE FINCA LA CARAMELA VIDR;860;;;;;VARIOS;GOLOSINAS;GOLOSINAS;7798320381659
966;DULCE DE LECHE LA CARAMELA 1KG;1000;;;;;VARIOS;GOLOSINAS;GOLOSINAS;7798320380027
967;DULCE DE LECHE LA CARMELA 200G;250;;;;;VARIOS;GOLOSINAS;GOLOSINAS;7798320380164
968;DULCE DE LECHE LA CARMELA 400G;460;;;;;VARIOS;GOLOSINAS;GOLOSINAS;7798320380157
969;DULCE DE LECHE LA CARMELA 500;500;;;;;VARIOS;GOLOSINAS;GOLOSINAS;7798320380010
970;DULCE DE LECHE LHERITIER 200G;950;;;;;VARIOS;GOLOSINAS;GOLOSINAS;7792860001473
971;DULCE DE LECHE LHERITIER 400G;1750;;;;;VARIOS;GOLOSINAS;GOLOSINAS;7792860001404
972;DULCE DE LECHE QUEBRACHAL GRANDE;65;;;;;VARIOS;GOLOSINAS;GOLOSINAS;7798058690108
973;DULCE DE MEMBRILLO 5K;6990;;;;;VARIOS;GOLOSINAS;GOLOSINAS;7791996080345
974;DULCE ROLLY CUBANITO DULCE DE LECHE;650;;;;;VARIOS;GOLOSINAS;GOLOSINAS;542588
975;DULCE ROLLY CUBANITO RELLENO MANI;650;;;;;VARIOS;GOLOSINAS;GOLOSINAS;542587
976;DURAZNO EN MITADES 820;1600;;;;;VARIOS;GOLOSINAS;GOLOSINAS;7790313000011
977;ENBLOCADAS 15X25;25;;;;;VARIOS;GOLOSINAS;GOLOSINAS;166
978;ENBLOCADAS 20X30;32;;;;;VARIOS;GOLOSINAS;GOLOSINAS;167
979;ENBLOCADAS 25X35;37;;;;;VARIOS;GOLOSINAS;GOLOSINAS;168
980;ENBLOCADAS 30X40;60;;;;;VARIOS;GOLOSINAS;GOLOSINAS;169
981;ENCENDEDOR CANDELA;270;;;;;VARIOS;GOLOSINAS;GOLOSINAS;6902004095218
982;ENCENDEDOR CANDELA CAJA X 25;6300;;;;;VARIOS;GOLOSINAS;GOLOSINAS;7798322400686
983;ENCENDEDOR SHARK X U;250;;;;;VARIOS;GOLOSINAS;GOLOSINAS;7791519002649
984;ENCENDEDOR SHARK X25;1885;;;;;VARIOS;GOLOSINAS;GOLOSINAS;7791519702365
985;ESCARBADIENTES XU;40;;;;;VARIOS;GOLOSINAS;GOLOSINAS;130
986;ESOLENDOR 180METROS X6;940;;;;;VARIOS;GOLOSINAS;GOLOSINAS;7790399001117
987;ESPADINES X50U;300;;;;;VARIOS;GOLOSINAS;GOLOSINAS;7790773034090
714604642;ESPIRAL ALADIN X48;37000;;;;;VARIOS;GOLOSINAS;GOLOSINAS;7146046428
714604643;ESPIRAL ALLADIN PROMO 5 SOBRES ;4000;;;;;VARIOS;GOLOSINAS;GOLOSINAS;7146046435
714604641;ESPIRAL ALLADIN X10;1000;;;;;;;;7896582100893
989;ESPLANDOR BLANCO 200M;760;;;;;VARIOS;GOLOSINAS;GOLOSINAS;7790399001124
990;ESPLENDOR BLANCO 30M X4;760;;;;;VARIOS;GOLOSINAS;GOLOSINAS;7790399001100
991;ESPLENDOR BLANCO 40M X6;1100;;;;;VARIOS;GOLOSINAS;GOLOSINAS;7790399001131
992;ESPLENDOR BLANCO 50M X 6;1620;;;;;VARIOS;GOLOSINAS;GOLOSINAS;7790399001155
993;ESPLENDOR BLANCO X6 50M;1620;;;;;VARIOS;GOLOSINAS;GOLOSINAS;7790399001070
994;ESPLENDOR NATURAL 30M XU;190;;;;;VARIOS;GOLOSINAS;GOLOSINAS;7790399001001
995;ESPLENDOR NATURAL 50M X4;970;;;;;VARIOS;GOLOSINAS;GOLOSINAS;7790399001087
996;ESPLENDOR NATURAL X 4;490;;;;;VARIOS;GOLOSINAS;GOLOSINAS;7790399001063
997;ESPLENDOR NATURAL X50M X6;1620;;;;;VARIOS;GOLOSINAS;GOLOSINAS;7790399001094
998;ESPLENDOR ROLLO DE COCINA  X3;1100;;;;;VARIOS;GOLOSINAS;GOLOSINAS;7790399003210
999;ESPLENDOR ULTRA ROLLO DE COSINA 300R.;1240;;;;;VARIOS;GOLOSINAS;GOLOSINAS;7790399003234
1000;ESPLENDOR X2 X80 METROS;1100;;;;;VARIOS;GOLOSINAS;GOLOSINAS;7790399001025
77995130;ESTRELLITAS X100;4500;;;;;VARIOS;GOLOSINAS;GOLOSINAS;7798040595381
1001;ESTUCHE BONBON BELL;110;;;;;VARIOS;GOLOSINAS;GOLOSINAS;7896066762616
1002;EXQUISITA GELATINA FRAMBUESA;650;;;;;VARIOS;GOLOSINAS;GOLOSINAS;7790070432537
1003;EXQUISITA POSTRE CHOCOLATE;600;;;;;VARIOS;GOLOSINAS;GOLOSINAS;7790070417879
1004;FABRICA DE GOMITAS TEMBLEKE;150;;;;;VARIOS;GOLOSINAS;GOLOSINAS;7791359040320
1005;FACU CHIZITO KG;2920;;;;;VARIOS;GOLOSINAS;GOLOSINAS;7798153360029
1006;FACU CHIZITO X 400G;520;;;;;VARIOS;GOLOSINAS;GOLOSINAS;7798153360951
1007;FACU CHIZTO X 1KG;2760;;;;;VARIOS;GOLOSINAS;GOLOSINAS;178
1008;FACU CHURRO 1KG;3000;;;;;VARIOS;GOLOSINAS;GOLOSINAS;7798153360906
1009;FACU NUBECITA ROSA;3000;;;;;VARIOS;GOLOSINAS;GOLOSINAS;7798153360265
1010;FACU PAPA  80G;900;;;;;VARIOS;GOLOSINAS;GOLOSINAS;7798153360999
1011;FACU PAPA  X 500G;5400;;;;;VARIOS;GOLOSINAS;GOLOSINAS;7798153360470
1012;FACU PAPA 200G;2100;;;;;VARIOS;GOLOSINAS;GOLOSINAS;7798153360982
1013;FACU PAPA 20G;280;;;;;VARIOS;GOLOSINAS;GOLOSINAS;7798153361002
1014;FACU PAPA 500G ACALANADAS;5000;;;;;VARIOS;GOLOSINAS;GOLOSINAS;7798153360494
1015;FACU PAPA X KG;11100;;;;;VARIOS;GOLOSINAS;GOLOSINAS;7798153360463
1016;FACU PUFLITO X 400G;520;;;;;VARIOS;GOLOSINAS;GOLOSINAS;7798153360739
1017;FACU PUFLITO X KG;3000;;;;;VARIOS;GOLOSINAS;GOLOSINAS;7798153360050
1018;FACU TUTUCA 1KG;3700;;;;;VARIOS;GOLOSINAS;GOLOSINAS;7798153360388
714604626;FANACOA MOSTAZA ;955;;;;;VARIOS;GOLOSINAS;GOLOSINAS;7794000005204
1019;FARDO DE COCA X6;825;;;;;VARIOS;GOLOSINAS;GOLOSINAS;4
714604625;FELPITA ;1650;;;;;VARIOS;GOLOSINAS;GOLOSINAS;7791828000046
1020;FERRERO ROCHER CAJITA 4;3360;;;;;VARIOS;GOLOSINAS;GOLOSINAS;7898024397861
1021;FERRERO ROCHER X12;10700;;;;;VARIOS;GOLOSINAS;GOLOSINAS;7898024396994
1022;FERRERO ROCHER X3;3200;;;;;VARIOS;GOLOSINAS;GOLOSINAS;78909434
1023;FERRERO X24;26870;;;;;VARIOS;GOLOSINAS;GOLOSINAS;8000500009673
1024;FERRERO X8;7400;;;;;VARIOS;GOLOSINAS;GOLOSINAS;7861002900117
1025;FIDEO CHICAGO 500G;280;;;;;VARIOS;GOLOSINAS;GOLOSINAS;7798053337008
1026;FIDEO CHICAGO ROSCA;390;;;;;VARIOS;GOLOSINAS;GOLOSINAS;7798053330443
77995077;FIDEO FAVORITA 500G;790;;;;;VARIOS;GOLOSINAS;GOLOSINAS;7790070321435
1027;FIDEO FAVORITA CODITO 500G;790;;;;;VARIOS;GOLOSINAS;GOLOSINAS;7790070320322
1028;FIDEO FAVORITA SPAGHETTI 500G;790;;;;;VARIOS;GOLOSINAS;GOLOSINAS;7790070320285
1029;FIDEO FAVORITA TIRABUZON;790;;;;;VARIOS;GOLOSINAS;GOLOSINAS;7790070320308
77995046;FIDEO JUAN PUEBLITO AL HUEVO ;1500;;;;;VARIOS;GOLOSINAS;GOLOSINAS;7798114120068
1030;FIDEO LA FAVORITA;790;;;;;VARIOS;GOLOSINAS;GOLOSINAS;7790070320315
1031;FIDEO LUCCHETTI AVE MARIA 500G;1100;;;;;VARIOS;GOLOSINAS;GOLOSINAS;7790070318374
1032;FIDEO LUCCHETTI CABELLO DE ANGEL 500G;1100;;;;;VARIOS;GOLOSINAS;GOLOSINAS;7790070320155
1033;FIDEO LUCCHETTI CODITO 500G;800;;;;;VARIOS;GOLOSINAS;GOLOSINAS;7790070318343
1034;FIDEO LUCCHETTI DEDALITOS 500G;800;;;;;VARIOS;GOLOSINAS;GOLOSINAS;7790070318398
1035;FIDEO LUCCHETTI RIGATE 500G;800;;;;;VARIOS;GOLOSINAS;GOLOSINAS;7790070336361
1036;FIDEO LUCCHETTI SPAGETTI N7;1100;;;;;VARIOS;GOLOSINAS;GOLOSINAS;7790070336385
1037;FIDEO LUCCHETTI TIRABUZON 500G;1100;;;;;VARIOS;GOLOSINAS;GOLOSINAS;7790070336026
1038;FIDEO MATARAZZO  MOSTACHOL 500G;800;;;;;VARIOS;GOLOSINAS;GOLOSINAS;7790070336217
1039;FIDEO MATARAZZO 500G;1200;;;;;VARIOS;GOLOSINAS;GOLOSINAS;7790070336309
1040;FIDEO MATARAZZO CODITO 500G;800;;;;;VARIOS;GOLOSINAS;GOLOSINAS;7790070318619
1041;FIDEO NIDOS PROV. CABELLO DE ANGEL;58;;;;;VARIOS;GOLOSINAS;GOLOSINAS;7798141971411
1042;FIDEO PROVIDENCIA ENTREFINO;65;;;;;VARIOS;GOLOSINAS;GOLOSINAS;7798141970346
1043;FIDEO PROVIDENCIA MOÑO;70;;;;;VARIOS;GOLOSINAS;GOLOSINAS;7798141970414
1044;FIDEO PROVIDENCIA MOSTACHOL;65;;;;;VARIOS;GOLOSINAS;GOLOSINAS;7798141970360
1045;FIDEO PROVIDENCIA NIDO;56;;;;;VARIOS;GOLOSINAS;GOLOSINAS;7798141971404
1046;FIDEO PROVIDENCIA PAMPERITO;65;;;;;VARIOS;GOLOSINAS;GOLOSINAS;7798141971152
1047;FIDEO PROVIDENCIA RIGGATTI;65;;;;;VARIOS;GOLOSINAS;GOLOSINAS;7798141970889
1048;FIDEO PROVIDENCIA TIRABUZON;65;;;;;VARIOS;GOLOSINAS;GOLOSINAS;7798141970384
1049;FIDEO RIVOLI CABELLOS DE ANGEL;550;;;;;VARIOS;GOLOSINAS;GOLOSINAS;7798053335011
1050;FIDEO RIVOLI CODITO;390;;;;;VARIOS;GOLOSINAS;GOLOSINAS;7798053332102
1051;FIDEO RIVOLI CODO 500G;390;;;;;VARIOS;GOLOSINAS;GOLOSINAS;7798053332119
1052;FIDEO RIVOLI DEDALES;390;;;;;VARIOS;GOLOSINAS;GOLOSINAS;7798053332034
1053;FIDEO RIVOLI DEDALITOS 500;390;;;;;VARIOS;GOLOSINAS;GOLOSINAS;7798053331051
1054;FIDEO RIVOLI ENTRE FINO;390;;;;;VARIOS;GOLOSINAS;GOLOSINAS;7798053333024
1055;FIDEO RIVOLI ENTRE FINO TALLARIN;390;;;;;VARIOS;GOLOSINAS;GOLOSINAS;7798053333048
1056;FIDEO RIVOLI ENTREFINO X500;390;;;;;VARIOS;GOLOSINAS;GOLOSINAS;79803333048
1057;FIDEO RIVOLI MOÑO MEDIANO 500G;550;;;;;VARIOS;GOLOSINAS;GOLOSINAS;7798053339262
1058;FIDEO RIVOLI MOSTACHOL 500G;390;;;;;VARIOS;GOLOSINAS;GOLOSINAS;7798053339064
1059;FIDEO RIVOLI PAMPERITO;390;;;;;VARIOS;GOLOSINAS;GOLOSINAS;7798053331068
1060;FIDEO RIVOLI PAMPERO 500;390;;;;;VARIOS;GOLOSINAS;GOLOSINAS;7798053332010
1061;FIDEO RIVOLI TALLARIN;550;;;;;VARIOS;GOLOSINAS;GOLOSINAS;7798053335035
1062;FIDEO RIVOLI TALLARIN ROSCA VERDE;550;;;;;VARIOS;GOLOSINAS;GOLOSINAS;7798053339330
1063;FIDEO RIVOLI TIRABUZON;390;;;;;VARIOS;GOLOSINAS;GOLOSINAS;7798053332058
1064;FIDEO TALLARIN VERIZIA;65;;;;;VARIOS;GOLOSINAS;GOLOSINAS;7798314230147
1065;FIDEO TERRABUSI;800;;;;;VARIOS;GOLOSINAS;GOLOSINAS;7790070336460
1066;FIDEO TERRABUSI CODITOS DE 500G;800;;;;;VARIOS;GOLOSINAS;GOLOSINAS;7790070335678
1067;FIDEO TERRABUSI DEDALITOS;800;;;;;VARIOS;GOLOSINAS;GOLOSINAS;7622300724436
1068;FIDEO TERRABUSI FUSILLI 500G;800;;;;;VARIOS;GOLOSINAS;GOLOSINAS;7790070336453
1069;FIDEO TERRABUSI MOÑOS;1400;;;;;VARIOS;GOLOSINAS;GOLOSINAS;7622300724221
1070;FIDEO TERRABUSI MOSTACHOL;800;;;;;VARIOS;GOLOSINAS;GOLOSINAS;7790070336446
1071;FIDEO TERRABUSI TALLARIN N7;800;;;;;VARIOS;GOLOSINAS;GOLOSINAS;7790070336477
1072;FIDEO VAZQUEZ CINTA ANCHAS;90;;;;;VARIOS;GOLOSINAS;GOLOSINAS;7790025000538
1074;FIDEO VAZQUEZ CINTAS;90;;;;;VARIOS;GOLOSINAS;GOLOSINAS;7790025000293
1073;FIDEO VAZQUEZ CINTAS;90;;;;;VARIOS;GOLOSINAS;GOLOSINAS;7790025000507
1075;FIDEO VERIZIA RIGATONI;40;;;;;VARIOS;GOLOSINAS;GOLOSINAS;7798314230314
1076;FIDEOS VERIZIA CODO;40;;;;;VARIOS;GOLOSINAS;GOLOSINAS;7798314230024
1077;FIDEOS VERIZIA DEDALITO;40;;;;;VARIOS;GOLOSINAS;GOLOSINAS;7798314230055
1078;FIDEOS VERIZIA ENTREFINO;40;;;;;VARIOS;GOLOSINAS;GOLOSINAS;7798314230116
1079;FIDEOS VERIZIA MOSTACHOL;40;;;;;VARIOS;GOLOSINAS;GOLOSINAS;7798314230086
1080;FIDEOS VERIZIA TIRABUZON;40;;;;;VARIOS;GOLOSINAS;GOLOSINAS;7798314230178
714604719;FIGURITAS ;1500;;;;;VARIOS;GOLOSINAS;GOLOSINAS;7146047197
1081;FLAN VAINILLA;45;;;;;VARIOS;GOLOSINAS;GOLOSINAS;7791113001536
1082;FLOKY X35 RECARGADO;810;;;;;VARIOS;GOLOSINAS;GOLOSINAS;7792354003860
1083;FLOW ALMENDRAS;900;;;;;VARIOS;GOLOSINAS;GOLOSINAS;7790380020233
1084;FLOW CEREAL AVELLANAS ARAN. CON MIEL;500;;;;;VARIOS;GOLOSINAS;GOLOSINAS;7790380020271
1085;FLOW CEREAL OURO CACAO;500;;;;;VARIOS;GOLOSINAS;GOLOSINAS;7790380020295
1086;FLOW CEREAL PISO DE CHOCOLATE;430;;;;;VARIOS;GOLOSINAS;GOLOSINAS;7790380020240
1087;FLOW CEREAL X6;2460;;;;;VARIOS;GOLOSINAS;GOLOSINAS;7790380015031
1088;FLOW CHOCOLATE;3000;;;;;VARIOS;GOLOSINAS;GOLOSINAS;7790380020011
1089;FLOW GRANOLA;740;;;;;VARIOS;GOLOSINAS;GOLOSINAS;7790380015024
77995193;FOCOS XU;700;;;;;VARIOS;GOLOSINAS;GOLOSINAS;779951930
1090;FOLEM 1/2;700;;;;;VARIOS;GOLOSINAS;GOLOSINAS;1333
1091;FOLEM 1KG;2500;;;;;VARIOS;GOLOSINAS;GOLOSINAS;4836
1092;FRACCIONADO ANIMAL CREMY;1200;;;;;VARIOS;GOLOSINAS;GOLOSINAS;22
3155;FRACCIONADO BABY DOLL;1700;;;;;VARIOS;GOLOSINAS;GOLOSINAS;31554
77995199;FRACCIONADO BOCADITO BELL;3000;;;;;VARIOS;GOLOSINAS;GOLOSINAS;779951992
1093;FRACCIONADO BOMBON SMIILE;1100;;;;;VARIOS;GOLOSINAS;GOLOSINAS;11170
1095;FRACCIONADO CARAM LHERITIER PICO DURO;1350;;;;;VARIOS;GOLOSINAS;GOLOSINAS;29
1094;FRACCIONADO CARAMELO ALKA;1000;;;;;VARIOS;GOLOSINAS;GOLOSINAS;11153
714604664;FRACCIONADO CARAMELO ARCOR MENTA ;1600;;;;;VARIOS;GOLOSINAS;GOLOSINAS;7146046640
714604561;FRACCIONADO CARAMELO ARCOR MENTA  Y MIEL;2300;;;;;VARIOS;GOLOSINAS;GOLOSINAS;7146045612
1096;FRACCIONADO CARAMELO MARENGO;1350;;;;;VARIOS;GOLOSINAS;GOLOSINAS;27
3153;FRACCIONADO CARAMELO MARENGO OSTRITA ;1350;;;;;VARIOS;GOLOSINAS;GOLOSINAS;31530
1097;FRACCIONADO CARAMELO MISKY;1400;;;;;VARIOS;GOLOSINAS;GOLOSINAS;11160
1098;FRACCIONADO CARAMELO NO HAY PLATA;1100;;;;;VARIOS;GOLOSINAS;GOLOSINAS;11123
77995200;FRACCIONADO CHICLE ACIDO;1000;;;;;VARIOS;GOLOSINAS;GOLOSINAS;779952005
1099;FRACCIONADO CHICLE FIERTITA;1400;;;;;VARIOS;GOLOSINAS;GOLOSINAS;26
1100;FRACCIONADO CHICLE PLOP;1400;;;;;VARIOS;GOLOSINAS;GOLOSINAS;11154
1101;FRACCIONADO CHICLE TERROR;1400;;;;;VARIOS;GOLOSINAS;GOLOSINAS;28
1102;FRACCIONADO CHUP BOLA LOCA RIVER;1450;;;;;VARIOS;GOLOSINAS;GOLOSINAS;45
1103;FRACCIONADO CHUP CEBOLLITA;800;;;;;VARIOS;GOLOSINAS;GOLOSINAS;11111
1104;FRACCIONADO CHUP MARENGO;1000;;;;;VARIOS;GOLOSINAS;GOLOSINAS;11114
1105;FRACCIONADO CHUP PELOTITAS;900;;;;;VARIOS;GOLOSINAS;GOLOSINAS;11157
77995208;FRACCIONADO CHUP TERROR;1000;;;;;VARIOS;GOLOSINAS;GOLOSINAS;779952081
77995034;FRACCIONADO CHUPETIN BOLA LOCA;1700;;;;;VARIOS;GOLOSINAS;GOLOSINAS;779950346
77995049;FRACCIONADO CHUPETIN COSMO MEGA ;1750;;;;;VARIOS;GOLOSINAS;GOLOSINAS;779950490
714604646;FRACCIONADO COSMO FRUTAL ;1900;;;;;VARIOS;GOLOSINAS;GOLOSINAS;7146046466
1106;FRACCIONADO CUP DULCE DE LECHE;1000;;;;;VARIOS;GOLOSINAS;GOLOSINAS;11134
1107;FRACCIONADO DROPSI;1200;;;;;VARIOS;GOLOSINAS;GOLOSINAS;11174
77995196;FRACCIONADO FISH;1500;;;;;VARIOS;GOLOSINAS;GOLOSINAS;779951961
1108;FRACCIONADO KROOMY;1700;;;;;VARIOS;GOLOSINAS;GOLOSINAS;11182
1109;FRACCIONADO KRROMY Y BABY DOLL;1700;;;;;VARIOS;GOLOSINAS;GOLOSINAS;11177
77995144;FRACCIONADO MAST BULL DOG;1200;;;;;VARIOS;GOLOSINAS;GOLOSINAS;779951442
77995209;FRACCIONADO MAST TERROR ;1000;;;;;VARIOS;GOLOSINAS;GOLOSINAS;779952098
3156;FRACCIONADO MASTICABLE BIT ;1700;;;;;VARIOS;GOLOSINAS;GOLOSINAS;31561
77995048;FRACCIONADO MASTICABLE FIERITA ;900;;;;;VARIOS;GOLOSINAS;GOLOSINAS;779950483
1110;FRACCIONADO MASTICABLE LHERITIER;900;;;;;VARIOS;GOLOSINAS;GOLOSINAS;11161
1111;FRACCIONADO MASTICABLE MISKY;1500;;;;;VARIOS;GOLOSINAS;GOLOSINAS;21
1112;FRACCIONADO MASTICABLE PICO DULCE;1200;;;;;VARIOS;GOLOSINAS;GOLOSINAS;11156
1113;FRACCIONADO MASTICABLE PICO DULCE;1200;;;;;VARIOS;GOLOSINAS;GOLOSINAS;11158
77995050;FRACCIONADO MASTICABLE TOFFI;1250;;;;;VARIOS;GOLOSINAS;GOLOSINAS;779950506
1114;FRACCIONADO MENTA DURO MARENGO;1350;;;;;VARIOS;GOLOSINAS;GOLOSINAS;11113
1115;FRACCIONADO MENTA LHERITHIER;1200;;;;;VARIOS;GOLOSINAS;GOLOSINAS;46
3159;FRACCIONADO MISKY RELLENO ;1300;;;;;VARIOS;GOLOSINAS;GOLOSINAS;31592
77995198;FRACCIONADO MONEDAS DE CHOC;1800;;;;;VARIOS;GOLOSINAS;GOLOSINAS;779951985
77995220;FRACCIONADO OJITOS TERROR;1700;;;;;VARIOS;GOLOSINAS;GOLOSINAS;779952203
1116;FRACCIONADO PALETA PITY;600;;;;;VARIOS;GOLOSINAS;GOLOSINAS;11169
1117;FRACCIONADO PICO DULCE X10;2400;;;;;VARIOS;GOLOSINAS;GOLOSINAS;11181
3154;FRACCIONADO PITO PITO ;1700;;;;;VARIOS;GOLOSINAS;GOLOSINAS;31547
77995221;FRACCIONADO POKEBOLA ;2000;;;;;VARIOS;GOLOSINAS;GOLOSINAS;779952210
77995219;FRACCIONADO RODAJAS TERROR;1100;;;;;VARIOS;GOLOSINAS;GOLOSINAS;779952197
77995137;FRACCIONADO SUPER TATOO;2500;;;;;VARIOS;GOLOSINAS;GOLOSINAS;779951374
714604645;FRACCIONADO TAPONAZO;800;;;;;VARIOS;GOLOSINAS;GOLOSINAS;7146046459
77995190;FRUTAS 3D;7200;;;;;VARIOS;GOLOSINAS;GOLOSINAS;6934957808546
77995192;FRUTAS 3D XU;250;;;;;VARIOS;GOLOSINAS;GOLOSINAS;779951923
1118;GALATINA P/PREPARAR FRUTILLA;50;;;;;VARIOS;GOLOSINAS;GOLOSINAS;7791113001178
1119;GALLETA 9 DE ORO AGRIDULCE;34;;;;;VARIOS;GOLOSINAS;GOLOSINAS;7792200000128
1120;GALLETA 9 DE ORO AZUCARADO;34;;;;;VARIOS;GOLOSINAS;GOLOSINAS;7792200000319
1121;GALLETA 9 DE ORO LIGHT;34;;;;;VARIOS;GOLOSINAS;GOLOSINAS;7792200000777
1122;GALLETA 9 DE ORO SALADO;34;;;;;VARIOS;GOLOSINAS;GOLOSINAS;7792200000159
1123;GALLETA AIRE DE LUJAN AVENA Y CHIPS;600;;;;;VARIOS;GOLOSINAS;GOLOSINAS;7798094223070
1124;GALLETA AIRE DE LUJAN CHOCOLATE;600;;;;;VARIOS;GOLOSINAS;GOLOSINAS;7798094223179
1125;GALLETA AIRE DE LUJAN MERENDINA;280;;;;;VARIOS;GOLOSINAS;GOLOSINAS;7798094223285
1126;GALLETA AIRE DE LUJAN MERENDINA;280;;;;;VARIOS;GOLOSINAS;GOLOSINAS;7798094220840
1127;GALLETA AIRE DE LUJAN PEPAS;600;;;;;VARIOS;GOLOSINAS;GOLOSINAS;7798094222769
1128;GALLETA AIRES DE LUJAN AVENA Y PASAS;800;;;;;VARIOS;GOLOSINAS;GOLOSINAS;7798094223087
1129;GALLETA AIRES DE LUJAN MANTECA;650;;;;;VARIOS;GOLOSINAS;GOLOSINAS;7798094223186
1130;GALLETA AMOR BAGLEY;1500;;;;;VARIOS;GOLOSINAS;GOLOSINAS;7790040143531
77995058;GALLETA ARGENTITAS X3;750;;;;;VARIOS;GOLOSINAS;GOLOSINAS;7798113151308
1131;GALLETA BAGLEY CEREALES CON SALVADO;3600;;;;;VARIOS;GOLOSINAS;GOLOSINAS;7790040136243
1132;GALLETA BAGLEY SALVADO 642 GRMS TRIPACK;190;;;;;VARIOS;GOLOSINAS;GOLOSINAS;7790040129535
1133;GALLETA BENJAMIN  PEPA BENJA 160;450;;;;;VARIOS;GOLOSINAS;GOLOSINAS;7790907000885
1134;GALLETA BENJAMIN ANILLOS 160;390;;;;;VARIOS;GOLOSINAS;GOLOSINAS;7790907000038
1135;GALLETA BENJAMIN AZUCARADAS;690;;;;;VARIOS;GOLOSINAS;GOLOSINAS;7790907005347
1136;GALLETA BENJAMIN NANKIN 160;390;;;;;VARIOS;GOLOSINAS;GOLOSINAS;7790907000823
1137;GALLETA BENJAMIN NAOMI 160;390;;;;;VARIOS;GOLOSINAS;GOLOSINAS;7790907000847
1138;GALLETA BENJAMIN PEPA 200;540;;;;;VARIOS;GOLOSINAS;GOLOSINAS;7790907000694
1139;GALLETA BENJAMIN YABILA 160;390;;;;;VARIOS;GOLOSINAS;GOLOSINAS;7790907000830
77995038;GALLETA BONANZA X3;1100;;;;;VARIOS;GOLOSINAS;GOLOSINAS;7798141972401
77995139;GALLETA BONANZA X5;1650;;;;;VARIOS;GOLOSINAS;GOLOSINAS;7798141972418
1140;GALLETA CARICIA ANILLOS 200G;85;;;;;VARIOS;GOLOSINAS;GOLOSINAS;7798010260318
1141;GALLETA CEREAL MIX AVENA Y PASAS X180GR;70;;;;;VARIOS;GOLOSINAS;GOLOSINAS;7790040713703
1142;GALLETA CEREAL MIX MANZANA X 180GRMS;70;;;;;VARIOS;GOLOSINAS;GOLOSINAS;7790040714205
1143;GALLETA CHIPS AVENA Y MIEL;16;;;;;VARIOS;GOLOSINAS;GOLOSINAS;7798125810835
1144;GALLETA CHIPS CHOCO;16;;;;;VARIOS;GOLOSINAS;GOLOSINAS;7798125810545
1145;GALLETA CHIPS CHOCOLATE;15;;;;;VARIOS;GOLOSINAS;GOLOSINAS;7798125810408
1146;GALLETA CHIPS CONFITE;15;;;;;VARIOS;GOLOSINAS;GOLOSINAS;7798125810415
1147;GALLETA CHIPS LECHE;16;;;;;VARIOS;GOLOSINAS;GOLOSINAS;7798125810538
1148;GALLETA CHIPS PEKELINO X300;70;;;;;VARIOS;GOLOSINAS;GOLOSINAS;7792153000305
1149;GALLETA CHOCOCHIP 118GRMS;410;;;;;VARIOS;GOLOSINAS;GOLOSINAS;7790040125582
1150;GALLETA CHOCOLINA 170GRMS;410;;;;;VARIOS;GOLOSINAS;GOLOSINAS;7790040929906
1151;GALLETA CHOCOLINA 250GRMS;410;;;;;VARIOS;GOLOSINAS;GOLOSINAS;7790040111004
1152;GALLETA CHOCOLINAS;840;;;;;VARIOS;GOLOSINAS;GOLOSINAS;7790040139398
1153;GALLETA CHOCOLINAS 170G;1280;;;;;VARIOS;GOLOSINAS;GOLOSINAS;7790040143227
714604614;GALLETA CHOCOLINAS NEGRO;1700;;;;;;;;7790040148864
1154;GALLETA CHOCOLISIMAS TYM;150;;;;;VARIOS;GOLOSINAS;GOLOSINAS;7793209903878
1155;GALLETA COFLER RELLENAS CHOCO CREAMY;700;;;;;VARIOS;GOLOSINAS;GOLOSINAS;7790040143777
1156;GALLETA CRIOLLITA X 3;310;;;;;VARIOS;GOLOSINAS;GOLOSINAS;7790040377806
1157;GALLETA DALE BLACK;48;;;;;VARIOS;GOLOSINAS;GOLOSINAS;7798113152206
1158;GALLETA DALE CHOCOLATE;350;;;;;VARIOS;GOLOSINAS;GOLOSINAS;7798113159892
1159;GALLETA DALE FRUTILLA;350;;;;;VARIOS;GOLOSINAS;GOLOSINAS;7798113151261
77995057;GALLETA DALE MARIA  X3;1100;;;;;VARIOS;GOLOSINAS;GOLOSINAS;7798113152268
1160;GALLETA DALE VAINILLA;350;;;;;VARIOS;GOLOSINAS;GOLOSINAS;7798113151278
1161;GALLETA DESFILE;2000;;;;;VARIOS;GOLOSINAS;GOLOSINAS;7790040262102
1162;GALLETA DIVERSION;2400;;;;;VARIOS;GOLOSINAS;GOLOSINAS;7790040143364
77995105;GALLETA DUQUESA 115G;500;;;;;;;;7622300742645
77995107;GALLETA DUQUESA 63G;500;;;;;;;;7622202220531
1163;GALLETA ESTRELLITA PEPA 100G;260;;;;;VARIOS;GOLOSINAS;GOLOSINAS;7791386000212
1164;GALLETA FAUNA X 150;670;;;;;VARIOS;GOLOSINAS;GOLOSINAS;7790628102714
1165;GALLETA FAUNA X 400;1800;;;;;VARIOS;GOLOSINAS;GOLOSINAS;7790628000034
1166;GALLETA FESTIVA;120;;;;;VARIOS;GOLOSINAS;GOLOSINAS;7798102501244
1167;GALLETA FORMIS;750;;;;;VARIOS;GOLOSINAS;GOLOSINAS;7790040139893
1168;GALLETA FORMIS;540;;;;;VARIOS;GOLOSINAS;GOLOSINAS;7790040139916
1169;GALLETA FORMIS 102G;940;;;;;VARIOS;GOLOSINAS;GOLOSINAS;7790040139923
1170;GALLETA FORMIS 102G;1000;;;;;VARIOS;GOLOSINAS;GOLOSINAS;7790040139978
1171;GALLETA FORMIS 72G;540;;;;;VARIOS;GOLOSINAS;GOLOSINAS;7790040139909
1173;GALLETA FORMIS ANIMALES 102G;1000;;;;;VARIOS;GOLOSINAS;GOLOSINAS;7790040139961
1172;GALLETA FORMIS ANIMALES 102G;1000;;;;;VARIOS;GOLOSINAS;GOLOSINAS;7790040139930
1174;GALLETA FORMIS CHICA;245;;;;;VARIOS;GOLOSINAS;GOLOSINAS;7790040534209
1175;GALLETA FORMIS CHICA;245;;;;;VARIOS;GOLOSINAS;GOLOSINAS;7790040534407
1176;GALLETA FORMIS CHOCOLATE 108GRMS;245;;;;;VARIOS;GOLOSINAS;GOLOSINAS;7790040534803
1177;GALLETA FORMIS CHOCOLATE CIANOS;245;;;;;VARIOS;GOLOSINAS;GOLOSINAS;7790040132610
1178;GALLETA FORMIS FRUTILLA 108GRMS;245;;;;;VARIOS;GOLOSINAS;GOLOSINAS;7790040534605
1179;GALLETA FRUTIGRAM AVENA/PASAS;1770;;;;;VARIOS;GOLOSINAS;GOLOSINAS;7790045001188
1180;GALLETA FRUTIGRAM CHIPS DE CHOCOLATE;2190;;;;;VARIOS;GOLOSINAS;GOLOSINAS;7790045824893
1181;GALLETA FRUTIGRAM SALVADO;1200;;;;;VARIOS;GOLOSINAS;GOLOSINAS;7790045001195
1182;GALLETA FRUTIGRAN  AVENA, SES Y GIRAS;1450;;;;;VARIOS;GOLOSINAS;GOLOSINAS;7790045825401
1183;GALLETA FRUTIGRAN AVENA CHIA Y LINO;1770;;;;;VARIOS;GOLOSINAS;GOLOSINAS;7790045825395
1184;GALLETA FRUTIGRAN FRUTOS ROJOS 175G;770;;;;;VARIOS;GOLOSINAS;GOLOSINAS;7790045827054
1185;GALLETA FRUTIGRAN TROPICAL;770;;;;;VARIOS;GOLOSINAS;GOLOSINAS;7790045000815
1186;GALLETA GLINS 200G;880;;;;;VARIOS;GOLOSINAS;GOLOSINAS;7798036830014
1187;GALLETA GLINS 200G;880;;;;;VARIOS;GOLOSINAS;GOLOSINAS;7798036830083
1188;GALLETA GLINS 60G;280;;;;;VARIOS;GOLOSINAS;GOLOSINAS;7798036830137
1190;GALLETA GLINS 90G;420;;;;;VARIOS;GOLOSINAS;GOLOSINAS;7798036830052
1189;GALLETA GLINS 90G;420;;;;;VARIOS;GOLOSINAS;GOLOSINAS;7798036830038
1191;GALLETA GOLCI ANILLOS COCO X 200;840;;;;;VARIOS;GOLOSINAS;GOLOSINAS;7791376000987
1192;GALLETA GOLCI ANILLOS LIMON X 200;840;;;;;VARIOS;GOLOSINAS;GOLOSINAS;7791376000994
1193;GALLETA GOLCI ANILLOS X 200;840;;;;;VARIOS;GOLOSINAS;GOLOSINAS;7791376000970
1194;GALLETA GOLCI CHIPS CON SAL;840;;;;;VARIOS;GOLOSINAS;GOLOSINAS;7791376045421
1195;GALLETA GOLCI COLORES X 300G;840;;;;;VARIOS;GOLOSINAS;GOLOSINAS;7791376045414
1196;GALLETA GOLCI DE 400G;1800;;;;;VARIOS;GOLOSINAS;GOLOSINAS;7791376045407
1197;GALLETA GOLCI PEPA X 200;840;;;;;VARIOS;GOLOSINAS;GOLOSINAS;7791376000208
1198;GALLETA GOLD MUNDO CON CHIP 200GR;900;;;;;VARIOS;GOLOSINAS;GOLOSINAS;7791376000864
1199;GALLETA GRANIX CEREAL 185G;115;;;;;VARIOS;GOLOSINAS;GOLOSINAS;7790045823445
1200;GALLETA GRANIX LINO 185G;122;;;;;VARIOS;GOLOSINAS;GOLOSINAS;7790045823889
1201;GALLETA GRANIX SALVADO;1360;;;;;VARIOS;GOLOSINAS;GOLOSINAS;7790045826200
1202;GALLETA GRANIX SALVADO;3290;;;;;VARIOS;GOLOSINAS;GOLOSINAS;7790045826231
1203;GALLETA GRANIX SANDWICH X1;1100;;;;;VARIOS;GOLOSINAS;GOLOSINAS;7790045001133
1204;GALLETA GRANIX SANDWICH X3;3150;;;;;VARIOS;GOLOSINAS;GOLOSINAS;7790045001379
1205;GALLETA GRANIX SEMOLADA;330;;;;;VARIOS;GOLOSINAS;GOLOSINAS;7790045827047
1206;GALLETA GRANIX SESAMO 185G;122;;;;;VARIOS;GOLOSINAS;GOLOSINAS;7790045826224
1207;GALLETA GRANIX SIN SAL X1;770;;;;;VARIOS;GOLOSINAS;GOLOSINAS;7790045001089
1208;GALLETA GRANIX SIN SAL X3;2460;;;;;VARIOS;GOLOSINAS;GOLOSINAS;7790045001317
1209;GALLETA HAMLET;780;;;;;VARIOS;GOLOSINAS;GOLOSINAS;7790040144163
1210;GALLETA HAMLET;780;;;;;VARIOS;GOLOSINAS;GOLOSINAS;7790040144538
1211;GALLETA HAMLET CHOCOLATE;780;;;;;VARIOS;GOLOSINAS;GOLOSINAS;7790040144545
1213;GALLETA HOGAREÑAS SALVADO;920;;;;;VARIOS;GOLOSINAS;GOLOSINAS;7790040132962
1212;GALLETA HOGAREÑAS SALVADO;3600;;;;;VARIOS;GOLOSINAS;GOLOSINAS;7790040132955
1214;GALLETA KUKINA BLACK 50G;350;;;;;VARIOS;GOLOSINAS;GOLOSINAS;7798360810256
77995214;GALLETA KUKINAS 180G VAINILLAS ;900;;;;;;;;7798360810034
1215;GALLETA KUKINAS ANILLOS DE VAINILLA 180G;700;;;;;VARIOS;GOLOSINAS;GOLOSINAS;7798360810072
1216;GALLETA KUKINAS AVENA SESAMO Y CHIA;850;;;;;VARIOS;GOLOSINAS;GOLOSINAS;7798360810201
1217;GALLETA KUKINAS AVENAS CON CHIPS;1100;;;;;VARIOS;GOLOSINAS;GOLOSINAS;7798360810195
1218;GALLETA KUKINAS BLACK 80G;375;;;;;VARIOS;GOLOSINAS;GOLOSINAS;7798360810140
1219;GALLETA KUKINAS CHOCOLATE 180G;850;;;;;VARIOS;GOLOSINAS;GOLOSINAS;7798360810171
77995215;GALLETA KUKINAS CHOCOLATE 180G ;900;;;;;;;;7798360810010
1220;GALLETA KUKINAS CON CHIPS 80G;375;;;;;VARIOS;GOLOSINAS;GOLOSINAS;7798360810133
1221;GALLETA KUKINAS CON COFITE 50G;350;;;;;VARIOS;GOLOSINAS;GOLOSINAS;7798360810249
1222;GALLETA KUKINAS CONFITE 80G;375;;;;;VARIOS;GOLOSINAS;GOLOSINAS;7798360810188
1223;GALLETA KUKINAS CONFITES 50G;350;;;;;VARIOS;GOLOSINAS;GOLOSINAS;7798360810232
1224;GALLETA KUKINAS LIMON 180G;700;;;;;VARIOS;GOLOSINAS;GOLOSINAS;7798360810164
77995043;GALLETA KUKINAS PEPAS 180G;650;;;;;VARIOS;GOLOSINAS;GOLOSINAS;7798360810263
1225;GALLETA KUKINAS RELLENA CHOCO  65G;320;;;;;VARIOS;GOLOSINAS;GOLOSINAS;7798360810218
1226;GALLETA KUKINAS RELLENA FRUTILLAS 65G;320;;;;;VARIOS;GOLOSINAS;GOLOSINAS;7798360810225
77995140;GALLETA LA PROVIDENCIA BIZCOCHOS ;790;;;;;VARIOS;GOLOSINAS;GOLOSINAS;7798141972920
77995141;GALLETA LA PROVIDENCIA CHIPS;1000;;;;;VARIOS;GOLOSINAS;GOLOSINAS;7798141972753
77995142;GALLETA LA PROVIDENCIA CHOCOLATE;700;;;;;VARIOS;GOLOSINAS;GOLOSINAS;7798141972531
714604577;GALLETA LA PROVIDENCIA R CON CACAO  119G;890;;;;;VARIOS;GOLOSINAS;GOLOSINAS;7798141972906
77995143;GALLETA LA PROVIDENCIA RELLENA 220G;1600;;;;;VARIOS;GOLOSINAS;GOLOSINAS;7798141972890
1227;GALLETA LEIVA DE SALVADO X3;1250;;;;;VARIOS;GOLOSINAS;GOLOSINAS;7790412001759
1228;GALLETA LEIVA LIGHT;950;;;;;VARIOS;GOLOSINAS;GOLOSINAS;7790412001421
1229;GALLETA LEIVA MARINERA;205;;;;;VARIOS;GOLOSINAS;GOLOSINAS;7790412000974
1230;GALLETA LEIVA MINI MULTISEMILLA 250;800;;;;;VARIOS;GOLOSINAS;GOLOSINAS;7790412001957
1231;GALLETA LEIVA MINI SALVADO;800;;;;;VARIOS;GOLOSINAS;GOLOSINAS;7790412000509
1232;GALLETA LEIVA SALVADO X3;1250;;;;;VARIOS;GOLOSINAS;GOLOSINAS;7790412000967
1233;GALLETA LEIVA SANDWICH 100%;1200;;;;;VARIOS;GOLOSINAS;GOLOSINAS;7790412001896
1234;GALLETA LEIVA SANDWICH X3;1100;;;;;VARIOS;GOLOSINAS;GOLOSINAS;7790412000981
1235;GALLETA LEIVA SIN SAL X3;1100;;;;;VARIOS;GOLOSINAS;GOLOSINAS;7790412001315
1236;GALLETA LHERITIER PEPA;630;;;;;VARIOS;GOLOSINAS;GOLOSINAS;7791118012827
1237;GALLETA MACUCA CHIPS;77;;;;;VARIOS;GOLOSINAS;GOLOSINAS;7790040130982
1238;GALLETA MACUCA CHOCOLATE;85;;;;;VARIOS;GOLOSINAS;GOLOSINAS;7790040133495
1239;GALLETA MANA LIVIANA CHOCOLATOSA;270;;;;;VARIOS;GOLOSINAS;GOLOSINAS;7790040137912
1240;GALLETA MANA LIVIANA COCO;270;;;;;VARIOS;GOLOSINAS;GOLOSINAS;7790040720503
1241;GALLETA MANA LIVIANA CON LECHE;840;;;;;VARIOS;GOLOSINAS;GOLOSINAS;7790040137813
1242;GALLETA MANA LIVIANA LECHE;270;;;;;VARIOS;GOLOSINAS;GOLOSINAS;7790040720206
1243;GALLETA MANA LIVIANA LIMON;270;;;;;VARIOS;GOLOSINAS;GOLOSINAS;7790040720305
1244;GALLETA MANA LIVIANA VAINILLA;270;;;;;VARIOS;GOLOSINAS;GOLOSINAS;7790040720107
1245;GALLETA MANA LIVIANA VAINILLA;270;;;;;VARIOS;GOLOSINAS;GOLOSINAS;7790040137837
1246;GALLETA MANA LIVIANA X3;270;;;;;VARIOS;GOLOSINAS;GOLOSINAS;7790040720800
1247;GALLETA MANA RELLENA CHOCOLATE;1400;;;;;VARIOS;GOLOSINAS;GOLOSINAS;7790040133242
1248;GALLETA MANA RELLENA CHOCOLATE/VAINILLA;1400;;;;;VARIOS;GOLOSINAS;GOLOSINAS;7790040439207
1249;GALLETA MANA RELLENA FRUTILLA;1400;;;;;VARIOS;GOLOSINAS;GOLOSINAS;7790040439009
1250;GALLETA MANA RELLENA FRUTILLA;1400;;;;;VARIOS;GOLOSINAS;GOLOSINAS;7790040133235
1251;GALLETA MANA RELLENA FRUTILLA;1400;;;;;VARIOS;GOLOSINAS;GOLOSINAS;7790040133266
1252;GALLETA MANA RELLENA LIMON;380;;;;;VARIOS;GOLOSINAS;GOLOSINAS;7790040439108
1253;GALLETA MANA RELLENA LIMON;1400;;;;;VARIOS;GOLOSINAS;GOLOSINAS;7790040133259
1254;GALLETA MANA RELLENA VAINILLA/CHOCOLATE;380;;;;;VARIOS;GOLOSINAS;GOLOSINAS;7790040439306
1255;GALLETA MANIERI SALADAS 200G;800;;;;;VARIOS;GOLOSINAS;GOLOSINAS;7798120180896
1256;GALLETA MANIERI SALVADO 200G;700;;;;;VARIOS;GOLOSINAS;GOLOSINAS;7798120180902
1257;GALLETA MANIERI SEMILLAS 200G;800;;;;;VARIOS;GOLOSINAS;GOLOSINAS;7798120180919
1258;GALLETA MANIERI SIN SAL 200G;700;;;;;VARIOS;GOLOSINAS;GOLOSINAS;7798120180926
1259;GALLETA MANTECADOS MIEL 200G;85;;;;;VARIOS;GOLOSINAS;GOLOSINAS;7798010260585
1260;GALLETA MANTENONA;22;;;;;VARIOS;GOLOSINAS;GOLOSINAS;7798048730548
1261;GALLETA MANTEQUITA 45G;270;;;;;VARIOS;GOLOSINAS;GOLOSINAS;7790349850666
1262;GALLETA MANTEQUITA ZUPAY  X 350;100;;;;;VARIOS;GOLOSINAS;GOLOSINAS;7790349000498
1263;GALLETA MANTEQUITA ZUPAY X 200;650;;;;;VARIOS;GOLOSINAS;GOLOSINAS;7790349000863
1264;GALLETA MARINERA BENJAMIN CLASICA;690;;;;;VARIOS;GOLOSINAS;GOLOSINAS;7790907005361
1265;GALLETA MARINERA BENJAMIN CON SEMILLA;690;;;;;VARIOS;GOLOSINAS;GOLOSINAS;7790907005392
1266;GALLETA MARINERA BENJAMIN INTEGRAL;690;;;;;VARIOS;GOLOSINAS;GOLOSINAS;7790907005415
1267;GALLETA MARINERA BENJAMIN SIN SAL;690;;;;;VARIOS;GOLOSINAS;GOLOSINAS;7790907005378
1268;GALLETA MATERAS HOJALMAR;950;;;;;VARIOS;GOLOSINAS;GOLOSINAS;7793450000593
1269;GALLETA MAURI SALVADO;2100;;;;;VARIOS;GOLOSINAS;GOLOSINAS;7790628000133
1270;GALLETA MAURI SIN SAL;2000;;;;;VARIOS;GOLOSINAS;GOLOSINAS;7790628000058
1271;GALLETA MEDIA TARDE;1300;;;;;VARIOS;GOLOSINAS;GOLOSINAS;7790040133693
1272;GALLETA MEDIATARDE;1300;;;;;VARIOS;GOLOSINAS;GOLOSINAS;7790040143586
77995104;GALLETA MELBA  120G;600;;;;;;;;7622300829728
77995108;GALLETA MELBA 65G;500;;;;;VARIOS;GOLOSINAS;GOLOSINAS;7622202220517
1274;GALLETA MELLIZAS BAGLEY;1500;;;;;VARIOS;GOLOSINAS;GOLOSINAS;7790040143548890000
1275;GALLETA MERENDINA;300;;;;;VARIOS;GOLOSINAS;GOLOSINAS;7798094223292
1276;GALLETA MERENGADA;1300;;;;;VARIOS;GOLOSINAS;GOLOSINAS;7790040932708
1277;GALLETA MERENGADA;1500;;;;;VARIOS;GOLOSINAS;GOLOSINAS;7790040139657
1278;GALLETA MINI NEVARE LIMON;300;;;;;VARIOS;GOLOSINAS;GOLOSINAS;7798094229454
1279;GALLETA MINI NEVARE PALMERITAS;300;;;;;VARIOS;GOLOSINAS;GOLOSINAS;7798094229492
1280;GALLETA MINI NEVARES ANIMALITOS;300;;;;;VARIOS;GOLOSINAS;GOLOSINAS;7798094229577
1281;GALLETA MINI NEVARES COQUITOS 45G;300;;;;;VARIOS;GOLOSINAS;GOLOSINAS;7798094229461
1282;GALLETA MINI NEVARES X32;7700;;;;;VARIOS;GOLOSINAS;GOLOSINAS;11173
1283;GALLETA MINI OREO;900;;;;;VARIOS;GOLOSINAS;GOLOSINAS;7622201761288
1284;GALLETA MINI PEPITOS;900;;;;;VARIOS;GOLOSINAS;GOLOSINAS;7622201740399
1285;GALLETA MINI POLVORITA CHOCOLATE;80;;;;;VARIOS;GOLOSINAS;GOLOSINAS;7790040120006
1286;GALLETA MINI POLVORITA FRUTILLA;80;;;;;VARIOS;GOLOSINAS;GOLOSINAS;7790040120044
1287;GALLETA MINI POLVORITA LIMON;80;;;;;VARIOS;GOLOSINAS;GOLOSINAS;7790040124417
1288;GALLETA MINI POLVORITA VAINILLA;80;;;;;VARIOS;GOLOSINAS;GOLOSINAS;7790040120013
1289;GALLETA MINI TODDY;350;;;;;VARIOS;GOLOSINAS;GOLOSINAS;7790380023487
1290;GALLETA MIRGAL ABECEDARIO 150G;600;;;;;VARIOS;GOLOSINAS;GOLOSINAS;7790953008088
1291;GALLETA MIRGAL ABECEDARIO 400G;1400;;;;;VARIOS;GOLOSINAS;GOLOSINAS;7790953000129
1292;GALLETA MIRGAL ARITOS GLASEADOS 150;600;;;;;VARIOS;GOLOSINAS;GOLOSINAS;7790953000396
1293;GALLETA MIRGAL BICHOS 150G;600;;;;;VARIOS;GOLOSINAS;GOLOSINAS;7790953000358
1294;GALLETA MIRGAL BICHOS 400G;1400;;;;;VARIOS;GOLOSINAS;GOLOSINAS;7790953000341
1295;GALLETA MIRGAL CHIPS 200G;800;;;;;VARIOS;GOLOSINAS;GOLOSINAS;7790953000402
1296;GALLETA MIRGAL CHIPS 330G;1500;;;;;VARIOS;GOLOSINAS;GOLOSINAS;7790953000433
1297;GALLETA MIRGAL COCO 170G;700;;;;;VARIOS;GOLOSINAS;GOLOSINAS;7790953000273
1298;GALLETA MIRGAL COKITAS X KG;3650;;;;;VARIOS;GOLOSINAS;GOLOSINAS;7790953000075
1299;GALLETA MIRGAL COKITOS 150G;600;;;;;VARIOS;GOLOSINAS;GOLOSINAS;7790953008095
1300;GALLETA MIRGAL COKITOS 3K;8720;;;;;VARIOS;GOLOSINAS;GOLOSINAS;7790953000136
1301;GALLETA MIRGAL RELLENAS POPY 150G;600;;;;;VARIOS;GOLOSINAS;GOLOSINAS;7790953000235
1302;GALLETA MIRGAL SELECTA 400G;1400;;;;;VARIOS;GOLOSINAS;GOLOSINAS;7790953000150
1303;GALLETA MIRGAL SELECTAS 150G;600;;;;;VARIOS;GOLOSINAS;GOLOSINAS;7790953000181
1304;GALLETA MIRGAL SELVA 200G;750;;;;;VARIOS;GOLOSINAS;GOLOSINAS;7790953000099
1305;GALLETA MIRGAL SELVA 400G;1400;;;;;VARIOS;GOLOSINAS;GOLOSINAS;7790953000082
1306;GALLETA MIRGAL SURTIDA 200G;800;;;;;VARIOS;GOLOSINAS;GOLOSINAS;7790953000167
1307;GALLETA MIRGAL TESORITOS 65G;290;;;;;VARIOS;GOLOSINAS;GOLOSINAS;7790953008118
1308;GALLETA MIRGALITA LIMON 170G;700;;;;;VARIOS;GOLOSINAS;GOLOSINAS;7790953000266
1309;GALLETA MIRGALITA VAINILLA 170GRMS;700;;;;;VARIOS;GOLOSINAS;GOLOSINAS;7790953000020
1310;GALLETA NEVARE ANIMALITO CHOCOLATE;29;;;;;VARIOS;GOLOSINAS;GOLOSINAS;7798094229560
1311;GALLETA NEVARE BISCOTTINI X360;68;;;;;VARIOS;GOLOSINAS;GOLOSINAS;7798094222622
1312;GALLETA NEVARE PEPA X350;80;;;;;VARIOS;GOLOSINAS;GOLOSINAS;7798094222578
1313;GALLETA NUEVA RELLENA;42;;;;;VARIOS;GOLOSINAS;GOLOSINAS;7792684001703
1314;GALLETA NUEVA RELLENA GLASEADAX300G;38;;;;;VARIOS;GOLOSINAS;GOLOSINAS;7792684003028
1315;GALLETA NUEVA RELLENA VAINILLA 300G;42;;;;;VARIOS;GOLOSINAS;GOLOSINAS;7792684001727
1316;GALLETA NUEVA RELLENA X 300G CHOCOLATE;42;;;;;VARIOS;GOLOSINAS;GOLOSINAS;7792684003011
1317;GALLETA OBLEA  TYM MEDALLON NARANJA;135;;;;;VARIOS;GOLOSINAS;GOLOSINAS;7793209903892
1318;GALLETA OBLEA ATB 92G;450;;;;;VARIOS;GOLOSINAS;GOLOSINAS;7798074490102
1319;GALLETA OBLEA BOM O BOM NEGRA;568;;;;;VARIOS;GOLOSINAS;GOLOSINAS;7790580346508
1320;GALLETA OBLEA BOM O BOM NEGRA UNID;900;;;;;VARIOS;GOLOSINAS;GOLOSINAS;7790580346515
1321;GALLETA OBLEA BOM O BOM X 20 BLANCA;800;;;;;VARIOS;GOLOSINAS;GOLOSINAS;7790580346607
1322;GALLETA OBLEA CHOCO TYM EXTRA CACAO;300;;;;;VARIOS;GOLOSINAS;GOLOSINAS;7793209001154
1323;GALLETA OBLEA LOQUITA VAINILLA 92G;180;;;;;VARIOS;GOLOSINAS;GOLOSINAS;7793123003906
1324;GALLETA OBLEA LOQUITAS FRUTILLA 92G;180;;;;;VARIOS;GOLOSINAS;GOLOSINAS;7793123003920
1325;GALLETA OBLEA NEAVARES LIMON;550;;;;;VARIOS;GOLOSINAS;GOLOSINAS;7798094222530
1326;GALLETA OBLEA NEVAES;400;;;;;VARIOS;GOLOSINAS;GOLOSINAS;7798094222547
1327;GALLETA OBLEA NEVARE FRUTILLA;400;;;;;VARIOS;GOLOSINAS;GOLOSINAS;7798094222523
1328;GALLETA OBLEA NEVARE VAINILLA;400;;;;;VARIOS;GOLOSINAS;GOLOSINAS;7798094222967
1329;GALLETA OBLEA OBLIBON X UNIDAD;75;;;;;VARIOS;GOLOSINAS;GOLOSINAS;7793123160852
1330;GALLETA OBLEA OBLITA 100G FRUTILLA;600;;;;;VARIOS;GOLOSINAS;GOLOSINAS;7793123160272
1331;GALLETA OBLEA OBLITA 100G VAINILLA;600;;;;;VARIOS;GOLOSINAS;GOLOSINAS;7793123160265
77995113;GALLETA OBLEA OBLITA 34G;210;;;;;;;;7793123013103
1332;GALLETA OBLEA OBLITA 50G;300;;;;;VARIOS;GOLOSINAS;GOLOSINAS;7793123160043
1333;GALLETA OBLEA OBLITA BLACK;300;;;;;VARIOS;GOLOSINAS;GOLOSINAS;7793123013455
3158;GALLETA OBLEA OBLITA BLACK 100G;600;;;;;VARIOS;GOLOSINAS;GOLOSINAS;7793123013950
1334;GALLETA OBLEA OBLITA CHOCOLATE 100G;550;;;;;VARIOS;GOLOSINAS;GOLOSINAS;7793123160296
1335;GALLETA OBLEA OBLITA CHOCOLATE 50G;300;;;;;VARIOS;GOLOSINAS;GOLOSINAS;7793123160050
1336;GALLETA OBLEA OBLITA DULCE DE LECHE 50G;300;;;;;VARIOS;GOLOSINAS;GOLOSINAS;7793123160036
1337;GALLETA OBLEA OBLITA DULCE DE LECHE100G;560;;;;;VARIOS;GOLOSINAS;GOLOSINAS;7793123160289
1338;GALLETA OBLEA OBLITA FRUT;325;;;;;VARIOS;GOLOSINAS;GOLOSINAS;7793123160029
77995114;GALLETA OBLEA OBLITA FRUTILLA 34G;210;;;;;;;;7793123013127
1339;GALLETA OBLEA OBLITA MIX FRUTAL;300;;;;;VARIOS;GOLOSINAS;GOLOSINAS;7793123013431
1340;GALLETA OBLEA OBLITA VAINILLA 50G;325;;;;;VARIOS;GOLOSINAS;GOLOSINAS;7793123160012
1341;GALLETA OBLEA POLVORITA FRUTILLA;13,5;;;;;VARIOS;GOLOSINAS;GOLOSINAS;7790040124608
1342;GALLETA OBLEA POLVORITA VAINILLA;13,5;;;;;VARIOS;GOLOSINAS;GOLOSINAS;7790040124592
1343;GALLETA OBLEA TYM  VAINILLA/FRUT X100GR;470;;;;;VARIOS;GOLOSINAS;GOLOSINAS;7793209903649
1344;GALLETA OBLEA TYM  VAINILLA/FRUTI 25 GR;260;;;;;VARIOS;GOLOSINAS;GOLOSINAS;7793209903625
1345;GALLETA OBLEA TYM BAÑADA;230;;;;;VARIOS;GOLOSINAS;GOLOSINAS;7793209903700
1346;GALLETA OBLEA TYM BAÑADA X20;4600;;;;;VARIOS;GOLOSINAS;GOLOSINAS;7793209903779
1347;GALLETA OBLEA TYM CHOCO X50GR;300;;;;;VARIOS;GOLOSINAS;GOLOSINAS;7793209000171
1348;GALLETA OBLEA TYM CHOCOLATE 100G;470;;;;;VARIOS;GOLOSINAS;GOLOSINAS;7793209000362
1349;GALLETA OBLEA TYM DE DULCE DE LECHE 50G;300;;;;;VARIOS;GOLOSINAS;GOLOSINAS;7793209000164
1350;GALLETA OBLEA TYM DULCE DE LECHE 100G;470;;;;;VARIOS;GOLOSINAS;GOLOSINAS;7793209000355
1351;GALLETA OBLEA TYM FRUTILLA 100G;470;;;;;VARIOS;GOLOSINAS;GOLOSINAS;7793209000331
1352;GALLETA OBLEA TYM FRUTILLA X50GR;300;;;;;VARIOS;GOLOSINAS;GOLOSINAS;7793209000157
1353;GALLETA OBLEA TYM GRANDE CACAO;470;;;;;VARIOS;GOLOSINAS;GOLOSINAS;7793209904127
1354;GALLETA OBLEA TYM LIMON 100;470;;;;;VARIOS;GOLOSINAS;GOLOSINAS;7793209000461
1355;GALLETA OBLEA TYM LIMON X 50G;300;;;;;VARIOS;GOLOSINAS;GOLOSINAS;7793209000454
1356;GALLETA OBLEA TYM SIN AZUCAR CHOCOLATE;550;;;;;VARIOS;GOLOSINAS;GOLOSINAS;7793209903915
1357;GALLETA OBLEA TYM SIN AZUCAR VAINILLA;260;;;;;VARIOS;GOLOSINAS;GOLOSINAS;7793209903908
1358;GALLETA OBLEA TYM VAINILLA 100G;470;;;;;VARIOS;GOLOSINAS;GOLOSINAS;7793209000348
1359;GALLETA OBLEA TYM VAINILLA FRUTILLA 50G;300;;;;;VARIOS;GOLOSINAS;GOLOSINAS;7793209903632
1360;GALLETA OBLEA TYM VAINILLA X50GR;300;;;;;VARIOS;GOLOSINAS;GOLOSINAS;7793209000140
1361;GALLETA OBLEA ZUPAY;16;;;;;VARIOS;GOLOSINAS;GOLOSINAS;7790349000153
1362;GALLETA OBLEA ZUPAY FRUTILLA;16;;;;;VARIOS;GOLOSINAS;GOLOSINAS;7790349850901
1363;GALLETA OBLEA ZUPAY VAINILLA;16;;;;;VARIOS;GOLOSINAS;GOLOSINAS;7790349850918
1364;GALLETA OBLEAS ATB 92G;450;;;;;VARIOS;GOLOSINAS;GOLOSINAS;7798074490096
1365;GALLETA OBLEAS BOM O BOM UNID BLANCA;900;;;;;VARIOS;GOLOSINAS;GOLOSINAS;7790580346614
1366;GALLETA OBLIA LA OBLEA MILK ;260;;;;;VARIOS;GOLOSINAS;GOLOSINAS;7793123070076
1367;GALLETA OBVIO CHIPS 180G;200;;;;;VARIOS;GOLOSINAS;GOLOSINAS;7798036401740
1368;GALLETA OBVIO CHIPS 400G;200;;;;;VARIOS;GOLOSINAS;GOLOSINAS;7798036401382
1369;GALLETA OBVIO CHOCO MINI X320G;65;;;;;VARIOS;GOLOSINAS;GOLOSINAS;7798036402143
1370;GALLETA OBVIO COCO;65;;;;;VARIOS;GOLOSINAS;GOLOSINAS;7798036402204
1371;GALLETA OBVIO LIMON X320G;65;;;;;VARIOS;GOLOSINAS;GOLOSINAS;7798036402242
1372;GALLETA OBVIO MANTECADOS X320G;65;;;;;VARIOS;GOLOSINAS;GOLOSINAS;7798036402167
1373;GALLETA OFERTA MINI PEPITO X3;1000;;;;;VARIOS;GOLOSINAS;GOLOSINAS;36
1374;GALLETA OPERA;1000;;;;;VARIOS;GOLOSINAS;GOLOSINAS;77903518
1375;GALLETA OPERA CHICA;720;;;;;VARIOS;GOLOSINAS;GOLOSINAS;77903501
1376;GALLETA OPERA CHOCOLATE;270;;;;;VARIOS;GOLOSINAS;GOLOSINAS;77971708
1377;GALLETA OPERA FRUTILLA;270;;;;;VARIOS;GOLOSINAS;GOLOSINAS;77971692
1378;GALLETA OREO 118;1000;;;;;VARIOS;GOLOSINAS;GOLOSINAS;7622201521967
1379;GALLETA OREO 118G;1700;;;;;VARIOS;GOLOSINAS;GOLOSINAS;7622201735296
1380;GALLETA OREO 118G;1700;;;;;VARIOS;GOLOSINAS;GOLOSINAS;7622201735272
1381;GALLETA OREO 182,5;1000;;;;;VARIOS;GOLOSINAS;GOLOSINAS;7622201806354
77995106;GALLETA OREO 64G;500;;;;;;;;7622202318634
77995075;GALLETA OREO CHOCOLATE ;1000;;;;;;;;7622202049033
1382;GALLETA OREO DE CHOCOLATE;1000;;;;;VARIOS;GOLOSINAS;GOLOSINAS;7622201735845
77995074;GALLETA OREO DE FRUTILLA ;1000;;;;;;;;7622202049057
1383;GALLETA OREO FRUTILLA;900;;;;;VARIOS;GOLOSINAS;GOLOSINAS;7622201806682
1384;GALLETA OREO SIN GLUTEN;2220;;;;;VARIOS;GOLOSINAS;GOLOSINAS;7622202038099
1385;GALLETA PAPU NEVARE;60;;;;;VARIOS;GOLOSINAS;GOLOSINAS;7798094222646
1386;GALLETA PEPA MAR DE ORO 400;980;;;;;VARIOS;GOLOSINAS;GOLOSINAS;7790907000137
1387;GALLETA PEPA NEVARE X500;110;;;;;VARIOS;GOLOSINAS;GOLOSINAS;7798094222554
1388;GALLETA PEPA PEKELINO 500G;100;;;;;VARIOS;GOLOSINAS;GOLOSINAS;7792153000251
1389;GALLETA PEPA PEKELINO X200;50;;;;;VARIOS;GOLOSINAS;GOLOSINAS;7792153000244
1390;GALLETA PEPA PEKELINO X200G;50;;;;;VARIOS;GOLOSINAS;GOLOSINAS;7792153201887
1391;GALLETA PEPA PEKELINO X350;70;;;;;VARIOS;GOLOSINAS;GOLOSINAS;7792153005768
1392;GALLETA PEPA PEKELINO X500;100;;;;;VARIOS;GOLOSINAS;GOLOSINAS;7792153000275
1393;GALLETA PEPA PEKELINO X900;200;;;;;VARIOS;GOLOSINAS;GOLOSINAS;7792153000268
1394;GALLETA PEPA TRIO 200GRAMOS;800;;;;;VARIOS;GOLOSINAS;GOLOSINAS;7791787000019
1395;GALLETA PEPA TRIO 200GRMS;800;;;;;VARIOS;GOLOSINAS;GOLOSINAS;7791787000422
1396;GALLETA PEPA TRIO ALEMANAS;650;;;;;VARIOS;GOLOSINAS;GOLOSINAS;7791787100733
1397;GALLETA PEPA TRIO CHOC 200GRMS;650;;;;;VARIOS;GOLOSINAS;GOLOSINAS;7791787000682
1398;GALLETA PEPA TRIO CON CHIPS 180G;650;;;;;VARIOS;GOLOSINAS;GOLOSINAS;7791787100689
1399;GALLETA PEPA TRIO FROLITAS CON MER. BATA;650;;;;;VARIOS;GOLOSINAS;GOLOSINAS;7791787000729
1400;GALLETA PEPA TRIO FROLITAS X160G;650;;;;;VARIOS;GOLOSINAS;GOLOSINAS;7791787000736
1401;GALLETA PEPA TRIO GLASEADA 200GRMS;650;;;;;VARIOS;GOLOSINAS;GOLOSINAS;7791787000620
77995060;GALLETA PEPA TRIO SCONS;650;;;;;VARIOS;GOLOSINAS;GOLOSINAS;7791787000439
1402;GALLETA PEPA TRIO TRI CHIPS;650;;;;;VARIOS;GOLOSINAS;GOLOSINAS;7791787000132
77995061;GALLETA PEPA TRIO VARIETTE;650;;;;;VARIOS;GOLOSINAS;GOLOSINAS;7791787100276
1403;GALLETA PEPA TRIO X500;2000;;;;;VARIOS;GOLOSINAS;GOLOSINAS;7791787000040
1404;GALLETA PEPAS CLASS 170GRS;20;;;;;VARIOS;GOLOSINAS;GOLOSINAS;7791386000816
1405;GALLETA PEPITO;800;;;;;VARIOS;GOLOSINAS;GOLOSINAS;7622201808662
1406;GALLETA PEPITO;800;;;;;VARIOS;GOLOSINAS;GOLOSINAS;7622300833909
1407;GALLETA PEPITO;800;;;;;VARIOS;GOLOSINAS;GOLOSINAS;7622201503260
1408;GALLETA PEPITOS;1700;;;;;VARIOS;GOLOSINAS;GOLOSINAS;7622201735906
1409;GALLETA PINDY X12;1100;;;;;VARIOS;GOLOSINAS;GOLOSINAS;99827
1410;GALLETA POLVORITA 150;800;;;;;VARIOS;GOLOSINAS;GOLOSINAS;7790040139640
1411;GALLETA POLVORITA 152G;800;;;;;VARIOS;GOLOSINAS;GOLOSINAS;7790040139244
1412;GALLETA POLVORITA CHOCOLATE;500;;;;;VARIOS;GOLOSINAS;GOLOSINAS;7790040139183
1413;GALLETA POLVORITA CHOCOLATE 80GRMS;560;;;;;VARIOS;GOLOSINAS;GOLOSINAS;7790040314009
1414;GALLETA POLVORITA FRUTILLA;500;;;;;VARIOS;GOLOSINAS;GOLOSINAS;7790040139176
1415;GALLETA POLVORITA FRUTILLA 150GRMS;800;;;;;VARIOS;GOLOSINAS;GOLOSINAS;7790040287204
1416;GALLETA POLVORITA FRUTILLA 80GRMS;420;;;;;VARIOS;GOLOSINAS;GOLOSINAS;7790040314207
1417;GALLETA POLVORITA GRANDE;800;;;;;VARIOS;GOLOSINAS;GOLOSINAS;7790040146143
1418;GALLETA POLVORITA VAINILLA;500;;;;;VARIOS;GOLOSINAS;GOLOSINAS;7790040139169
1419;GALLETA POLVORITA VAINILLA 150GRMS;800;;;;;VARIOS;GOLOSINAS;GOLOSINAS;7790040287105
1420;GALLETA POLVORITA VAINILLA 80GRMS;570;;;;;VARIOS;GOLOSINAS;GOLOSINAS;7790040314108
1421;GALLETA POLVORITA VAINILLA GRANDE;800;;;;;VARIOS;GOLOSINAS;GOLOSINAS;7790040139190
1422;GALLETA PORTEÑITAS;1110;;;;;VARIOS;GOLOSINAS;GOLOSINAS;7790040132689
1423;GALLETA PRESUMIDA FRUTILLA 80G;220;;;;;VARIOS;GOLOSINAS;GOLOSINAS;7792684000812
1424;GALLETA PRESUMIDA X 160 CHOCOLATE;420;;;;;VARIOS;GOLOSINAS;GOLOSINAS;7792684001406
1425;GALLETA PRESUMIDA X 160G FRUTILLA;420;;;;;VARIOS;GOLOSINAS;GOLOSINAS;7792684001161
1426;GALLETA PRESUMIDA X 160G VAINILLA;420;;;;;VARIOS;GOLOSINAS;GOLOSINAS;7792684001567
1427;GALLETA PRESUMIDAS CHOCOLATE 80G;220;;;;;VARIOS;GOLOSINAS;GOLOSINAS;7792684001291
1428;GALLETA PRESUMIDAS VAINILLA 80G;220;;;;;VARIOS;GOLOSINAS;GOLOSINAS;7792684001321
1429;GALLETA PRESUMIDAS X 160 GRMS F.BOSQUE;400;;;;;VARIOS;GOLOSINAS;GOLOSINAS;7792684000935
714604578;GALLETA PROVIDENCIA CHISP DE CHOCO 220G;1420;;;;;VARIOS;GOLOSINAS;GOLOSINAS;7798141972807
1430;GALLETA PROVIDENCIA SALADA X 3;1280;;;;;VARIOS;GOLOSINAS;GOLOSINAS;7798141972371
1431;GALLETA PROVIDENCIA SALADA X5;2000;;;;;VARIOS;GOLOSINAS;GOLOSINAS;7798141972388
1432;GALLETA PROVIDENCIA X3 SALVADO;850;;;;;VARIOS;GOLOSINAS;GOLOSINAS;7798141972487
1433;GALLETA PROVIDENCIA XU;90;;;;;VARIOS;GOLOSINAS;GOLOSINAS;7798141972364
1434;GALLETA PURITO BAÑADO X300 G;450;;;;;VARIOS;GOLOSINAS;GOLOSINAS;7792684003394
1435;GALLETA RELLENA LA NONA CHOCOLATE;31;;;;;VARIOS;GOLOSINAS;GOLOSINAS;7798048730715
1436;GALLETA RELLENA LA NONA FRUTILLA;31;;;;;VARIOS;GOLOSINAS;GOLOSINAS;7798048730722
1437;GALLETA RELLENA LA NONA VAINILLA;31;;;;;VARIOS;GOLOSINAS;GOLOSINAS;7798048730708
1438;GALLETA RICK MIRGAL SALADA X1;190;;;;;VARIOS;GOLOSINAS;GOLOSINAS;7790953000013
1439;GALLETA RICK MIRGAL SALADA X3;900;;;;;VARIOS;GOLOSINAS;GOLOSINAS;7790953000426
1440;GALLETA RICKS SIN SAL X3;780;;;;;VARIOS;GOLOSINAS;GOLOSINAS;7790953008101
1441;GALLETA RONDA;1200;;;;;VARIOS;GOLOSINAS;GOLOSINAS;7793450000524
1442;GALLETA RONDA HOJALMAR;1200;;;;;VARIOS;GOLOSINAS;GOLOSINAS;7793450000944
1443;GALLETA ROSQUITA BAÑADA X 160 G;60;;;;;VARIOS;GOLOSINAS;GOLOSINAS;7792684000447
1444;GALLETA RUMBA AMOR ALMENDRAS;245;;;;;VARIOS;GOLOSINAS;GOLOSINAS;7790040139282
1445;GALLETA RUMBA AMOR CHOCOLATE 108G;880;;;;;VARIOS;GOLOSINAS;GOLOSINAS;7790040139268
1446;GALLETA SALADA CEREALES BAGLEY;840;;;;;VARIOS;GOLOSINAS;GOLOSINAS;7790040136250
1447;GALLETA SALADA X 3 DON FADEGA;49;;;;;VARIOS;GOLOSINAS;GOLOSINAS;76625260259
1448;GALLETA SALVADO SIN SAL X3;330;;;;;VARIOS;GOLOSINAS;GOLOSINAS;7790045826101
1449;GALLETA SCONS PEKELINO X350;70;;;;;VARIOS;GOLOSINAS;GOLOSINAS;7792153000343
1450;GALLETA SERRANAS X 3;1200;;;;;VARIOS;GOLOSINAS;GOLOSINAS;7790040704909
1451;GALLETA SERRANITAS X 3;60;;;;;VARIOS;GOLOSINAS;GOLOSINAS;7790040725102
1452;GALLETA SERRANITAS X3;1000;;;;;VARIOS;GOLOSINAS;GOLOSINAS;7790040143616
1453;GALLETA SOLIA DE KG EXHIBICION;3150;;;;;VARIOS;GOLOSINAS;GOLOSINAS;7792684000416
1454;GALLETA SOLITA ABECEDARIO 300;714;;;;;VARIOS;GOLOSINAS;GOLOSINAS;7792684003349
1455;GALLETA SOLITA ABECEDARIO 400G;1220;;;;;VARIOS;GOLOSINAS;GOLOSINAS;7792684003493
1456;GALLETA SOLITA ANIMACION 100;450;;;;;VARIOS;GOLOSINAS;GOLOSINAS;7792684000584
1457;GALLETA SOLITA ANIMACION 170;588;;;;;VARIOS;GOLOSINAS;GOLOSINAS;7792684000379
1458;GALLETA SOLITA ANIMACION 60;336;;;;;VARIOS;GOLOSINAS;GOLOSINAS;7792684000836
1459;GALLETA SOLITA ANIMACION CHOCO. X400;1212;;;;;VARIOS;GOLOSINAS;GOLOSINAS;7792684003639
1460;GALLETA SOLITA ANIMACION CONFI. X 400G;1212;;;;;VARIOS;GOLOSINAS;GOLOSINAS;7792684000652
1461;GALLETA SOLITA ANIMACION SIN/CONF X400;1212;;;;;VARIOS;GOLOSINAS;GOLOSINAS;7792684003516
1462;GALLETA SOLITA ARITOS 170;588;;;;;VARIOS;GOLOSINAS;GOLOSINAS;7792684000287
1463;GALLETA SOLITA ARITOS 350;1210;;;;;VARIOS;GOLOSINAS;GOLOSINAS;7792684000164
1464;GALLETA SOLITA ARITOS X500G;1596;;;;;VARIOS;GOLOSINAS;GOLOSINAS;7792684000133
1466;GALLETA SOLITA CHIROLA 400G;1596;;;;;VARIOS;GOLOSINAS;GOLOSINAS;7792684001383
1467;GALLETA SOLITA CHIROLA X 170;620;;;;;VARIOS;GOLOSINAS;GOLOSINAS;7792684000140
1468;GALLETA SOLITA DE KG ANIMACION;3150;;;;;VARIOS;GOLOSINAS;GOLOSINAS;7792684000324
1469;GALLETA SOLITA DE KG LEGENDARIA1;3150;;;;;VARIOS;GOLOSINAS;GOLOSINAS;7792684000348
1470;GALLETA SOLITA DE KG ROSKITAS;3150;;;;;VARIOS;GOLOSINAS;GOLOSINAS;7792684000225
1471;GALLETA SOLITA DULCE NUMERO 170;493;;;;;VARIOS;GOLOSINAS;GOLOSINAS;7792684003615
1472;GALLETA SOLITA DULCE NUMERO X 400;1596;;;;;VARIOS;GOLOSINAS;GOLOSINAS;7792684003530
1473;GALLETA SOLITA DULCE NUMEROS 170G;493;;;;;VARIOS;GOLOSINAS;GOLOSINAS;7792684003295
1474;GALLETA SOLITA DULCE NUMEROS 400;1638;;;;;VARIOS;GOLOSINAS;GOLOSINAS;7792684003301
1475;GALLETA SOLITA EKIN 160G;770;;;;;VARIOS;GOLOSINAS;GOLOSINAS;7792684003745
1476;GALLETA SOLITA EKIN 300G;977;;;;;VARIOS;GOLOSINAS;GOLOSINAS;7792684003738
1477;GALLETA SOLITA EKIN VAINILLA 300G;830;;;;;VARIOS;GOLOSINAS;GOLOSINAS;7792684003882
1478;GALLETA SOLITA ERIKIN VAINILLA 160G;550;;;;;VARIOS;GOLOSINAS;GOLOSINAS;7792684003868
1479;GALLETA SOLITA EXHIBICION X 170G;590;;;;;VARIOS;GOLOSINAS;GOLOSINAS;7792684000423
1480;GALLETA SOLITA EXHIBICION X 400;1210;;;;;VARIOS;GOLOSINAS;GOLOSINAS;7792684000430
1481;GALLETA SOLITA JALEA SOL;33;;;;;VARIOS;GOLOSINAS;GOLOSINAS;7792684000805
1482;GALLETA SOLITA KG ABECEDARIO;3150;;;;;VARIOS;GOLOSINAS;GOLOSINAS;7792684003479
1483;GALLETA SOLITA KG PEPA;3150;;;;;VARIOS;GOLOSINAS;GOLOSINAS;7792684000089
1484;GALLETA SOLITA KG SURTISOL;3300;;;;;VARIOS;GOLOSINAS;GOLOSINAS;7792684001079
1485;GALLETA SOLITA LEGENDARIA 350;1210;;;;;VARIOS;GOLOSINAS;GOLOSINAS;7792684000171
1486;GALLETA SOLITA LEGENDARIA 500;1596;;;;;VARIOS;GOLOSINAS;GOLOSINAS;7792684000706
1487;GALLETA SOLITA LEGENDARIA CHOCO 500;1596;;;;;VARIOS;GOLOSINAS;GOLOSINAS;7792684001628
1488;GALLETA SOLITA MINI CRACKERS SALVADO;215;;;;;VARIOS;GOLOSINAS;GOLOSINAS;7792684003196
1489;GALLETA SOLITA MINI CRACKERS SIN SAL;215;;;;;VARIOS;GOLOSINAS;GOLOSINAS;7792684003219
1490;GALLETA SOLITA PENSAMIENTO 350;1210;;;;;VARIOS;GOLOSINAS;GOLOSINAS;7792684001253
1491;GALLETA SOLITA PENSAMIENTO 500;1312;;;;;VARIOS;GOLOSINAS;GOLOSINAS;7792684001246
1492;GALLETA SOLITA PEPA 170;588;;;;;VARIOS;GOLOSINAS;GOLOSINAS;7792684000355
1493;GALLETA SOLITA PEPA 400;1300;;;;;VARIOS;GOLOSINAS;GOLOSINAS;7792684001505
3163;GALLETA SOLITA PEPA X 300;830;;;;;VARIOS;GOLOSINAS;GOLOSINAS;7792684004261
1495;GALLETA SOLITA PRESUMIDA 80;367;;;;;VARIOS;GOLOSINAS;GOLOSINAS;7792684004124
1494;GALLETA SOLITA PRESUMIDA 80;367;;;;;VARIOS;GOLOSINAS;GOLOSINAS;7792684004179
1496;GALLETA SOLITA PRESUMIDA 80G;367;;;;;VARIOS;GOLOSINAS;GOLOSINAS;7792684004209
1497;GALLETA SOLITA PRESUMIDA 80G;367;;;;;VARIOS;GOLOSINAS;GOLOSINAS;7792684004131
1498;GALLETA SOLITA ROSQUITA 500;1160;;;;;VARIOS;GOLOSINAS;GOLOSINAS;7792684000478
1499;GALLETA SOLITA SALVADO X3;345;;;;;VARIOS;GOLOSINAS;GOLOSINAS;7792684000256
1500;GALLETA SOLITA SANDWICH;345;;;;;VARIOS;GOLOSINAS;GOLOSINAS;7792684000195
1501;GALLETA SOLITA SIN SAL X3;550;;;;;VARIOS;GOLOSINAS;GOLOSINAS;7792684000263
1502;GALLETA SOLITA SURTIDA 300GR;871;;;;;VARIOS;GOLOSINAS;GOLOSINAS;7792684001215
1503;GALLETA SOLITA SURTISOL X 170;560;;;;;VARIOS;GOLOSINAS;GOLOSINAS;7792684000294
1504;GALLETA SOLITA SURTISOL X 500G;1550;;;;;VARIOS;GOLOSINAS;GOLOSINAS;7792684000485
1505;GALLETA SOLITA ZUCRE 170G;560;;;;;VARIOS;GOLOSINAS;GOLOSINAS;7792684004322
1506;GALLETA SOLITA ZUCRE SABOR VAINILLA 400G;1200;;;;;VARIOS;GOLOSINAS;GOLOSINAS;7792684004346
1507;GALLETA SONRISA;1500;;;;;VARIOS;GOLOSINAS;GOLOSINAS;7790040133488
1508;GALLETA SURTIDA GOLCI;65;;;;;VARIOS;GOLOSINAS;GOLOSINAS;7791376000055
1509;GALLETA SURTIDA LIA;2000;;;;;VARIOS;GOLOSINAS;GOLOSINAS;7790040149021
1510;GALLETA SURTIDA TURIMAR 350G,;95;;;;;VARIOS;GOLOSINAS;GOLOSINAS;7797675001953
1511;GALLETA SURTIDA ZUPAY 300G;40;;;;;VARIOS;GOLOSINAS;GOLOSINAS;7790349851311
1512;GALLETA SURTIDAS EDRA X300GR;39;;;;;VARIOS;GOLOSINAS;GOLOSINAS;7798048730395
1513;GALLETA SURTIDAS GOLCI 300GR;39;;;;;VARIOS;GOLOSINAS;GOLOSINAS;7798077950313
1514;GALLETA SURTIDAS NEVARE 400G;93;;;;;VARIOS;GOLOSINAS;GOLOSINAS;7798094222608
1515;GALLETA SURTIDO BAGLEY;3000;;;;;VARIOS;GOLOSINAS;GOLOSINAS;7790040132771
1516;GALLETA SURTIDO BAGLEY;3000;;;;;VARIOS;GOLOSINAS;GOLOSINAS;7790040929609
1517;GALLETA SURTIDO BAGLEY;3000;;;;;VARIOS;GOLOSINAS;GOLOSINAS;7790040138896
1518;GALLETA SURTIDO BAGLEY;3000;;;;;VARIOS;GOLOSINAS;GOLOSINAS;7790040143357
1519;GALLETA SURTIDO BAGLEY 400G;3000;;;;;VARIOS;GOLOSINAS;GOLOSINAS;7790040147720
1520;GALLETA TERRABUSI LINCOLN;1350;;;;;VARIOS;GOLOSINAS;GOLOSINAS;7622300742713
1521;GALLETA TERRABUSI LINCOLN;1350;;;;;VARIOS;GOLOSINAS;GOLOSINAS;7622201745523
1522;GALLETA TERRABUSI LINCOLN 153G;1350;;;;;VARIOS;GOLOSINAS;GOLOSINAS;7622201386719
1523;GALLETA TERRABUSI VARIEDAD;2000;;;;;VARIOS;GOLOSINAS;GOLOSINAS;7622201745561
1524;GALLETA TIA MARUCA X3;990;;;;;VARIOS;GOLOSINAS;GOLOSINAS;7798082744518
77995087;GALLETA TOCOATO PEPA 300;820;;;;;VARIOS;GOLOSINAS;GOLOSINAS;7791954004079
1525;GALLETA TOCOÑATO  MARMOLADA 150;420;;;;;VARIOS;GOLOSINAS;GOLOSINAS;7791386000618
1527;GALLETA TOCOÑATO 100G;260;;;;;VARIOS;GOLOSINAS;GOLOSINAS;7791386000236
1526;GALLETA TOCOÑATO 100G;260;;;;;VARIOS;GOLOSINAS;GOLOSINAS;7791386000229
1528;GALLETA TOCOÑATO 180G;500;;;;;VARIOS;GOLOSINAS;GOLOSINAS;7791386000045
1529;GALLETA TOCOÑATO 200G TONITAS;570;;;;;VARIOS;GOLOSINAS;GOLOSINAS;7791386000311
1530;GALLETA TOCOÑATO PEPA 150G;450;;;;;VARIOS;GOLOSINAS;GOLOSINAS;7791386000014
1531;GALLETA TOCOÑATO PEPA 27G;130;;;;;VARIOS;GOLOSINAS;GOLOSINAS;7791386000441
1532;GALLETA TOCOÑATO PEPA 500G;1000;;;;;VARIOS;GOLOSINAS;GOLOSINAS;7791386009031
1533;GALLETA TOCOÑATO PEPAS 100G;260;;;;;VARIOS;GOLOSINAS;GOLOSINAS;7791386000205
1534;GALLETA TOCOÑATO PEPAS 200G;500;;;;;VARIOS;GOLOSINAS;GOLOSINAS;7791386000328
1535;GALLETA TOCOÑATO SCONES 150G;420;;;;;VARIOS;GOLOSINAS;GOLOSINAS;7791386000298
1536;GALLETA TOCOÑATO VAINILLA 200G;500;;;;;VARIOS;GOLOSINAS;GOLOSINAS;7791386000625
1537;GALLETA TORTITA BLACK;95;;;;;VARIOS;GOLOSINAS;GOLOSINAS;7790040676800
1538;GALLETA TORTITA CHOCOLATE;95;;;;;VARIOS;GOLOSINAS;GOLOSINAS;7790040677005
1539;GALLETA TRAVIARA X5;1490;;;;;VARIOS;GOLOSINAS;GOLOSINAS;7790040144095
1540;GALLETA TRAVIATA X 3;300;;;;;VARIOS;GOLOSINAS;GOLOSINAS;7790040872202
77995099;GALLETA TRIO TRICHIPS 230G;1300;;;;;VARIOS;GOLOSINAS;GOLOSINAS;7791787101129
1541;GALLETA TURIMAR CHIPS 350G;95;;;;;VARIOS;GOLOSINAS;GOLOSINAS;7797675001045
1542;GALLETA TURIMAR CON CHIPS;50;;;;;VARIOS;GOLOSINAS;GOLOSINAS;77969903
1543;GALLETA TURIMAR OJITOS;48;;;;;VARIOS;GOLOSINAS;GOLOSINAS;7797675001168
1544;GALLETA TURIMAR SURTIDA;90;;;;;VARIOS;GOLOSINAS;GOLOSINAS;7797675001946
1545;GALLETA VAINILLA X 2;790;;;;;VARIOS;GOLOSINAS;GOLOSINAS;7790628102639
1546;GALLETA VAINILLA X 4;1533;;;;;VARIOS;GOLOSINAS;GOLOSINAS;7790628102646
1547;GALLETA VAINILLA X U;500;;;;;VARIOS;GOLOSINAS;GOLOSINAS;7790628102684
1548;GALLETA VAINILLA X10;3960;;;;;VARIOS;GOLOSINAS;GOLOSINAS;7790628102653
1549;GALLETA VAINILLA X36U;100;;;;;VARIOS;GOLOSINAS;GOLOSINAS;7790077000135
1550;GALLETA VAINLLA POZO;29;;;;;VARIOS;GOLOSINAS;GOLOSINAS;7790077000326
1551;GALLETA VARIEDAD TERRABUSI;160;;;;;VARIOS;GOLOSINAS;GOLOSINAS;7622201804435
1552;GALLETA VOCACION ACARAMELADA X3;1680;;;;;VARIOS;GOLOSINAS;GOLOSINAS;7790040133228
1553;GALLETA VOCACION ACARAMELADA XU;670;;;;;VARIOS;GOLOSINAS;GOLOSINAS;7790040133211
1554;GALLETA VOCACION CLASICA;1700;;;;;VARIOS;GOLOSINAS;GOLOSINAS;7790040131187
1555;GALLETA VOCACION CLASICA X 3;1700;;;;;VARIOS;GOLOSINAS;GOLOSINAS;7790040177505
1556;GALLETA VOCACION CLASICA X3;1700;;;;;VARIOS;GOLOSINAS;GOLOSINAS;7790040131194
1557;GALLETA VOCACION X3;1700;;;;;VARIOS;GOLOSINAS;GOLOSINAS;7790040143623
1558;GALLETA VOCACION XU;670;;;;;VARIOS;GOLOSINAS;GOLOSINAS;7790040146389
77995213;GALLETAS KUKINAS CON CHIPS;720;;;;;VARIOS;GOLOSINAS;GOLOSINAS;7798360810058
1559;GALLETAS MACUCAS;18;;;;;VARIOS;GOLOSINAS;GOLOSINAS;7790040129528
1560;GALLETAS TODDYS 126G;130;;;;;VARIOS;GOLOSINAS;GOLOSINAS;7790310982846
714604711;GALLETITA FULBITO ;320;;;;;VARIOS;GOLOSINAS;GOLOSINAS;7798094224398
1561;GALLETITA TINCHITO;7;;;;;VARIOS;GOLOSINAS;GOLOSINAS;7798073620074
1562;GALLINITA X 30 3 REYNA;3000;;;;;VARIOS;GOLOSINAS;GOLOSINAS;999803
1563;GALLINITAS LUCARMA X25;2750;;;;;VARIOS;GOLOSINAS;GOLOSINAS;999002
1564;GALLO BIZCOCHOS 50G;700;;;;;VARIOS;GOLOSINAS;GOLOSINAS;7790070418432
1565;GALLO BIZCOCHOS DULCES 50G;700;;;;;VARIOS;GOLOSINAS;GOLOSINAS;7790070418418
1566;GALLO BIZCOCHOS SALADOS DE 50G;700;;;;;VARIOS;GOLOSINAS;GOLOSINAS;7790070418456
1567;GALLO CHOCOARROZ 22G;460;;;;;VARIOS;GOLOSINAS;GOLOSINAS;7790070416865
1568;GALLO CHOCOARROZ DULCE DE LECHE 22G;460;;;;;VARIOS;GOLOSINAS;GOLOSINAS;7790070418203
1569;GALLO SNACKS CHOCOBAR 20G;400;;;;;VARIOS;GOLOSINAS;GOLOSINAS;7790070431905
1570;GALLO SNACKS OBLEA 20G;400;;;;;VARIOS;GOLOSINAS;GOLOSINAS;7790070411952
1571;GALLO SNACKS YOGUBAR 20G;400;;;;;VARIOS;GOLOSINAS;GOLOSINAS;7790070432223
714604573;GARRAPIADA ARCOR ;1130;;;;;VARIOS;GOLOSINAS;GOLOSINAS;7790580195809
1572;GARRAPIÑADA 500;150;;;;;VARIOS;GOLOSINAS;GOLOSINAS;7798315910512
1573;GARRAPIÑADA DE MANI ALTEZA;450;;;;;VARIOS;GOLOSINAS;GOLOSINAS;7790380014676
1574;GARRAPIÑADA KING;36;;;;;VARIOS;GOLOSINAS;GOLOSINAS;7798151950260
1575;GARRAPIÑADA LHERITIER FIESTAS FAMIL. 80G;400;;;;;VARIOS;GOLOSINAS;GOLOSINAS;7792860001817
1576;GARRAPIÑADA MIELCITAS X2;110;;;;;VARIOS;GOLOSINAS;GOLOSINAS;7798176195066
1577;GARRAPIÑADA MIRGAL;70;;;;;VARIOS;GOLOSINAS;GOLOSINAS;7790953008156
1578;GARRAPIÑADA PAILAS 80G;68;;;;;VARIOS;GOLOSINAS;GOLOSINAS;7798366580191
1579;GARRAPIÑADA PALMESANO;30;;;;;VARIOS;GOLOSINAS;GOLOSINAS;7795522002467
77995203;GELATINA BEANS Y BESO 250G;2800;;;;;VARIOS;GOLOSINAS;GOLOSINAS;779952036
77995201;GELATINA DENTADURA 250GR;2800;;;;;VARIOS;GOLOSINAS;GOLOSINAS;779952012
1580;GELATINA EMETH ANANA;70;;;;;VARIOS;GOLOSINAS;GOLOSINAS;7791113002168
1581;GELATINA EMETH NARANJA;70;;;;;VARIOS;GOLOSINAS;GOLOSINAS;7791113002175
1582;GELATINA EXQUISITA CEREZA;120;;;;;VARIOS;GOLOSINAS;GOLOSINAS;7790070409980
1583;GELATINA EXQUISITA DURAZNO;120;;;;;VARIOS;GOLOSINAS;GOLOSINAS;7790070413079
1584;GELATINA EXQUISITA DURAZNO LIGTH;120;;;;;VARIOS;GOLOSINAS;GOLOSINAS;7790070410009
1585;GELATINA EXQUISITA NARANJA;120;;;;;VARIOS;GOLOSINAS;GOLOSINAS;7790070413093
1586;GELATINA FRAMBUESA;70;;;;;VARIOS;GOLOSINAS;GOLOSINAS;7791113001161
1587;GELATINA MARIPOSA;80;;;;;VARIOS;GOLOSINAS;GOLOSINAS;6980619920286
77995202;GELATINA MORA JELKY;2800;;;;;VARIOS;GOLOSINAS;GOLOSINAS;779952029
1588;GELATINA P/PREPARAR CEREZA;70;;;;;VARIOS;GOLOSINAS;GOLOSINAS;7791113001147
714604592;GELATINA PIKE;3000;;;;;VARIOS;GOLOSINAS;GOLOSINAS;7146045926
1589;GELATINA TEMBLEKE BUNNY;1000;;;;;VARIOS;GOLOSINAS;GOLOSINAS;7791359120053
1590;GELATINA TEMBLEKE FRUTA;1000;;;;;VARIOS;GOLOSINAS;GOLOSINAS;7791359120046
1591;GELATINA TEMBLEKE GALACTICOS X 6;1000;;;;;VARIOS;GOLOSINAS;GOLOSINAS;7791359120060
1592;GELATINA TEMBLEKE X16;1300;;;;;VARIOS;GOLOSINAS;GOLOSINAS;7791359050107
1593;GELATINA TEMBLEQUE DOMINO;1000;;;;;VARIOS;GOLOSINAS;GOLOSINAS;7791359020100
1594;GELATINA TEMBLEQUE FUTBOL;1000;;;;;VARIOS;GOLOSINAS;GOLOSINAS;7791359120145
1595;GELATINA TEMBLEQUE STICKER EMOJI;1000;;;;;VARIOS;GOLOSINAS;GOLOSINAS;7791359120275
1596;GELATINA TEMBLEQUE X 16;1000;;;;;VARIOS;GOLOSINAS;GOLOSINAS;7791359050022
1597;GELATINA TEMBLI PRINCESAS;1000;;;;;VARIOS;GOLOSINAS;GOLOSINAS;7791359120176
1598;GELATINA TREMBLI SURTIDA;1000;;;;;VARIOS;GOLOSINAS;GOLOSINAS;7791359120015
1599;GELATINA TREMBLY;1000;;;;;VARIOS;GOLOSINAS;GOLOSINAS;7791359120114
1600;GELATINA TREMBLY;900;;;;;VARIOS;GOLOSINAS;GOLOSINAS;7791359120312
1601;GELATINA TREMBLY BIOS;900;;;;;VARIOS;GOLOSINAS;GOLOSINAS;7791359120091
1602;GELATINA TREMBLY PIRATA;900;;;;;VARIOS;GOLOSINAS;GOLOSINAS;7791359120268
1603;GELATINA TREMBLY SELVA;900;;;;;VARIOS;GOLOSINAS;GOLOSINAS;7791359120152
1604;GILLETTE VERDE;980;;;;;VARIOS;GOLOSINAS;GOLOSINAS;7500435154437
1605;GLOBO FORMA CORAZON;350;;;;;VARIOS;GOLOSINAS;GOLOSINAS;6930258101362
1606;GLOBO FORMA CORAZON  45 CM;350;;;;;VARIOS;GOLOSINAS;GOLOSINAS;7798047032292
1607;GLOBO FORMA CORAZON 45CM;350;;;;;VARIOS;GOLOSINAS;GOLOSINAS;7798047032285
1608;GLOBO FRASE METALIZADA;500;;;;;VARIOS;GOLOSINAS;GOLOSINAS;99843
1609;GLOBO METALIZADO 0;850;;;;;VARIOS;GOLOSINAS;GOLOSINAS;7798047031400
1610;GLOBO METALIZADO 0;850;;;;;VARIOS;GOLOSINAS;GOLOSINAS;7798047031301
1611;GLOBO METALIZADO 1;850;;;;;VARIOS;GOLOSINAS;GOLOSINAS;7798047031318
1612;GLOBO METALIZADO 1;850;;;;;VARIOS;GOLOSINAS;GOLOSINAS;7798047031417
1613;GLOBO METALIZADO 2;850;;;;;VARIOS;GOLOSINAS;GOLOSINAS;7798047031325
1614;GLOBO METALIZADO 3;850;;;;;VARIOS;GOLOSINAS;GOLOSINAS;7798047031332
1615;GLOBO METALIZADO 3;850;;;;;VARIOS;GOLOSINAS;GOLOSINAS;7798047031431
1617;GLOBO METALIZADO 4;850;;;;;VARIOS;GOLOSINAS;GOLOSINAS;7798047031349
1616;GLOBO METALIZADO 4;850;;;;;VARIOS;GOLOSINAS;GOLOSINAS;7798047031448
1618;GLOBO METALIZADO 5;850;;;;;VARIOS;GOLOSINAS;GOLOSINAS;7798047031356
1619;GLOBO METALIZADO 6;850;;;;;VARIOS;GOLOSINAS;GOLOSINAS;7798047031363
1620;GLOBO METALIZADO 6;850;;;;;VARIOS;GOLOSINAS;GOLOSINAS;7798047031462
1621;GLOBO METALIZADO 7;850;;;;;VARIOS;GOLOSINAS;GOLOSINAS;7798047031370
1622;GLOBO METALIZADO 7;850;;;;;VARIOS;GOLOSINAS;GOLOSINAS;7798047031479
1623;GLOBO METALIZADO 8;850;;;;;VARIOS;GOLOSINAS;GOLOSINAS;7798047031486
1624;GLOBO METALIZADO 8;850;;;;;VARIOS;GOLOSINAS;GOLOSINAS;7798047031387
1626;GLOBO METALIZADO 9;850;;;;;VARIOS;GOLOSINAS;GOLOSINAS;7798047031493
1625;GLOBO METALIZADO 9;850;;;;;VARIOS;GOLOSINAS;GOLOSINAS;7798047031394
1627;GLOBO METALIZADO CHICO;600;;;;;VARIOS;GOLOSINAS;GOLOSINAS;99842
1628;GLOBO METALIZADO DOS;850;;;;;VARIOS;GOLOSINAS;GOLOSINAS;6915141541555
1629;GLOBO METALIZADO N6;850;;;;;VARIOS;GOLOSINAS;GOLOSINAS;6915141541593
1630;GLOBO METALIZADO ROSA;850;;;;;VARIOS;GOLOSINAS;GOLOSINAS;7798047032544
1631;GLOBO METALIZADO ROSA 8;850;;;;;VARIOS;GOLOSINAS;GOLOSINAS;7798047032629
1632;GLOBO METALIZADO ROSA 9;850;;;;;VARIOS;GOLOSINAS;GOLOSINAS;7798047032636
1633;GLOBO METALIZADO ROSA N5;850;;;;;VARIOS;GOLOSINAS;GOLOSINAS;7798047032599
1634;GLOBO TUKI;850;;;;;VARIOS;GOLOSINAS;GOLOSINAS;7790391600028
1635;GLOBO TUKI MORADO;850;;;;;VARIOS;GOLOSINAS;GOLOSINAS;7790391840127
1636;GLOBO TUKI ROJO;850;;;;;VARIOS;GOLOSINAS;GOLOSINAS;7790391840042
1637;GLOBO TUKI VERDE;850;;;;;VARIOS;GOLOSINAS;GOLOSINAS;7790391840059
1638;GLOBO TUKY 12 AMARILLO;850;;;;;VARIOS;GOLOSINAS;GOLOSINAS;7790391840035
1639;GLOBO TUKY 12 AZUL;850;;;;;VARIOS;GOLOSINAS;GOLOSINAS;7790391840097
1640;GLOBO TUKY 12 BLANCO;850;;;;;VARIOS;GOLOSINAS;GOLOSINAS;7790391840011
1641;GLOBO TUKY 12 NEGRO;850;;;;;VARIOS;GOLOSINAS;GOLOSINAS;7790391840080
1642;GLOBO TUKY 12 ROSA;850;;;;;VARIOS;GOLOSINAS;GOLOSINAS;7790391840028
1643;GLOBO TUKY PLATEADO;850;;;;;VARIOS;GOLOSINAS;GOLOSINAS;7790391605023
1644;GLOBO VAMOS ARGENTINA;850;;;;;VARIOS;GOLOSINAS;GOLOSINAS;7790391083333
1645;GLOBOS TUKY HALLOWEN;1500;;;;;VARIOS;GOLOSINAS;GOLOSINAS;7790391839909
1646;GLOBOS TUKY SURTIDO;850;;;;;VARIOS;GOLOSINAS;GOLOSINAS;7790391103536
1647;GOITA DOCILE ACIDA;3600;;;;;VARIOS;GOLOSINAS;GOLOSINAS;7896451922410
1648;GOMITA BABY DOLL 600G;3900;;;;;VARIOS;GOLOSINAS;GOLOSINAS;7792860002562
714604588;GOMITA BABY DOLL ACIDO POWER ;5000;;;;;VARIOS;GOLOSINAS;GOLOSINAS;7792860006553
1649;GOMITA BEBETO 10G;42;;;;;VARIOS;GOLOSINAS;GOLOSINAS;8690146123712
1650;GOMITA BEBETO X 600G;2970;;;;;VARIOS;GOLOSINAS;GOLOSINAS;8690146160113
1651;GOMITA BILLIKEN;20;;;;;VARIOS;GOLOSINAS;GOLOSINAS;7792222001868
1652;GOMITA BILLIKEN;300;;;;;VARIOS;GOLOSINAS;GOLOSINAS;7798186032542
1653;GOMITA BILLIKEN AMOR X UNIDAD;300;;;;;VARIOS;GOLOSINAS;GOLOSINAS;7792222003312
1654;GOMITA BILLIKEN FRUTAL X 200GR;25;;;;;VARIOS;GOLOSINAS;GOLOSINAS;7790070885418
1655;GOMITA BILLIKEN GOTIAS DE AMOR X 12U;3500;;;;;VARIOS;GOLOSINAS;GOLOSINAS;7798186032566
1656;GOMITA BILLIKEN REDONDITAS X800;205;;;;;VARIOS;GOLOSINAS;GOLOSINAS;7798186032856
1657;GOMITA BILLIKEN TUTTI;20;;;;;VARIOS;GOLOSINAS;GOLOSINAS;7790070885449
1658;GOMITA BILLIKEN X 16U;250;;;;;VARIOS;GOLOSINAS;GOLOSINAS;7792222001912
1659;GOMITA BILLIKEN X12;230;;;;;VARIOS;GOLOSINAS;GOLOSINAS;7798186032603
1660;GOMITA BULDOG;65;;;;;VARIOS;GOLOSINAS;GOLOSINAS;7798186032900
1661;GOMITA BULL DOG X12;385;;;;;VARIOS;GOLOSINAS;GOLOSINAS;7798186033112
1662;GOMITA BULLDOG CAJA X 12;780;;;;;VARIOS;GOLOSINAS;GOLOSINAS;7798186032917
1663;GOMITA DOCILE;2000;;;;;VARIOS;GOLOSINAS;GOLOSINAS;7896451907813
1665;GOMITA DOCILE 500G;3600;;;;;VARIOS;GOLOSINAS;GOLOSINAS;7896451922427
1664;GOMITA DOCILE 500G;3600;;;;;VARIOS;GOLOSINAS;GOLOSINAS;7896451927484
1666;GOMITA DOCILE 70G;800;;;;;VARIOS;GOLOSINAS;GOLOSINAS;7896451912466
1667;GOMITA DOCILE ACIDA;2000;;;;;VARIOS;GOLOSINAS;GOLOSINAS;7896451916020
1668;GOMITA DOCILE CANUDINHO 70G;500;;;;;VARIOS;GOLOSINAS;GOLOSINAS;7896451912480
1669;GOMITA DOCILE CANUDINHO REGAL. X U 15G;300;;;;;VARIOS;GOLOSINAS;GOLOSINAS;7896451912497
1670;GOMITA DOCILE CANUDINHO UNICO. B.70G;800;;;;;VARIOS;GOLOSINAS;GOLOSINAS;7896451913845
1671;GOMITA DOCILE CANUDINO 26G;300;;;;;VARIOS;GOLOSINAS;GOLOSINAS;7896451918079
1672;GOMITA DOCILE CORAZON;2000;;;;;VARIOS;GOLOSINAS;GOLOSINAS;7896451907851
1673;GOMITA DOCILE DE 500G;3600;;;;;VARIOS;GOLOSINAS;GOLOSINAS;7896451922434
1674;GOMITA DOCILE DIENTECITO;1900;;;;;VARIOS;GOLOSINAS;GOLOSINAS;7896451927552
1675;GOMITA DOCILE DIENTES 1KG;2350;;;;;VARIOS;GOLOSINAS;GOLOSINAS;7896451910516
1676;GOMITA DOCILE DIENTES DE 250G;2800;;;;;VARIOS;GOLOSINAS;GOLOSINAS;7896451908131
1677;GOMITA DOCILE FIESTA;2000;;;;;VARIOS;GOLOSINAS;GOLOSINAS;7896451908827
1678;GOMITA DOCILE FIESTA 250G;1900;;;;;VARIOS;GOLOSINAS;GOLOSINAS;17896451908824
1679;GOMITA DOCILE FRUTILLA CITRICA;1900;;;;;VARIOS;GOLOSINAS;GOLOSINAS;7896451913111
1680;GOMITA DOCILE GELATINA;2800;;;;;VARIOS;GOLOSINAS;GOLOSINAS;7896451909398
1681;GOMITA DOCILE GOMITA BANANA;2000;;;;;VARIOS;GOLOSINAS;GOLOSINAS;7896451908834
1682;GOMITA DOCILE MORITA;2000;;;;;VARIOS;GOLOSINAS;GOLOSINAS;7896451908728
1683;GOMITA DOCILE MORITAS 250;2800;;;;;VARIOS;GOLOSINAS;GOLOSINAS;7896451927545
1686;GOMITA DOCILE REGALIZ B.CANUDINHOX70G;800;;;;;VARIOS;GOLOSINAS;GOLOSINAS;7896451912459
1684;GOMITA DOCILE REGALIZ BIG 26G;300;;;;;VARIOS;GOLOSINAS;GOLOSINAS;7896451917225
1685;GOMITA DOCILE REGALIZ BIG X24;7600;;;;;VARIOS;GOLOSINAS;GOLOSINAS;7896451917218
1687;GOMITA DOCILE REGALIZ CAJA;2900;;;;;VARIOS;GOLOSINAS;GOLOSINAS;7896451912817
1688;GOMITA DOCILE REGALIZ CAJA;2900;;;;;VARIOS;GOLOSINAS;GOLOSINAS;7896451913593
1689;GOMITA DOCILE REGALIZ X U 15G;300;;;;;VARIOS;GOLOSINAS;GOLOSINAS;7896451913586
1690;GOMITA DOCILE REGALIZ X U 15G;300;;;;;VARIOS;GOLOSINAS;GOLOSINAS;7896451912527
1691;GOMITA DOCILE REGLIZ 15G CAJA;2900;;;;;VARIOS;GOLOSINAS;GOLOSINAS;7896451913081
1692;GOMITA DOCILE SANDIA 250G;1900;;;;;VARIOS;GOLOSINAS;GOLOSINAS;7896451927637
1693;GOMITA DOCILE STICKS X24;7600;;;;;VARIOS;GOLOSINAS;GOLOSINAS;7896451918086
3171;GOMITA EN ROLLO FIERITA X30;4400;;;;;VARIOS;GOLOSINAS;GOLOSINAS;7798040595343
77995033;GOMITA EN ROLLO XU FIERITA;180;;;;;VARIOS;GOLOSINAS;GOLOSINAS;77995032
77995103;GOMITA FIERITA 500G;2500;;;;;VARIOS;GOLOSINAS;GOLOSINAS;7798040595312
1694;GOMITA FRUTIGELATIN;2980;;;;;VARIOS;GOLOSINAS;GOLOSINAS;7790580130930
1696;GOMITA FRUTIGELATIN XU;300;;;;;VARIOS;GOLOSINAS;GOLOSINAS;7790580130626
1695;GOMITA FRUTIGELATIN XU;300;;;;;VARIOS;GOLOSINAS;GOLOSINAS;7790580130633
1697;GOMITA FRUTIGELATINA X12U;2980;;;;;VARIOS;GOLOSINAS;GOLOSINAS;7790580130923
1698;GOMITA GOMETS JELLIES;5500;;;;;VARIOS;GOLOSINAS;GOLOSINAS;7896058591347
1699;GOMITA GOMETS JELLY;1100;;;;;VARIOS;GOLOSINAS;GOLOSINAS;7896058501438
1700;GOMITA GOMETS ROLLO;40;;;;;VARIOS;GOLOSINAS;GOLOSINAS;7896058506105
1701;GOMITA GOMETS ROLLO X30;1050;;;;;VARIOS;GOLOSINAS;GOLOSINAS;7896058516104
1702;GOMITA GOMETS X 700G;1100;;;;;VARIOS;GOLOSINAS;GOLOSINAS;7896058501452
1703;GOMITA GOMUTCHO CAJA X30;4450;;;;;VARIOS;GOLOSINAS;GOLOSINAS;7891151029421
1704;GOMITA HAMBURGUESA;30;;;;;VARIOS;GOLOSINAS;GOLOSINAS;6941051307547
77995160;GOMITA JELLY BEANS X12;6270;;;;;VARIOS;GOLOSINAS;GOLOSINAS;7790580147747
714604610;GOMITA LA PIATA 50G;350;;;;;VARIOS;GOLOSINAS;GOLOSINAS;7798186035079
1705;GOMITA MISKY 30G XU;72;;;;;VARIOS;GOLOSINAS;GOLOSINAS;7790580132439
1706;GOMITA MISKY ACIDOS;4100;;;;;VARIOS;GOLOSINAS;GOLOSINAS;7790580149987
1707;GOMITA MISKY FANTASIA  MENTA;7000;;;;;VARIOS;GOLOSINAS;GOLOSINAS;7790580222109
1708;GOMITA MISKY FANTASIA X KG;7000;;;;;VARIOS;GOLOSINAS;GOLOSINAS;7790580403805
1709;GOMITA MISKY JELLY ROLL X 1KG;7000;;;;;VARIOS;GOLOSINAS;GOLOSINAS;7790580640101
1710;GOMITA MISKY X 12;710;;;;;VARIOS;GOLOSINAS;GOLOSINAS;7790580112134
1711;GOMITA MISKY X U;72;;;;;VARIOS;GOLOSINAS;GOLOSINAS;7790580112189
1713;GOMITA MOGUL;400;;;;;VARIOS;GOLOSINAS;GOLOSINAS;7790580140427
714604651;GOMITA MOGUL ;6900;;;;;VARIOS;GOLOSINAS;GOLOSINAS;7790580107475
77995170;GOMITA MOGUL  XU ;400;;;;;VARIOS;GOLOSINAS;GOLOSINAS;7790580135911
714604652;GOMITA MOGUL 500;6900;;;;;VARIOS;GOLOSINAS;GOLOSINAS;7790580123932
714604653;GOMITA MOGUL 500;6900;;;;;VARIOS;GOLOSINAS;GOLOSINAS;7790580147488
714604655;GOMITA MOGUL 500G;6900;;;;;VARIOS;GOLOSINAS;GOLOSINAS;7790580147488
714604650;GOMITA MOGUL ANILLOS ;11300;;;;;VARIOS;GOLOSINAS;GOLOSINAS;7790580309602
714604654;GOMITA MOGUL COCA;6900;;;;;VARIOS;GOLOSINAS;GOLOSINAS;7790580151461
714604596;GOMITA MOGUL DIENTE ;6900;;;;;VARIOS;GOLOSINAS;GOLOSINAS;7790580263102
1714;GOMITA MOGUL EUCALITOS;11300;;;;;VARIOS;GOLOSINAS;GOLOSINAS;7790580309206
1712;GOMITA MOGUL JELLY ;9850;;;;;VARIOS;GOLOSINAS;GOLOSINAS;7790580308100
77995171;GOMITA MOGUL MOSTRUITOS ;400;;;;;VARIOS;GOLOSINAS;GOLOSINAS;7790580146849
714604656;GOMITA MOGUL OSITO 500;6900;;;;;VARIOS;GOLOSINAS;GOLOSINAS;7790580147990
714604657;GOMITA MOGUL TUBITOS;6900;;;;;VARIOS;GOLOSINAS;GOLOSINAS;7790580147433
1715;GOMITA MOGUL TUBITOS  CAJA;6400;;;;;VARIOS;GOLOSINAS;GOLOSINAS;7790580140021
1716;GOMITA PICO DULCE 150G;1300;;;;;VARIOS;GOLOSINAS;GOLOSINAS;7792860002548
1717;GOMITA PICO DULCE 600G;3900;;;;;VARIOS;GOLOSINAS;GOLOSINAS;7792860002494
1718;GOMITA PICO DULCE 600G;3900;;;;;VARIOS;GOLOSINAS;GOLOSINAS;7792860008458
1719;GOMITA PIÑATA HUESOS;4100;;;;;VARIOS;GOLOSINAS;GOLOSINAS;7798186032016
1720;GOMITA PIÑATA REDONDITAS 700G;5100;;;;;VARIOS;GOLOSINAS;GOLOSINAS;7798186031965
1721;GOMITA PIÑATA SURTIDA 700G;5100;;;;;VARIOS;GOLOSINAS;GOLOSINAS;7798186032221
1722;GOMITA RICOMAS;2796;;;;;VARIOS;GOLOSINAS;GOLOSINAS;7790580130305
1723;GOMITA RICOMAS BOTNCITOS;2796;;;;;VARIOS;GOLOSINAS;GOLOSINAS;7790580130299
1724;GOMITA ROLLO BULL DOG;30;;;;;VARIOS;GOLOSINAS;GOLOSINAS;77972583
1725;GOMITA ROLLO DOCIGOMA;300;;;;;VARIOS;GOLOSINAS;GOLOSINAS;7896451911582
1726;GOMITA ROLLO DOCIGOMA DOCILE X30;4950;;;;;VARIOS;GOLOSINAS;GOLOSINAS;7896451916488
1727;GOMITA ROLLO DOCIGOMA X 30;6500;;;;;VARIOS;GOLOSINAS;GOLOSINAS;7896451911698
1729;GOMITA YUMMY ANIMALITO X12;4900;;;;;VARIOS;GOLOSINAS;GOLOSINAS;7798186032696
1730;GOMITA YUMMY ANIMALITOS;420;;;;;VARIOS;GOLOSINAS;GOLOSINAS;7798186032689
1731;GOMITA YUMMY BANANITAS 500G;2690;;;;;VARIOS;GOLOSINAS;GOLOSINAS;7798186032948
1732;GOMITA YUMMY DINO X12;4900;;;;;VARIOS;GOLOSINAS;GOLOSINAS;7798186032658
1733;GOMITA YUMMY FRUTILLA C/CREMA 500G;2690;;;;;VARIOS;GOLOSINAS;GOLOSINAS;7798186033211
1734;GOMITA YUMMY FRUTILLA CON CREMA CAJA;4900;;;;;VARIOS;GOLOSINAS;GOLOSINAS;7798186034867
1735;GOMITA YUMMY FRUTILLA CON CREMA XU;420;;;;;VARIOS;GOLOSINAS;GOLOSINAS;7798186034850
77995145;GOMITA YUMMY FRUTITAS X12;4900;;;;;VARIOS;GOLOSINAS;GOLOSINAS;7798186033075
1736;GOMITA YUMMY MORITA;420;;;;;VARIOS;GOLOSINAS;GOLOSINAS;7798186033457
1737;GOMITA YUMMY MORITA 500G;2690;;;;;VARIOS;GOLOSINAS;GOLOSINAS;7798186033471
1738;GOMITA YUMMY MORITA X12;4200;;;;;VARIOS;GOLOSINAS;GOLOSINAS;7798186033464
1739;GOMITA YUMMY OSITO;420;;;;;VARIOS;GOLOSINAS;GOLOSINAS;7798186032627
1740;GOMITA YUMMY OSITO 500G;2690;;;;;VARIOS;GOLOSINAS;GOLOSINAS;7798186032955
1741;GOMITA YUMMY OSITOS X12;4900;;;;;VARIOS;GOLOSINAS;GOLOSINAS;7798186032634
1742;GOMITA YUMMY PECECITO;420;;;;;VARIOS;GOLOSINAS;GOLOSINAS;7798186032665
1743;GOMITA YUMMY PECECITOS X12;4900;;;;;VARIOS;GOLOSINAS;GOLOSINAS;7798186032672
1744;GOMITA YUMMY PIECITOS;420;;;;;VARIOS;GOLOSINAS;GOLOSINAS;7798186033051
1745;GOMITA YUMMY PIECITOS X12;4900;;;;;VARIOS;GOLOSINAS;GOLOSINAS;7798186033082
1746;GOMITA YUMMY SANDIA 500G;2690;;;;;VARIOS;GOLOSINAS;GOLOSINAS;7798186033655
1747;GOMITA YUMMY X12;4900;;;;;VARIOS;GOLOSINAS;GOLOSINAS;7798186034126
1748;GOMITA YUMMY XU;420;;;;;VARIOS;GOLOSINAS;GOLOSINAS;7798186034119
77995146;GOMITA YUMMY XU;420;;;;;VARIOS;GOLOSINAS;GOLOSINAS;7798186033044
1749;GOMITA YUMMY500 OSITOS ACIDOS;2690;;;;;VARIOS;GOLOSINAS;GOLOSINAS;7798186034133
1750;GOMITA YUMMYI DINO;420;;;;;VARIOS;GOLOSINAS;GOLOSINAS;7798186032641
714604649;GOMITAS MOGUL KG;11300;;;;;VARIOS;GOLOSINAS;GOLOSINAS;7790580311315
1751;GOMTIA GOMUTCHO X 1;200;;;;;VARIOS;GOLOSINAS;GOLOSINAS;7891151029438
1752;GOMTIA MISKY 30G X 12;1350;;;;;VARIOS;GOLOSINAS;GOLOSINAS;7790580132590
1753;GRAMBI LIMON 800G;2000;;;;;VARIOS;GOLOSINAS;GOLOSINAS;7791290795112
1754;GRAMBY ROSA;2000;;;;;VARIOS;GOLOSINAS;GOLOSINAS;7791290795143
1755;GRANA DE COLORES;35;;;;;VARIOS;GOLOSINAS;GOLOSINAS;7796373000213
1756;GRANAS CELESTE;35;;;;;VARIOS;GOLOSINAS;GOLOSINAS;7796373000206
1757;GRANAS MARRON;35;;;;;VARIOS;GOLOSINAS;GOLOSINAS;7796373000190
1758;GRANAS ROSA;35;;;;;VARIOS;GOLOSINAS;GOLOSINAS;7796373000176
1759;GRANAS VERDE;35;;;;;VARIOS;GOLOSINAS;GOLOSINAS;7796373000183
1760;GRANBY LAVADO A MANO;800;;;;;VARIOS;GOLOSINAS;GOLOSINAS;7791290795044
1761;GRANBY PLUS;225;;;;;VARIOS;GOLOSINAS;GOLOSINAS;7791290793477
1762;GRANBY PLUS;225;;;;;VARIOS;GOLOSINAS;GOLOSINAS;7791290793484
1763;GRANBY PLUS MATIC;170;;;;;VARIOS;GOLOSINAS;GOLOSINAS;7791290791879
1764;GRASA ULTRA KG;505;;;;;VARIOS;GOLOSINAS;GOLOSINAS;7794573000026
1765;GRASA ULTRA X500;255;;;;;VARIOS;GOLOSINAS;GOLOSINAS;7794573000019
1766;GRASA VACUNA COMESTIBLE;350;;;;;VARIOS;GOLOSINAS;GOLOSINAS;7798001880464
77995135;GUMBALLS X20 ;16500;;;;;VARIOS;GOLOSINAS;GOLOSINAS;7798040594612
1767;HAMLET WAY  CAJA;6090;;;;;VARIOS;GOLOSINAS;GOLOSINAS;7794612101134
1768;HARINA 0000;40;;;;;VARIOS;GOLOSINAS;GOLOSINAS;7798141970025
1769;HELADITO CON JUGUITO TRES REINAS X30;3150;;;;;VARIOS;GOLOSINAS;GOLOSINAS;999804
1770;HELADITOS TRES REINAS X 20;3150;;;;;VARIOS;GOLOSINAS;GOLOSINAS;926
1771;HELADITOS VICTORIO X30;950;;;;;VARIOS;GOLOSINAS;GOLOSINAS;999169
1772;HELADO AGUAS ALCHILATA X25;4100;;;;;VARIOS;GOLOSINAS;GOLOSINAS;1257
1773;HELADO BOMBOM X25;8840;;;;;VARIOS;GOLOSINAS;GOLOSINAS;1259
1774;HELADO CREMA X25;6000;;;;;VARIOS;GOLOSINAS;GOLOSINAS;1258
1775;HELADO CREMITAS SACHET;600;;;;;VARIOS;GOLOSINAS;GOLOSINAS;15680
1776;HELADO ENVASE;1500;;;;;VARIOS;GOLOSINAS;GOLOSINAS;1261
1777;HELADO TACHO 10 L;17680;;;;;VARIOS;GOLOSINAS;GOLOSINAS;6590
1778;HELADO TACHO 5L;5000;;;;;VARIOS;GOLOSINAS;GOLOSINAS;6591
1779;HELADO TACHO SIN ENVASE;5000;;;;;VARIOS;GOLOSINAS;GOLOSINAS;1260
1780;HELADO TASITA X10;1200;;;;;VARIOS;GOLOSINAS;GOLOSINAS;15672
1781;HELADO TURBO BANDA FRIO;4900;;;;;VARIOS;GOLOSINAS;GOLOSINAS;6588
1782;HELADO TURBO X25;4900;;;;;VARIOS;GOLOSINAS;GOLOSINAS;999262
77995181;HELADOS TAFI ACHILATA 3L;4950;;;;;VARIOS;GOLOSINAS;GOLOSINAS;779951817
77995182;HELADOS TAFI ACHILATA X10L ;9100;;;;;VARIOS;GOLOSINAS;GOLOSINAS;779951824
77995180;HELADOS TAFI JUGUITOS X25;1950;;;;;VARIOS;GOLOSINAS;GOLOSINAS;779951800
77995179;HELADOS TAFI JUGUITOS X50 ;3700;;;;;VARIOS;GOLOSINAS;GOLOSINAS;779951794
77995175;HELADOS TAFI PALITO ACHILATA X25;3850;;;;;VARIOS;GOLOSINAS;GOLOSINAS;779951756
77995176;HELADOS TAFI PALITO AGUA X25;3850;;;;;VARIOS;GOLOSINAS;GOLOSINAS;779951763
77995178;HELADOS TAFI PALITO BOMBON X25;9400;;;;;VARIOS;GOLOSINAS;GOLOSINAS;779951787
77995183;HELADOS TAFI PALITO CREMA X25;6200;;;;;VARIOS;GOLOSINAS;GOLOSINAS;779951831
1783;HELLMANNS 237G;220;;;;;VARIOS;GOLOSINAS;GOLOSINAS;7794000007093
1784;HELLMANNS 950G;780;;;;;VARIOS;GOLOSINAS;GOLOSINAS;7794000006058
1785;HELLMANNS BARBACOA;250;;;;;VARIOS;GOLOSINAS;GOLOSINAS;7794000003583
1786;HELLMANNS LIGHT;130;;;;;VARIOS;GOLOSINAS;GOLOSINAS;7794000006393
1787;HELLMANNS LIGTH;220;;;;;VARIOS;GOLOSINAS;GOLOSINAS;7794000006423
1788;HELLMANNS LIVIANA;130;;;;;VARIOS;GOLOSINAS;GOLOSINAS;7794000007079
1789;HELLMANNS SALSA GOLF 125G;200;;;;;VARIOS;GOLOSINAS;GOLOSINAS;7794000006980
1790;HELLMANS 118G;360;;;;;VARIOS;GOLOSINAS;GOLOSINAS;7794000006096
1791;HELLMANS 237G;1350;;;;;VARIOS;GOLOSINAS;GOLOSINAS;7794000006065
1792;HELLMANS 475G;2400;;;;;VARIOS;GOLOSINAS;GOLOSINAS;7794000006072
1793;HELLMANS CLASICA X118GR;25;;;;;VARIOS;GOLOSINAS;GOLOSINAS;7794000960022
1794;HILO PIOLIN;200;;;;;VARIOS;GOLOSINAS;GOLOSINAS;1326
1795;HILO PIOLIN X10;2000;;;;;VARIOS;GOLOSINAS;GOLOSINAS;1327
1796;HOLANDA X 50;400;;;;;VARIOS;GOLOSINAS;GOLOSINAS;7790580104207
1797;HUESITOS FRUTALES 180G;210;;;;;VARIOS;GOLOSINAS;GOLOSINAS;7798366580122
1798;HUESITOS FRUTALES PAILAS 80;74;;;;;VARIOS;GOLOSINAS;GOLOSINAS;7798366580184
77995164;HUESITOS PINTA LENGUA ;3830;;;;;VARIOS;GOLOSINAS;GOLOSINAS;7790580151782
1799;HUEVITO ALTEZA;500;;;;;VARIOS;GOLOSINAS;GOLOSINAS;7790380059509
3164;HUEVITO ALTEZA X36;22460;;;;;VARIOS;GOLOSINAS;GOLOSINAS;17790380059506
1800;HUEVITO ANL X12;1730;;;;;VARIOS;GOLOSINAS;GOLOSINAS;999026
1801;HUEVITO ANL X24;3470;;;;;VARIOS;GOLOSINAS;GOLOSINAS;999027
1802;HUEVITO ANL XU;150;;;;;VARIOS;GOLOSINAS;GOLOSINAS;1338
714604669;HUEVITO DE PASCUA N4;600;;;;;VARIOS;GOLOSINAS;GOLOSINAS;7146046695
1803;HUEVITO DE PASCUA N7;1000;;;;;VARIOS;GOLOSINAS;GOLOSINAS;999971
714604670;HUEVITO DE PASCUA N9;2500;;;;;VARIOS;GOLOSINAS;GOLOSINAS;7146046701
1804;HUEVITO KINDER;1850;;;;;VARIOS;GOLOSINAS;GOLOSINAS;77954930
1805;HUEVITO KINDER 20G;1850;;;;;VARIOS;GOLOSINAS;GOLOSINAS;78931039
1806;HUEVITO KINDER GRANDE;12000;;;;;VARIOS;GOLOSINAS;GOLOSINAS;7898024395706
1807;HUEVITO KINDER JOY AZUL;1100;;;;;VARIOS;GOLOSINAS;GOLOSINAS;7861002900421
1808;HUEVITO KINDER JOY ROSA;1100;;;;;VARIOS;GOLOSINAS;GOLOSINAS;7797394002453
1809;HUEVITO KINDER VARON;1850;;;;;VARIOS;GOLOSINAS;GOLOSINAS;77965349
1810;HUEVITO MILKA 157G;9440;;;;;VARIOS;GOLOSINAS;GOLOSINAS;7622202267796
3167;HUEVITO N11;3300;;;;;VARIOS;GOLOSINAS;GOLOSINAS;31677
3169;HUEVITO N15;15600;;;;;VARIOS;GOLOSINAS;GOLOSINAS;31691
3168;HUEVITO N20;15600;;;;;VARIOS;GOLOSINAS;GOLOSINAS;31684
3165;HUEVITO N5;500;;;;;VARIOS;GOLOSINAS;GOLOSINAS;31653
1811;HUEVITO N5;40;;;;;VARIOS;GOLOSINAS;GOLOSINAS;999024
1812;HUEVITO N7;60;;;;;VARIOS;GOLOSINAS;GOLOSINAS;999025
3166;HUEVITO N9;1700;;;;;VARIOS;GOLOSINAS;GOLOSINAS;31660
1813;HUEVITO SHOT 10G;11800;;;;;VARIOS;GOLOSINAS;GOLOSINAS;7622201133023
1814;HUEVITOS ANL X24;1900;;;;;VARIOS;GOLOSINAS;GOLOSINAS;8699462604257
1815;HUEVO COFLER BLOCK;2500;;;;;VARIOS;GOLOSINAS;GOLOSINAS;7790580581602
1816;HUEVO FERRERO 137G;16300;;;;;VARIOS;GOLOSINAS;GOLOSINAS;7898024398899
1817;HUEVO FERRERO 225G;26200;;;;;VARIOS;GOLOSINAS;GOLOSINAS;11178
1818;HUEVO SAPITO;75;;;;;VARIOS;GOLOSINAS;GOLOSINAS;7790580131524
714604674;HUEVO TOFI;11950;;;;;;;;7790580299903
1819;INSECTISIDA MATA MOSCA Y MOSQUITO;1500;;;;;VARIOS;GOLOSINAS;GOLOSINAS;7796679000269
1820;JABON ALA ECO LAVADO;832;;;;;VARIOS;GOLOSINAS;GOLOSINAS;7791290792098
1821;JABON ALA LAVADO A MANO;1000;;;;;VARIOS;GOLOSINAS;GOLOSINAS;7791290791732
1822;JABON ALA PARA DILUIR;1950;;;;;VARIOS;GOLOSINAS;GOLOSINAS;7791290793200
1823;JABON COSQUIN BLANCO;650;;;;;VARIOS;GOLOSINAS;GOLOSINAS;7794573000170
1824;JABON DAVE ANTI STRESS 90G;560;;;;;VARIOS;GOLOSINAS;GOLOSINAS;7891150057470
1825;JABON DAVE ANTIBACTERIAL;560;;;;;VARIOS;GOLOSINAS;GOLOSINAS;7891150075382
1826;JABON DAVE EXFOLIACION;1850;;;;;VARIOS;GOLOSINAS;GOLOSINAS;7898422746827
1827;JABON DAVE KARITE 90G;1850;;;;;VARIOS;GOLOSINAS;GOLOSINAS;7891150019560
1828;JABON DAVE ORIGINAL;1380;;;;;VARIOS;GOLOSINAS;GOLOSINAS;7791293048543
714604623;JABON DOVE ORIGINAL ;1850;;;;;;;;7791293051208
714604624;JABON DOVE PIEL SENSIBLE ;1850;;;;;VARIOS;GOLOSINAS;GOLOSINAS;7891150095618
1829;JABON GRANBY;800;;;;;VARIOS;GOLOSINAS;GOLOSINAS;7791290795006
1830;JABON LIQUIDO GRANBY MATIC;290;;;;;VARIOS;GOLOSINAS;GOLOSINAS;7791290792999
1831;JABON LIQUIDO GRANBY PLUS;290;;;;;VARIOS;GOLOSINAS;GOLOSINAS;7791290793002
1832;JABON LUX JAZMIN CREMOSO;450;;;;;VARIOS;GOLOSINAS;GOLOSINAS;7791293044248
1833;JABON LUX LIRIO AZUL;450;;;;;VARIOS;GOLOSINAS;GOLOSINAS;7791293044415
1834;JABON LUX ORQUIDEAS NEGRA;450;;;;;VARIOS;GOLOSINAS;GOLOSINAS;7791293044422
1835;JABON LUX ROSAS FRANCESAS;450;;;;;VARIOS;GOLOSINAS;GOLOSINAS;7791293044279
1836;JABON PLUS;500;;;;;VARIOS;GOLOSINAS;GOLOSINAS;7794573000323
1837;JABON PLUS BLANCO X200G;410;;;;;VARIOS;GOLOSINAS;GOLOSINAS;7794573000156
1838;JABON QSENS CITRICO;330;;;;;VARIOS;GOLOSINAS;GOLOSINAS;7794573000361
1839;JABON QSENS CITRICO X3;885;;;;;VARIOS;GOLOSINAS;GOLOSINAS;7794573000224
1840;JABON QSENS FLORAL X3;885;;;;;VARIOS;GOLOSINAS;GOLOSINAS;7794573000217
1841;JABON QSENS XU;300;;;;;VARIOS;GOLOSINAS;GOLOSINAS;7794573000385
1842;JABON QSENS XU;300;;;;;VARIOS;GOLOSINAS;GOLOSINAS;7794573000378
1843;JABON REXONA BAMBOO;440;;;;;VARIOS;GOLOSINAS;GOLOSINAS;7791293049076
1844;JABON REXONA FRESH;440;;;;;VARIOS;GOLOSINAS;GOLOSINAS;7791293049083
1845;JABON REXONA NUTRIVE;440;;;;;VARIOS;GOLOSINAS;GOLOSINAS;7791293049106
1846;JABON SUAVE BLANCO CREMOSO;320;;;;;VARIOS;GOLOSINAS;GOLOSINAS;7791293043982
1847;JABON SUAVE ROSA FLORAL;320;;;;;VARIOS;GOLOSINAS;GOLOSINAS;7791293043999
1848;JABON SUAVE VERDE FRECURA;320;;;;;VARIOS;GOLOSINAS;GOLOSINAS;7791293043975
1849;JABON SUAVE X3 BLANCO CREMOSO;812;;;;;VARIOS;GOLOSINAS;GOLOSINAS;7791293044026
1850;JABON SUAVE X3 ROSA FLORAL;812;;;;;VARIOS;GOLOSINAS;GOLOSINAS;7791293044002
1851;JABON SUAVE X3 VERDE FRESCURA;812;;;;;VARIOS;GOLOSINAS;GOLOSINAS;7791293044019
1852;JABON VERDE;300;;;;;VARIOS;GOLOSINAS;GOLOSINAS;1032
1853;JABON VERDE COSQUIN;450;;;;;VARIOS;GOLOSINAS;GOLOSINAS;7794573000347
1854;JABON VERDE COSQUIN X200G;450;;;;;VARIOS;GOLOSINAS;GOLOSINAS;9990219
1855;JANON QSENS X3;885;;;;;VARIOS;GOLOSINAS;GOLOSINAS;7794573000200
77995084;JERINGAS CON CARAMELO LIQUIDO ;280;;;;;VARIOS;GOLOSINAS;GOLOSINAS;779950841
714604633;JUGO BAGGIO 125ML;330;;;;;VARIOS;GOLOSINAS;GOLOSINAS;7790036000640
714604635;JUGO BAGGIO 200MIL ;9000;;;;;VARIOS;GOLOSINAS;GOLOSINAS;27790036000583
714604634;JUGO BAGGIO X18;5900;;;;;VARIOS;GOLOSINAS;GOLOSINAS;27790036000644
1856;JUGO BC MANZANA;450;;;;;VARIOS;GOLOSINAS;GOLOSINAS;7793360106101
1857;JUGO BC MANZANA X24;11100;;;;;VARIOS;GOLOSINAS;GOLOSINAS;17793360106108
1858;JUGO BC MULTIFRUTA;450;;;;;VARIOS;GOLOSINAS;GOLOSINAS;7793360106064
1859;JUGO BC MULTIFRUTA X24;11100;;;;;VARIOS;GOLOSINAS;GOLOSINAS;17793360106061
1860;JUGO BC NARANJA;450;;;;;VARIOS;GOLOSINAS;GOLOSINAS;7793360106095
1861;JUGO BC NARANJA X24;11100;;;;;VARIOS;GOLOSINAS;GOLOSINAS;17793360106092
77995112;JUGO BIG 200 ML;390;;;;;VARIOS;GOLOSINAS;GOLOSINAS;7798287610106
1862;JUGO BIG C DURAZNO 200ML;400;;;;;VARIOS;GOLOSINAS;GOLOSINAS;7798287610069
1863;JUGO BIG C MANZANA 200ML;400;;;;;VARIOS;GOLOSINAS;GOLOSINAS;7798287610045
1864;JUGO BIG C NARANJA 200ML;380;;;;;VARIOS;GOLOSINAS;GOLOSINAS;7798287610021
1865;JUGO BIG CAJAS;6600;;;;;VARIOS;GOLOSINAS;GOLOSINAS;11148
1866;JUGO BIG MULTIFRURTA;380;;;;;VARIOS;GOLOSINAS;GOLOSINAS;7798287610083
714604585;JUGO CLIGHT;350;;;;;VARIOS;GOLOSINAS;GOLOSINAS;7622201733834
1867;JUGO CLIGHT ANANA;350;;;;;VARIOS;GOLOSINAS;GOLOSINAS;7622201702625
1868;JUGO CLIGHT LIMONADA;350;;;;;VARIOS;GOLOSINAS;GOLOSINAS;7622201702656
1869;JUGO CLIGHT LIMONADA MARACUYA;350;;;;;VARIOS;GOLOSINAS;GOLOSINAS;7622201733834
1870;JUGO CLIGHT LIMONADA ROSA;350;;;;;VARIOS;GOLOSINAS;GOLOSINAS;7622201682026
1871;JUGO CLIGHT MANDARINA;350;;;;;VARIOS;GOLOSINAS;GOLOSINAS;7622201704148
1872;JUGO CLIGHT MANZANA DELICIOSA;350;;;;;VARIOS;GOLOSINAS;GOLOSINAS;7622201703080
1873;JUGO CLIGHT NARANJA;350;;;;;VARIOS;GOLOSINAS;GOLOSINAS;7622201703110
1874;JUGO CLIGHT NARANJA DULCE;350;;;;;VARIOS;GOLOSINAS;GOLOSINAS;7622201703141
1875;JUGO CLIGHT NARANJA DURAZNO;350;;;;;VARIOS;GOLOSINAS;GOLOSINAS;7622201702717
1876;JUGO CLIGHT NARANJA MANGO;320;;;;;VARIOS;GOLOSINAS;GOLOSINAS;7622201702687
1877;JUGO CLIGHT PERA;350;;;;;VARIOS;GOLOSINAS;GOLOSINAS;7622201703202
1878;JUGO CLIGHT POMELO AMARILLO;270;;;;;VARIOS;GOLOSINAS;GOLOSINAS;7622201703233
1879;JUGO CLIGHT POMELO ROSADO;350;;;;;VARIOS;GOLOSINAS;GOLOSINAS;7622201703172
714604586;JUGO CLIGHT X 20U;6666;;;;;VARIOS;GOLOSINAS;GOLOSINAS;7622201703042
1880;JUGO CLIGTHT MANZANA VERDE;350;;;;;VARIOS;GOLOSINAS;GOLOSINAS;7622201703059
1881;JUGO DE AGUA X30 U;420;;;;;VARIOS;GOLOSINAS;GOLOSINAS;1041
1882;JUGO DODI;250;;;;;VARIOS;GOLOSINAS;GOLOSINAS;7798027251408
1883;JUGO DODI  POMELO ROSADO CAJA;3300;;;;;VARIOS;GOLOSINAS;GOLOSINAS;7798027250852
1884;JUGO DODI ANANA;250;;;;;VARIOS;GOLOSINAS;GOLOSINAS;7798027251392
1885;JUGO DODI ANANA CAJA;3300;;;;;VARIOS;GOLOSINAS;GOLOSINAS;7798027251217
1886;JUGO DODI CAJA;3300;;;;;VARIOS;GOLOSINAS;GOLOSINAS;7798027251323
1887;JUGO DODI FRUTILLA;250;;;;;VARIOS;GOLOSINAS;GOLOSINAS;7798027250739
1888;JUGO DODI FRUTILLA CAJA;3300;;;;;VARIOS;GOLOSINAS;GOLOSINAS;7798027251248
1889;JUGO DODI FRUTILLA XU;250;;;;;VARIOS;GOLOSINAS;GOLOSINAS;7798027251415
1890;JUGO DODI GRANADINA;250;;;;;VARIOS;GOLOSINAS;GOLOSINAS;7798027250890
714604582;JUGO DODI GRANADINA ;250;;;;;;;;7798027251422
1891;JUGO DODI GRANADINA X15 U;3300;;;;;VARIOS;GOLOSINAS;GOLOSINAS;7798027250937
1892;JUGO DODI LIMON;3300;;;;;VARIOS;GOLOSINAS;GOLOSINAS;7798027250784
1893;JUGO DODI LIMON CAJA;3300;;;;;VARIOS;GOLOSINAS;GOLOSINAS;7798027251316
1894;JUGO DODI LIMON XU;250;;;;;VARIOS;GOLOSINAS;GOLOSINAS;7798027250753
1895;JUGO DODI LIMON XU;250;;;;;VARIOS;GOLOSINAS;GOLOSINAS;7798027251439
1896;JUGO DODI LIMONADA;250;;;;;VARIOS;GOLOSINAS;GOLOSINAS;7798027251453
1897;JUGO DODI LIMONADA CAJA;3300;;;;;VARIOS;GOLOSINAS;GOLOSINAS;7798027251262
1898;JUGO DODI LIMONADA X15 U;3300;;;;;VARIOS;GOLOSINAS;GOLOSINAS;7798027250920
1899;JUGO DODI LIMONADA XU;250;;;;;VARIOS;GOLOSINAS;GOLOSINAS;7798027250883
1902;JUGO DODI MANDARINA;250;;;;;VARIOS;GOLOSINAS;GOLOSINAS;7798027251446
1901;JUGO DODI MANDARINA;3300;;;;;VARIOS;GOLOSINAS;GOLOSINAS;7798027251071
1900;JUGO DODI MANDARINA;250;;;;;VARIOS;GOLOSINAS;GOLOSINAS;7798027251033
1903;JUGO DODI MANGO DULCE;250;;;;;VARIOS;GOLOSINAS;GOLOSINAS;7798027250913
1904;JUGO DODI MANGO DULCE;3300;;;;;VARIOS;GOLOSINAS;GOLOSINAS;7798027251293
1905;JUGO DODI MANGO DULCE X15;3300;;;;;VARIOS;GOLOSINAS;GOLOSINAS;7798027250951
1906;JUGO DODI MANZANA CAJA;3300;;;;;VARIOS;GOLOSINAS;GOLOSINAS;7798027251354
1907;JUGO DODI MANZANA XU;250;;;;;VARIOS;GOLOSINAS;GOLOSINAS;7798027251477
1908;JUGO DODI MIX;250;;;;;VARIOS;GOLOSINAS;GOLOSINAS;7798027251484
1909;JUGO DODI MIX TROPICAL CAJA;3300;;;;;VARIOS;GOLOSINAS;GOLOSINAS;7798027251361
1910;JUGO DODI MIX TROPICAL XU;250;;;;;VARIOS;GOLOSINAS;GOLOSINAS;19
1911;JUGO DODI NARANJA BANANA;250;;;;;VARIOS;GOLOSINAS;GOLOSINAS;7798027251385
1912;JUGO DODI NARANJA BANANA CAJA;3300;;;;;VARIOS;GOLOSINAS;GOLOSINAS;7798027250692
1913;JUGO DODI NARANJA BANANA CAJA;3300;;;;;VARIOS;GOLOSINAS;GOLOSINAS;7798027251224
1914;JUGO DODI NARANJA BANANA XU;250;;;;;VARIOS;GOLOSINAS;GOLOSINAS;7798027250517
1915;JUGO DODI NARANJA CAJA;3300;;;;;VARIOS;GOLOSINAS;GOLOSINAS;7798027251200
1916;JUGO DODI NARANJA DURAZNO;250;;;;;VARIOS;GOLOSINAS;GOLOSINAS;7798027250906
1917;JUGO DODI NARANJA DURAZNO CAJA;3300;;;;;VARIOS;GOLOSINAS;GOLOSINAS;7798027251347
1918;JUGO DODI NARANJA DURAZNO X15;3300;;;;;VARIOS;GOLOSINAS;GOLOSINAS;7798027250944
1919;JUGO DODI NARANJA DURAZNO XU;250;;;;;VARIOS;GOLOSINAS;GOLOSINAS;7798027251491
1920;JUGO DODI NARANJA MANGO CAJA;3300;;;;;VARIOS;GOLOSINAS;GOLOSINAS;7798027251286
1921;JUGO DODI NARANJA MANGO XU;250;;;;;VARIOS;GOLOSINAS;GOLOSINAS;7798027251507
1922;JUGO DODI NARANJA XU;250;;;;;VARIOS;GOLOSINAS;GOLOSINAS;7798027251378
1923;JUGO DODI P/PREPARAR ANANA PIÑA;250;;;;;VARIOS;GOLOSINAS;GOLOSINAS;7798027250760
1924;JUGO DODI PERA CAJA;3300;;;;;VARIOS;GOLOSINAS;GOLOSINAS;7798027251309
1925;JUGO DODI PERA XU;250;;;;;VARIOS;GOLOSINAS;GOLOSINAS;7798027251514
77995059;JUGO DODI POMELO ROSADO CAJA ;3300;;;;;VARIOS;GOLOSINAS;GOLOSINAS;7798027251231
714604583;JUGO DODO GRANADINA X15;3300;;;;;VARIOS;GOLOSINAS;GOLOSINAS;7798027251255
1926;JUGO DODY ANANA;250;;;;;VARIOS;GOLOSINAS;GOLOSINAS;7798027250500
1927;JUGO DODY PERA;250;;;;;VARIOS;GOLOSINAS;GOLOSINAS;7798027250722
1928;JUGO DODY UVA;250;;;;;VARIOS;GOLOSINAS;GOLOSINAS;7798027250869
1929;JUGO DODY X15 PERA;3300;;;;;VARIOS;GOLOSINAS;GOLOSINAS;7798027250241
1930;JUGO DODY X15 UVA;3300;;;;;VARIOS;GOLOSINAS;GOLOSINAS;7798027250845
1931;JUGO ERA MANZANA Y GUARANA;950;;;;;VARIOS;GOLOSINAS;GOLOSINAS;7798065734864
1932;JUGO ERA POMELO Y ANANA;950;;;;;VARIOS;GOLOSINAS;GOLOSINAS;7798065734857
1933;JUGO ERA SABOR NARANJA MANDARINA;950;;;;;VARIOS;GOLOSINAS;GOLOSINAS;7798065734871
1936;JUGO FRESH;760;;;;;VARIOS;GOLOSINAS;GOLOSINAS;7790036974361
1935;JUGO FRESH;760;;;;;VARIOS;GOLOSINAS;GOLOSINAS;7790036974347
1934;JUGO FRESH;760;;;;;VARIOS;GOLOSINAS;GOLOSINAS;7790036974378
1937;JUGO FRESH X6;4500;;;;;VARIOS;GOLOSINAS;GOLOSINAS;11176
1938;JUGO NIKITOS;150;;;;;VARIOS;GOLOSINAS;GOLOSINAS;7798052360076
1939;JUGO NIKITOS X20;2500;;;;;VARIOS;GOLOSINAS;GOLOSINAS;7798052361844
1940;JUGO P/PREPARAR DURAZNO;250;;;;;VARIOS;GOLOSINAS;GOLOSINAS;7798027250746
1941;JUGO P/PREPARAR MANZANA;250;;;;;VARIOS;GOLOSINAS;GOLOSINAS;7798027250531
1942;JUGO P/PREPARAR MIX TROPICAL;250;;;;;VARIOS;GOLOSINAS;GOLOSINAS;7798027250524
1943;JUGO P/PREPARAR NARANJA MANGO;250;;;;;VARIOS;GOLOSINAS;GOLOSINAS;7798027250548
1944;JUGO P/PREPARAR POMELO ROSADO;250;;;;;VARIOS;GOLOSINAS;GOLOSINAS;7798027250876
1945;JUGO P/PREPARAR X15 ANANA PIÑA;3300;;;;;VARIOS;GOLOSINAS;GOLOSINAS;7798027250791
1946;JUGO P/PREPARAR X15 DURAZNO;3300;;;;;VARIOS;GOLOSINAS;GOLOSINAS;7798027250777
1947;JUGO P/PREPARAR X15 FRUTILLA;3300;;;;;VARIOS;GOLOSINAS;GOLOSINAS;7798027250258
1948;JUGO P/PREPARAR X15 MANZANA;3300;;;;;VARIOS;GOLOSINAS;GOLOSINAS;7798027250715
1949;JUGO P/PREPARAR X15 MIX TROPICAL;3300;;;;;VARIOS;GOLOSINAS;GOLOSINAS;7798027250708
1950;JUGO P/PREPARAR X15 NARANJA;3300;;;;;VARIOS;GOLOSINAS;GOLOSINAS;7798027250807
1951;JUGO P/PREPRAR FRUTIDAY NARANJA;3300;;;;;VARIOS;GOLOSINAS;GOLOSINAS;7798322750019
1952;JUGO P/PREPRAR NARANJA MANGO;3300;;;;;VARIOS;GOLOSINAS;GOLOSINAS;7798027250272
1953;JUGO PEPITO 3 X30 PARA CONGELAR;4800;;;;;VARIOS;GOLOSINAS;GOLOSINAS;7798036401245
1954;JUGO PEPITO 3SABORES X UNI;200;;;;;VARIOS;GOLOSINAS;GOLOSINAS;1345
1955;JUGO PEPITO PARA CONGELAR X VEINTICUA;4800;;;;;VARIOS;GOLOSINAS;GOLOSINAS;6569
1956;JUGO TAFI X50;3200;;;;;VARIOS;GOLOSINAS;GOLOSINAS;11140
1957;JUGO TAFIX25;1950;;;;;VARIOS;GOLOSINAS;GOLOSINAS;11139
1958;JUGO TAG NARANJA DULCE;350;;;;;VARIOS;GOLOSINAS;GOLOSINAS;7622201735340
1959;JUGO TAMG NARANJA BANANA;350;;;;;VARIOS;GOLOSINAS;GOLOSINAS;7622201735777
714604638;JUGO TANG ;6666;;;;;VARIOS;GOLOSINAS;GOLOSINAS;7622201746483
1960;JUGO TANG ANANA;350;;;;;VARIOS;GOLOSINAS;GOLOSINAS;7622201745967
1961;JUGO TANG DURAZNO;350;;;;;VARIOS;GOLOSINAS;GOLOSINAS;7622201745936
1962;JUGO TANG FRUTILLA;350;;;;;VARIOS;GOLOSINAS;GOLOSINAS;7622201746490
1963;JUGO TANG LIMONADA DULCE;350;;;;;VARIOS;GOLOSINAS;GOLOSINAS;7622201735685
1964;JUGO TANG MANZANA;350;;;;;VARIOS;GOLOSINAS;GOLOSINAS;7622201705992
1965;JUGO TANG MULTIFRUTA;350;;;;;VARIOS;GOLOSINAS;GOLOSINAS;7622201735715
1967;JUGO TANG NARANJA;350;;;;;VARIOS;GOLOSINAS;GOLOSINAS;7622201746018
1966;JUGO TANG NARANJA;350;;;;;VARIOS;GOLOSINAS;GOLOSINAS;7622201705961
1968;JUGO TANG NARANJA DURAZNO;350;;;;;VARIOS;GOLOSINAS;GOLOSINAS;7622201745707
1969;JUGO TANG NARANJA MANGO;350;;;;;VARIOS;GOLOSINAS;GOLOSINAS;7622201735371
1970;JUGO TANG PERA;350;;;;;VARIOS;GOLOSINAS;GOLOSINAS;7622201745738
1971;JUGO TANG POMELO ROSADO;350;;;;;VARIOS;GOLOSINAS;GOLOSINAS;7622201735746
1972;JUGO TANG UVA;350;;;;;VARIOS;GOLOSINAS;GOLOSINAS;7622201746117
714604639;JUGO TANG XU;350;;;;;VARIOS;GOLOSINAS;GOLOSINAS;7622201735371
1973;JUGO TUTI MIX FRUTAL;4050;;;;;VARIOS;GOLOSINAS;GOLOSINAS;17798290581605
1974;JUGO TUTI NARANJA X18;4050;;;;;VARIOS;GOLOSINAS;GOLOSINAS;17798290580059
1976;JUGO TUTI X18;4050;;;;;VARIOS;GOLOSINAS;GOLOSINAS;17798290580080
1975;JUGO TUTI X18;9630;;;;;VARIOS;GOLOSINAS;GOLOSINAS;1027
1977;JUGO TUTI X18 DURAZNO;4050;;;;;VARIOS;GOLOSINAS;GOLOSINAS;17798290580141
1978;JUGO TUTI X18 MULTIFRUTA;4050;;;;;VARIOS;GOLOSINAS;GOLOSINAS;17798290580110
1979;JUGO TUTTI;260;;;;;VARIOS;GOLOSINAS;GOLOSINAS;7798290580113
1980;JUGO TUTTI DURAZNO;535;;;;;VARIOS;GOLOSINAS;GOLOSINAS;7798290580144
1981;JUGO TUTTI MANZANA;260;;;;;VARIOS;GOLOSINAS;GOLOSINAS;7798290580083
1982;JUGO TUTTI MIX FRUTAL 200ML;535;;;;;VARIOS;GOLOSINAS;GOLOSINAS;7798290581608
1983;JUGO TUTTI NARANJA 200ML;260;;;;;VARIOS;GOLOSINAS;GOLOSINAS;7798290580052
1984;JUGO TUTTI NARANJA PREMIUN 1L;260;;;;;VARIOS;GOLOSINAS;GOLOSINAS;7798290580069
714604637;JUGO VERAO ;350;;;;;;;;7622202259760
714604636;JUGO VERAO;4660;;;;;VARIOS;GOLOSINAS;GOLOSINAS;7622202259876
714604590;JUGOS MEDIANOS PIKE;3800;;;;;VARIOS;GOLOSINAS;GOLOSINAS;7146045902
714604591;JUGOS SUPER PIKE;3800;;;;;VARIOS;GOLOSINAS;GOLOSINAS;7146045919
1985;JUGUETE PARA PIÑATA GRANDE;1600;;;;;VARIOS;GOLOSINAS;GOLOSINAS;44
1986;JUGUETE PARA PIÑATA MEDIANO Y CHICO;1300;;;;;VARIOS;GOLOSINAS;GOLOSINAS;43
77995052;JUGUITO XU;100;;;;;VARIOS;GOLOSINAS;GOLOSINAS;779950520
1987;KESITAS;1950;;;;;VARIOS;GOLOSINAS;GOLOSINAS;7790040173200
1988;KETCHUP 250;2200;;;;;VARIOS;GOLOSINAS;GOLOSINAS;7794000006188
1989;KINDER BARRITA 50GRMS;410;;;;;VARIOS;GOLOSINAS;GOLOSINAS;77949677
1990;KINDER BARRITA CHOCOLATE 4 SELLOS;150;;;;;VARIOS;GOLOSINAS;GOLOSINAS;80050315
1991;KINDER BUENO;2150;;;;;VARIOS;GOLOSINAS;GOLOSINAS;80052760
1992;KINDER BUENO WHITE;390;;;;;VARIOS;GOLOSINAS;GOLOSINAS;80761761
1993;KINDER MAXI BARRITA;500;;;;;VARIOS;GOLOSINAS;GOLOSINAS;80050094
1994;KINDER MUJER;2900;;;;;VARIOS;GOLOSINAS;GOLOSINAS;78931053
1995;KINDER VARON;2900;;;;;VARIOS;GOLOSINAS;GOLOSINAS;40084107
1996;KINDER X100 G VARON MUJER;730;;;;;VARIOS;GOLOSINAS;GOLOSINAS;4824
1997;KNDER JOY;1900;;;;;VARIOS;GOLOSINAS;GOLOSINAS;78602731
1998;KNORR CALDO CHOCLO;1661;;;;;VARIOS;GOLOSINAS;GOLOSINAS;7794000006928
1999;KNORR CALDO DE CARNE X12;260;;;;;VARIOS;GOLOSINAS;GOLOSINAS;7794000005747
2000;KNORR CALDO DE GALLINA;1580;;;;;VARIOS;GOLOSINAS;GOLOSINAS;7794000008540
2001;KNORR CALDO DE GALLINA X12;260;;;;;VARIOS;GOLOSINAS;GOLOSINAS;7794000005730
2002;KNORR CALDO DE VERDURA;2200;;;;;VARIOS;GOLOSINAS;GOLOSINAS;7794000008557
2003;KNORR CALDO DE VERDURAS X12;260;;;;;VARIOS;GOLOSINAS;GOLOSINAS;7794000005723
2004;KNORR SALSA P/ PIZZA 200;140;;;;;VARIOS;GOLOSINAS;GOLOSINAS;7794000003767
2005;KNORR SALSA P/ PIZZA 340;960;;;;;VARIOS;GOLOSINAS;GOLOSINAS;7794000003699
2006;KNORR SALSA POMAROLA 340;170;;;;;VARIOS;GOLOSINAS;GOLOSINAS;7794000003705
2007;KNORR SOPA CABELLO DE ANGEL;1150;;;;;VARIOS;GOLOSINAS;GOLOSINAS;7794000005822
2008;KNORR SOPA CREMA ARVEJAS CON CHILE;985;;;;;VARIOS;GOLOSINAS;GOLOSINAS;7794000005891
2009;KNORR SOPA CREMA VEGETALES;1320;;;;;VARIOS;GOLOSINAS;GOLOSINAS;7794000005877
2010;KNORR SOPA DE ZAPALLO;1661;;;;;VARIOS;GOLOSINAS;GOLOSINAS;7794000006898
2011;KNORR SOPA VEGETALES;1150;;;;;VARIOS;GOLOSINAS;GOLOSINAS;7794000005846
2012;KNORR SPAGUETTI;210;;;;;VARIOS;GOLOSINAS;GOLOSINAS;7798031155532
714604627;KOLYNOS 70G;2420;;;;;VARIOS;GOLOSINAS;GOLOSINAS;7509546686486
714604628;KOLYNOS 90G;3150;;;;;VARIOS;GOLOSINAS;GOLOSINAS;7793100120275
2013;KROMY CHOCOLATE/AVELLANA X 24;3200;;;;;VARIOS;GOLOSINAS;GOLOSINAS;7798178801224
2014;KROMY CHOCOLATE/FRUTILLA X 24;3700;;;;;VARIOS;GOLOSINAS;GOLOSINAS;7798178801231
2015;KROMY FRUTILLA X 24;3200;;;;;VARIOS;GOLOSINAS;GOLOSINAS;7798178801248
2016;KROOMY CHOCOLATE BLANCO;3200;;;;;VARIOS;GOLOSINAS;GOLOSINAS;7798178801217
2017;KROOMY CHOCOLATE X24;3200;;;;;VARIOS;GOLOSINAS;GOLOSINAS;7798178801200
2018;KROOMY COMBINADOS X 48;3200;;;;;VARIOS;GOLOSINAS;GOLOSINAS;7798178801415
2019;KROOMY MANI Y CHOCOLATE X24;3200;;;;;VARIOS;GOLOSINAS;GOLOSINAS;7798178802368
2020;KROOMY X 24;3200;;;;;VARIOS;GOLOSINAS;GOLOSINAS;7798178801316
2021;KUKINA BASTON CON CHIPS 180G;800;;;;;VARIOS;GOLOSINAS;GOLOSINAS;7798360810096
2022;LA ALDEA UNID NEGRO;40;;;;;VARIOS;GOLOSINAS;GOLOSINAS;7798182890023
2023;LA ALDEA X 12 BOMBA;450;;;;;VARIOS;GOLOSINAS;GOLOSINAS;7798182890092
2024;LA RECOVA X 12 BLANCO;360;;;;;VARIOS;GOLOSINAS;GOLOSINAS;7798182890528
2025;LA RECOVA X 12 NEGRO;425;;;;;VARIOS;GOLOSINAS;GOLOSINAS;7798182890511
2026;LA RECOVA X 6 BLANCO;250;;;;;VARIOS;GOLOSINAS;GOLOSINAS;7798182890603
2027;LA RECOVA X 6 NEGRO;250;;;;;VARIOS;GOLOSINAS;GOLOSINAS;7798182890610
2028;LADT BIRD BOTE;1750;;;;;VARIOS;GOLOSINAS;GOLOSINAS;8693029200227
77995079;LAPICES CARAMELO LIQ;280;;;;;VARIOS;GOLOSINAS;GOLOSINAS;6986011125564
2029;LAPIZ LABIAL BARBIE;55;;;;;VARIOS;GOLOSINAS;GOLOSINAS;12375
2030;LAYS ASADO 85G;375;;;;;VARIOS;GOLOSINAS;GOLOSINAS;7790310983966
2031;LAYS CEBOLLA CARAMELIZADA 41G;180;;;;;VARIOS;GOLOSINAS;GOLOSINAS;7790310984994
2032;LAYS CEBOLLA CARAMELIZADA 85G;375;;;;;VARIOS;GOLOSINAS;GOLOSINAS;7790310985007
2033;LAYS CLASICA 145G;495;;;;;VARIOS;GOLOSINAS;GOLOSINAS;7790310984000
2034;LAYS CLASICA 94G;450;;;;;VARIOS;GOLOSINAS;GOLOSINAS;7790310984031
2035;LAYS CLASICAS 20G;100;;;;;VARIOS;GOLOSINAS;GOLOSINAS;7790310983614
2036;LAYS JAMON SERRANO 85G;375;;;;;VARIOS;GOLOSINAS;GOLOSINAS;7790310983942
2037;LAYS KETCHUP 85G;375;;;;;VARIOS;GOLOSINAS;GOLOSINAS;7790310002735
2038;LAYS LIMON 85G;375;;;;;VARIOS;GOLOSINAS;GOLOSINAS;7790310984048
2039;LAYS QUESO CREMA CEBOLLA 85;375;;;;;VARIOS;GOLOSINAS;GOLOSINAS;7790310983973
2040;LAYS QUESO Y PIMIENTA 41G;180;;;;;VARIOS;GOLOSINAS;GOLOSINAS;7790310984970
2041;LAYS QUESO Y PIMIENTA 85G;375;;;;;VARIOS;GOLOSINAS;GOLOSINAS;7790310984987
2042;LAYS X45G;250;;;;;VARIOS;GOLOSINAS;GOLOSINAS;7790310983997
2043;LECHE LA LECHERA NESTLE;6000;;;;;VARIOS;GOLOSINAS;GOLOSINAS;8445290702234
77995194;LECHE PURISIMA 800G;10000;;;;;VARIOS;GOLOSINAS;GOLOSINAS;7798095171363
2044;LENGUETAZO X UNIDAD;40;;;;;VARIOS;GOLOSINAS;GOLOSINAS;77907943
2045;LENGUETAZO X50 U;1850;;;;;VARIOS;GOLOSINAS;GOLOSINAS;1033
2046;LENTEJAS DE CHOCOLATE 180G;475;;;;;VARIOS;GOLOSINAS;GOLOSINAS;7798366580375
2047;LENTEJAS DE CHOCOLATE 80G;220;;;;;VARIOS;GOLOSINAS;GOLOSINAS;7798366580252
2048;LENTEJITAS FRUTALES;230;;;;;VARIOS;GOLOSINAS;GOLOSINAS;7795522000715
2049;LHERITHIER TURRON FIESTAS EN FAMILIA 80G;185;;;;;VARIOS;GOLOSINAS;GOLOSINAS;7792860001879
2050;LHERITIER TURRON MANI CON FRUTAS 100G;330;;;;;VARIOS;GOLOSINAS;GOLOSINAS;7792860001053
2051;LULE MUU ALFAJOR LULE MUU DE ARROZ;2840;;;;;VARIOS;GOLOSINAS;GOLOSINAS;7798146301299
2052;MAGDALENA;300;;;;;VARIOS;GOLOSINAS;GOLOSINAS;7793984040454
2053;MAGDALENA BOLSA X 10;80;;;;;VARIOS;GOLOSINAS;GOLOSINAS;99852
2054;MAGDALENA GAONA CHIPS;70;;;;;VARIOS;GOLOSINAS;GOLOSINAS;7798126072997
2055;MAGDALENA GAONA CHOCOLATE;70;;;;;VARIOS;GOLOSINAS;GOLOSINAS;7798126073000
2056;MAGDALENA GAONA COCO;70;;;;;VARIOS;GOLOSINAS;GOLOSINAS;7798126073031
2057;MAGDALENA GAONA DULCE DE LECHE;70;;;;;VARIOS;GOLOSINAS;GOLOSINAS;7798126073017
2058;MAGDALENA GAONA FIESTITA;70;;;;;VARIOS;GOLOSINAS;GOLOSINAS;7798126072546
2059;MAGDALENA GAONA LIMON;70;;;;;VARIOS;GOLOSINAS;GOLOSINAS;7798126073093
2060;MAGDALENA GAONA MARMOLADA;70;;;;;VARIOS;GOLOSINAS;GOLOSINAS;7798126072980
2061;MAGDALENA GAONA VAINILLA;70;;;;;VARIOS;GOLOSINAS;GOLOSINAS;7798126073086
2062;MAGDALENA POZO;1250;;;;;VARIOS;GOLOSINAS;GOLOSINAS;999672
2063;MAGDALENA POZO C/ CHOCOLATE;1250;;;;;VARIOS;GOLOSINAS;GOLOSINAS;7790077000753
2064;MAGDALENA POZO CHIPS;1250;;;;;VARIOS;GOLOSINAS;GOLOSINAS;7790077000722
2065;MAGDALENA POZO CLASICAS;1250;;;;;VARIOS;GOLOSINAS;GOLOSINAS;7790077000364
2066;MAGDALENA POZO COCO C/DULCE;1250;;;;;VARIOS;GOLOSINAS;GOLOSINAS;7790077001033
2067;MAGDALENA POZO DULCE DE LECHE;1250;;;;;VARIOS;GOLOSINAS;GOLOSINAS;7790077000746
2068;MAGDALENA POZO LIMON;1250;;;;;VARIOS;GOLOSINAS;GOLOSINAS;7790077001002
2069;MAGDALENA POZO MARMOLADO;1250;;;;;VARIOS;GOLOSINAS;GOLOSINAS;7790077000739
2070;MAGDALENA POZO X CAJA;1250;;;;;VARIOS;GOLOSINAS;GOLOSINAS;99851
2071;MAGDALENA RELLENA CHOCOLATE;1250;;;;;VARIOS;GOLOSINAS;GOLOSINAS;7790077000098
2072;MAGDALENA SATUR X BOLSA;1250;;;;;VARIOS;GOLOSINAS;GOLOSINAS;7795735000236
2074;MAGDALENAS DULCE MAMA;200;;;;;VARIOS;GOLOSINAS;GOLOSINAS;7792180140135
2073;MAGDALENAS DULCE MAMA;200;;;;;VARIOS;GOLOSINAS;GOLOSINAS;7792180138286
2075;MAGDALENAS SATUR;1250;;;;;VARIOS;GOLOSINAS;GOLOSINAS;7795735601174
2076;MAGDALETA QUE RICO;2210;;;;;VARIOS;GOLOSINAS;GOLOSINAS;11149
2077;MAGIC POPS;30;;;;;VARIOS;GOLOSINAS;GOLOSINAS;6923634955345
2078;MALBADISCO BUFFY STICK FRESA X32;8150;;;;;VARIOS;GOLOSINAS;GOLOSINAS;7798178802115
2079;MALBADISCO BUFFY STICK FRUTAL X32;8150;;;;;VARIOS;GOLOSINAS;GOLOSINAS;7798178802108
2080;MALBADISCO BUFFY STICK X1;260;;;;;VARIOS;GOLOSINAS;GOLOSINAS;7798178801651
2081;MALBADISCO BUFFY X 200G;2000;;;;;VARIOS;GOLOSINAS;GOLOSINAS;7798178800654
2082;MALVADISCO  X 36 X 20G ROSA;8700;;;;;VARIOS;GOLOSINAS;GOLOSINAS;7798178801880
2083;MALVADISCO BUFFI  FRESA 20G X6;1500;;;;;VARIOS;GOLOSINAS;GOLOSINAS;7798178801873
2084;MALVADISCO BUFFI FRUTAL 20G X6;1500;;;;;VARIOS;GOLOSINAS;GOLOSINAS;7798178801842
2085;MALVADISCO FRUTAL STICK;260;;;;;VARIOS;GOLOSINAS;GOLOSINAS;7798178801637
2086;MALVADISCO X 200;2000;;;;;VARIOS;GOLOSINAS;GOLOSINAS;7798178800623
2087;MALVADISCO X 36 X 20G CELESTE;8700;;;;;VARIOS;GOLOSINAS;GOLOSINAS;7798178801859
2088;MALVADITOS BUFFYS X32;5800;;;;;VARIOS;GOLOSINAS;GOLOSINAS;7798178802634
2089;MALVAVISCO 12G MALLOW;175;;;;;VARIOS;GOLOSINAS;GOLOSINAS;7798178802627
2090;MALVAVISCO BUFFY 125G;85;;;;;VARIOS;GOLOSINAS;GOLOSINAS;7798178801941
2091;MALVAVISCO BUFFY 450G;1750;;;;;VARIOS;GOLOSINAS;GOLOSINAS;7798178800593
2092;MALVAVISCO BUFFY TIRA X6;1500;;;;;VARIOS;GOLOSINAS;GOLOSINAS;999019
2093;MALVAVISCO BUFFYS 125G;85;;;;;VARIOS;GOLOSINAS;GOLOSINAS;7798178801903
2094;MALVAVISCO BUFFYS 125G;85;;;;;VARIOS;GOLOSINAS;GOLOSINAS;7798178801934
2095;MALVAVISCO BUFFYS 125G FRESA;85;;;;;VARIOS;GOLOSINAS;GOLOSINAS;7798178801897
2096;MALVAVISCO BUFFYS 200G;2000;;;;;VARIOS;GOLOSINAS;GOLOSINAS;7798178800777
2097;MALVAVISCO BUFFYS 200G;2000;;;;;VARIOS;GOLOSINAS;GOLOSINAS;7798178801385
2098;MALVAVISCO BUFFYS 30G;220;;;;;VARIOS;GOLOSINAS;GOLOSINAS;7798178802559
2099;MALVAVISCO BUFFYS 450;1520;;;;;VARIOS;GOLOSINAS;GOLOSINAS;7798178800715
2100;MALVAVISCO BUFFYS 450G;1750;;;;;VARIOS;GOLOSINAS;GOLOSINAS;7798178800562
2101;MALVAVISCO BUFFYS 450G;1750;;;;;VARIOS;GOLOSINAS;GOLOSINAS;7798178800845
2102;MALVAVISCO BUFFYS CHOC 15G;150;;;;;VARIOS;GOLOSINAS;GOLOSINAS;7798178801040
2103;MALVAVISCO BUFFYS CHOCOCHIPS BANANA;100;;;;;VARIOS;GOLOSINAS;GOLOSINAS;7798178802177
2104;MALVAVISCO BUFFYS CHOCOCHIPS FRUTILLA;100;;;;;VARIOS;GOLOSINAS;GOLOSINAS;7798178802160
2105;MALVAVISCO BUFFYS CHOCOLATE;190;;;;;VARIOS;GOLOSINAS;GOLOSINAS;7798178801309
2106;MALVAVISCO BUFFYS ROSA X 200;1600;;;;;VARIOS;GOLOSINAS;GOLOSINAS;7798178800746
2107;MALVAVISCO BUFFYS STICK CAJA X32;4900;;;;;VARIOS;GOLOSINAS;GOLOSINAS;7798178801644
2108;MALVAVISCO BUFFYS TIRA 30G;1300;;;;;VARIOS;GOLOSINAS;GOLOSINAS;11136
2109;MALVAVISCO BUFFYS TRADICIONAL;2000;;;;;VARIOS;GOLOSINAS;GOLOSINAS;7798178800838
2110;MALVAVISCO BUFFYS X32;4900;;;;;VARIOS;GOLOSINAS;GOLOSINAS;7798178802610
2111;MALVAVISCO CHIQUITO KITTI;20;;;;;VARIOS;GOLOSINAS;GOLOSINAS;99838
2112;MALVAVISCO GONGYS;990;;;;;VARIOS;GOLOSINAS;GOLOSINAS;7798186032382
2116;MALVAVISCO GONGYS 200G;990;;;;;VARIOS;GOLOSINAS;GOLOSINAS;7798186032368
2114;MALVAVISCO GONGYS 200G;1130;;;;;VARIOS;GOLOSINAS;GOLOSINAS;7798186033600
2115;MALVAVISCO GONGYS 200G;1130;;;;;VARIOS;GOLOSINAS;GOLOSINAS;7798186033617
2113;MALVAVISCO GONGYS 200G;990;;;;;VARIOS;GOLOSINAS;GOLOSINAS;7798186032375
2117;MALVAVISCO GONGYS X28G;330;;;;;VARIOS;GOLOSINAS;GOLOSINAS;7798186030593
2118;MALVAVISCO HELLO KITTY;19;;;;;VARIOS;GOLOSINAS;GOLOSINAS;7798178801323
2119;MALVAVISCO LEMONCITOS;520;;;;;VARIOS;GOLOSINAS;GOLOSINAS;7798178801255
714604574;MALVAVISCO RELLENO FRUTAL;2000;;;;;VARIOS;GOLOSINAS;GOLOSINAS;7896451929631
2120;MALVAVISO TIRA X 6;1100;;;;;VARIOS;GOLOSINAS;GOLOSINAS;1042
2121;MALVAVISOC BUFFY 450G;1200;;;;;VARIOS;GOLOSINAS;GOLOSINAS;7798178800685
2122;MAMADERA;50;;;;;VARIOS;GOLOSINAS;GOLOSINAS;12377
77995082;MAMADERITAS;350;;;;;VARIOS;GOLOSINAS;GOLOSINAS;6975265908320
2123;MANGO DULCE;250;;;;;VARIOS;GOLOSINAS;GOLOSINAS;7798027251460
2124;MANI C0ON CHOCOLATE PAILAS 80G;68;;;;;VARIOS;GOLOSINAS;GOLOSINAS;7798366580177
2125;MANI CON CHOCOLATE MIRGAL;95;;;;;VARIOS;GOLOSINAS;GOLOSINAS;7790953000211
2126;MANI CON CHOCOLATE X20;3550;;;;;VARIOS;GOLOSINAS;GOLOSINAS;40232725081
2127;MANI CON CHOCOLATEXU;250;;;;;VARIOS;GOLOSINAS;GOLOSINAS;42
2128;MANI FRACCIONADO X10;715;;;;;VARIOS;GOLOSINAS;GOLOSINAS;321
2129;MANI FRESKITO X10;2200;;;;;VARIOS;GOLOSINAS;GOLOSINAS;11112
2130;MANI GARRAPIÑADA X500G;200;;;;;VARIOS;GOLOSINAS;GOLOSINAS;1354
2131;MANI GRARRAPIÑADO 180G;220;;;;;VARIOS;GOLOSINAS;GOLOSINAS;7798366580047
2132;MANI JL JAMON;530;;;;;VARIOS;GOLOSINAS;GOLOSINAS;7798148380704
2133;MANI JL PIZZA;530;;;;;VARIOS;GOLOSINAS;GOLOSINAS;7798148380711
2134;MANI JL QUESO;530;;;;;VARIOS;GOLOSINAS;GOLOSINAS;7798148380728
2135;MANI KING CON CASCARA 175;1000;;;;;VARIOS;GOLOSINAS;GOLOSINAS;7798151952981
2136;MANI KING CON JAMON;800;;;;;VARIOS;GOLOSINAS;GOLOSINAS;7798151952585
2137;MANI KING CON PIZZA;800;;;;;VARIOS;GOLOSINAS;GOLOSINAS;7798151952608
2138;MANI KING SALADO SIN PIEL;800;;;;;VARIOS;GOLOSINAS;GOLOSINAS;7798151953384
2139;MANI KING TOSTADO SIN PIEL;800;;;;;VARIOS;GOLOSINAS;GOLOSINAS;7798151953377
2140;MANI SIN MARCA SALADO;490;;;;;VARIOS;GOLOSINAS;GOLOSINAS;1359
2141;MANI SIN PIEL;490;;;;;VARIOS;GOLOSINAS;GOLOSINAS;7798148380568
2142;MANTECOL 100G MARMOLADO;1100;;;;;VARIOS;GOLOSINAS;GOLOSINAS;7792860005761
2143;MANTECOL 30 GRAMOS;300;;;;;VARIOS;GOLOSINAS;GOLOSINAS;7791249999547
2144;MANTECOL CAJA X56;12500;;;;;VARIOS;GOLOSINAS;GOLOSINAS;999029
2145;MANTECOL CHICO X 56 U;12500;;;;;VARIOS;GOLOSINAS;GOLOSINAS;17792860000138
714604594;MANTECOL CLASICO 253G;4650;;;;;VARIOS;GOLOSINAS;GOLOSINAS;7622201812690
2146;MANTECOL DE 110G;1100;;;;;VARIOS;GOLOSINAS;GOLOSINAS;7792860005655
2147;MANTECOL LHERETIER CHICO;260;;;;;VARIOS;GOLOSINAS;GOLOSINAS;7792860000131
2148;MANTECOL LHERITIER 75G;800;;;;;VARIOS;GOLOSINAS;GOLOSINAS;7792860008748
2149;MANTECOL LHERITIER X 100G;1100;;;;;VARIOS;GOLOSINAS;GOLOSINAS;7792860008908
2150;MANTECOL MANI 100GS;1000;;;;;VARIOS;GOLOSINAS;GOLOSINAS;7792860007260
2151;MANTECOL MANTECOL 111G;1665;;;;;VARIOS;GOLOSINAS;GOLOSINAS;7622201812652
2152;MANTECOL MANTECOL 26G;750;;;;;VARIOS;GOLOSINAS;GOLOSINAS;7622201816384
2153;MANTECOL MANTECOL 41G;830;;;;;VARIOS;GOLOSINAS;GOLOSINAS;7622201816414
2154;MANTECOL MANTECOL CLASICO 64G;1210;;;;;VARIOS;GOLOSINAS;GOLOSINAS;7622201816445
2155;MANZANITA BIBI X30;110;;;;;VARIOS;GOLOSINAS;GOLOSINAS;MB110
2156;MAQ MUJER;1200;;;;;VARIOS;GOLOSINAS;GOLOSINAS;7500435157476
2157;MAQUINA DE AFEITAR UOMO;110;;;;;VARIOS;GOLOSINAS;GOLOSINAS;7791519703720
2158;MAQUINITA AZUL;1200;;;;;VARIOS;GOLOSINAS;GOLOSINAS;7500435154420
2159;MAQUINITA DORCO;980;;;;;VARIOS;GOLOSINAS;GOLOSINAS;8801038570716
2160;MAQUINITA GILLETTE 3;2300;;;;;VARIOS;GOLOSINAS;GOLOSINAS;7500435189453
2161;MAQUINITA GILLETTE DERMA;1450;;;;;VARIOS;GOLOSINAS;GOLOSINAS;7500435190565
2162;MAQUINITA GILLETTE ROSA;1990;;;;;VARIOS;GOLOSINAS;GOLOSINAS;7500435239509
2163;MAQUINITA GILLETTE XU;1430;;;;;VARIOS;GOLOSINAS;GOLOSINAS;7500435198769
77995184;MAQUINITA GRIS ;1800;;;;;VARIOS;GOLOSINAS;GOLOSINAS;7702018880409
714604599;MAQUINITA GRIS X 12;17300;;;;;VARIOS;GOLOSINAS;GOLOSINAS;7702018920235
714604604;MAQUINITA GRIS X 12;17300;;;;;VARIOS;GOLOSINAS;GOLOSINAS;7702018920235
2164;MAQUINITA ROSA;1200;;;;;VARIOS;GOLOSINAS;GOLOSINAS;7500435208796
2165;MAQUINITA VENUS;2500;;;;;VARIOS;GOLOSINAS;GOLOSINAS;7702018072439
2166;MAQUINITAS DE AFEITAR X12;650;;;;;VARIOS;GOLOSINAS;GOLOSINAS;99813
2167;MAQUINITAS DE AFEITAR X24;1170;;;;;VARIOS;GOLOSINAS;GOLOSINAS;99814
2168;MAQUINITAS DE AFEITAR XU;60;;;;;VARIOS;GOLOSINAS;GOLOSINAS;99812
2169;MARENGO CHUPALETA X24;2470;;;;;VARIOS;GOLOSINAS;GOLOSINAS;7792354004096
2170;MARENGO MINI PALETA CORAZON 50;2470;;;;;VARIOS;GOLOSINAS;GOLOSINAS;7792354004829
2171;MARENGO MINI PALETA PATITAS 50U;2470;;;;;VARIOS;GOLOSINAS;GOLOSINAS;7792354004577
2172;MARENGO MINI PALETAS EMOJIS;2470;;;;;VARIOS;GOLOSINAS;GOLOSINAS;7792354004812
2173;MARROC;350;;;;;VARIOS;GOLOSINAS;GOLOSINAS;6587
2174;MARROC OBLEA TYM;350;;;;;VARIOS;GOLOSINAS;GOLOSINAS;7793209904042
2175;MARROC TYM CHOCOLATE BLANCO;350;;;;;VARIOS;GOLOSINAS;GOLOSINAS;7793209904028
2176;MARROC TYM CON LECHE;350;;;;;VARIOS;GOLOSINAS;GOLOSINAS;7793209904035
2177;MARROC TYM OBLEA CRISPY;350;;;;;VARIOS;GOLOSINAS;GOLOSINAS;7793209904011
2178;MASTER X U;200;;;;;VARIOS;GOLOSINAS;GOLOSINAS;77941558
714604660;MASTICABLE ARCOR FRUTALES;8570;;;;;VARIOS;GOLOSINAS;GOLOSINAS;7790580178208
2179;MASTICABLE BABY DOLL X CAJA  X18;8800;;;;;VARIOS;GOLOSINAS;GOLOSINAS;7792860005600
2180;MASTICABLE BERBAU YOGURT;95;;;;;VARIOS;GOLOSINAS;GOLOSINAS;7896379907681
2181;MASTICABLE BILLIKEN X 200U;2270;;;;;VARIOS;GOLOSINAS;GOLOSINAS;7792222004005
2182;MASTICABLE BILLIKEN YOGURT X 200U;2270;;;;;VARIOS;GOLOSINAS;GOLOSINAS;7792222004012
2183;MASTICABLE BULLDOG;4200;;;;;VARIOS;GOLOSINAS;GOLOSINAS;7798186031743
2184;MASTICABLE CRAZY;197;;;;;VARIOS;GOLOSINAS;GOLOSINAS;7790580122089
2185;MASTICABLE CREMOSITO;1700;;;;;VARIOS;GOLOSINAS;GOLOSINAS;7798040592045
2186;MASTICABLE DROPSY SELVA X 350G;4700;;;;;VARIOS;GOLOSINAS;GOLOSINAS;7798186031750
2187;MASTICABLE DROPSY X 350G;3350;;;;;VARIOS;GOLOSINAS;GOLOSINAS;7896321017505
2188;MASTICABLE DROPSY X 700G;4200;;;;;VARIOS;GOLOSINAS;GOLOSINAS;7798186031828
2189;MASTICABLE DROPSY YOGURT X 350G;4200;;;;;VARIOS;GOLOSINAS;GOLOSINAS;7798186031774
2190;MASTICABLE FIERITA CIRCO;1700;;;;;VARIOS;GOLOSINAS;GOLOSINAS;7798040594643
2191;MASTICABLE FIERITA GRANJERO;1700;;;;;VARIOS;GOLOSINAS;GOLOSINAS;7798040594650
2192;MASTICABLE FLYM PAFF DE YOGURT X 70;275;;;;;VARIOS;GOLOSINAS;GOLOSINAS;7790380028192
2193;MASTICABLE FORTGURT;250;;;;;VARIOS;GOLOSINAS;GOLOSINAS;7897190305106
2194;MASTICABLE FORTGURT MIX;250;;;;;VARIOS;GOLOSINAS;GOLOSINAS;7897190305694
2195;MASTICABLE LHERITIER BL X 300;1700;;;;;VARIOS;GOLOSINAS;GOLOSINAS;7792860007543
2196;MASTICABLE LHERITIER CHERRY 150G;1250;;;;;VARIOS;GOLOSINAS;GOLOSINAS;7792860005495
2197;MASTICABLE LHERITIER MENTA;1250;;;;;VARIOS;GOLOSINAS;GOLOSINAS;7792860005181
2198;MASTICABLE MISKY X 240U;6900;;;;;VARIOS;GOLOSINAS;GOLOSINAS;7790580178109
2199;MASTICABLE PALITO DE LA SELVA;950;;;;;VARIOS;GOLOSINAS;GOLOSINAS;7622201802592
2200;MASTICABLE PAYSANDU DULCE DE LECHE;400;;;;;VARIOS;GOLOSINAS;GOLOSINAS;7798070550053
2201;MASTICABLE PAYSANDU X 100;400;;;;;VARIOS;GOLOSINAS;GOLOSINAS;7798070550671
2202;MASTICABLE PAYSANDU YOGURT;400;;;;;VARIOS;GOLOSINAS;GOLOSINAS;7798070550688
2203;MASTICABLE PICO DULCE 150G CUADRADITO;960;;;;;VARIOS;GOLOSINAS;GOLOSINAS;7792860007963
2204;MASTICABLE PICO DULCE 500G CUADRADITO;2760;;;;;VARIOS;GOLOSINAS;GOLOSINAS;7792860008007
2205;MASTICABLE PICO DULCE ACIDO POWER;5300;;;;;VARIOS;GOLOSINAS;GOLOSINAS;7792860005617
2206;MASTICABLE PICO DULCE ANIMAL 150G;1100;;;;;VARIOS;GOLOSINAS;GOLOSINAS;7792860009882
2207;MASTICABLE PICO DULCE ANIMAL 500G;4500;;;;;VARIOS;GOLOSINAS;GOLOSINAS;7792860008830
2208;MASTICABLE PICO DULCE BIT 120G;900;;;;;VARIOS;GOLOSINAS;GOLOSINAS;7792860002449
2209;MASTICABLE PICO DULCE BIT 408G;3250;;;;;VARIOS;GOLOSINAS;GOLOSINAS;7792860005716
2210;MASTICABLE PICO DULCE BIT 408GRMS;3250;;;;;VARIOS;GOLOSINAS;GOLOSINAS;7792860009967
2211;MASTICABLE PICO DULCE BIT FRUTILLA 408G;3250;;;;;VARIOS;GOLOSINAS;GOLOSINAS;7792860002715
2212;MASTICABLE PICO DULCE BIT UVA 408G;3250;;;;;VARIOS;GOLOSINAS;GOLOSINAS;7792860002722
2213;MASTICABLE PICO DULCE TUBICOLOR;5300;;;;;VARIOS;GOLOSINAS;GOLOSINAS;7792860009097
2214;MASTICABLE PICO DULCE TUBICOLOR;1100;;;;;VARIOS;GOLOSINAS;GOLOSINAS;7792860005099
2215;MASTICABLE PICO DULCE YOGURINES 500G;4500;;;;;VARIOS;GOLOSINAS;GOLOSINAS;7792860002746
2216;MASTICABLE RICOMAS X100;121;;;;;VARIOS;GOLOSINAS;GOLOSINAS;7790580128739
2217;MASTICABLE SHERIFF;290;;;;;VARIOS;GOLOSINAS;GOLOSINAS;7798070558790
2218;MASTICABLE STRAWBERRY;290;;;;;VARIOS;GOLOSINAS;GOLOSINAS;7897190305748
2219;MASTICABLE TAPONAZO AMARILLO;1520;;;;;VARIOS;GOLOSINAS;GOLOSINAS;7792354001620
2220;MASTICABLE TAPONAZO FRUTAL;1400;;;;;VARIOS;GOLOSINAS;GOLOSINAS;7792354003792
2221;MASTICABLE TAPONAZO FRUTILLA;1400;;;;;VARIOS;GOLOSINAS;GOLOSINAS;7792354002214
2222;MASTICABLE TAPONAZO LECHE;1400;;;;;VARIOS;GOLOSINAS;GOLOSINAS;7792354003402
2223;MASTICABLE TOPFFRUT;1400;;;;;VARIOS;GOLOSINAS;GOLOSINAS;7897190305113
2224;MASTICABLE YUM YUM FRUTILLA;300;;;;;VARIOS;GOLOSINAS;GOLOSINAS;7798186032894
2225;MASTICABLE YUM YUM MASTICABLE UVA;300;;;;;VARIOS;GOLOSINAS;GOLOSINAS;7798186033105
2226;MASTICABLES RICOMAS 280G;1632;;;;;VARIOS;GOLOSINAS;GOLOSINAS;7790580138332
2227;MASTICLABLE YUM YUM MASTICABLE BANANA;300;;;;;VARIOS;GOLOSINAS;GOLOSINAS;7798186033099
2228;MATE COCIDO 25;160;;;;;VARIOS;GOLOSINAS;GOLOSINAS;7790480008766
2229;MATE COCIDO NOBLEZA GAUCHA  X50;1420;;;;;VARIOS;GOLOSINAS;GOLOSINAS;7790070508812
2230;MATE COCIDO NOBLEZA GAUCHA X100;2650;;;;;VARIOS;GOLOSINAS;GOLOSINAS;7790070508829
2231;MATE COCIDO NOBLEZA GAUCHA X25;720;;;;;VARIOS;GOLOSINAS;GOLOSINAS;7790070508805
2232;MATECOCIDO ANDRESITO;235;;;;;VARIOS;GOLOSINAS;GOLOSINAS;7798039850347
2233;MATECOCIDO LA TRANQUERA;120;;;;;VARIOS;GOLOSINAS;GOLOSINAS;7790480089819
2234;MATICABLE BL;800;;;;;VARIOS;GOLOSINAS;GOLOSINAS;11159
77995036;MAYONESA AHUMADA;2300;;;;;VARIOS;GOLOSINAS;GOLOSINAS;7794000006560
77995035;MAYONESA DE AJO 250G;2300;;;;;VARIOS;GOLOSINAS;GOLOSINAS;7794000006553
714604647;MEDALLON DE MENTA AGUILA;11690;;;;;;;;7790580107987
2235;MEDIO RELLENO;170;;;;;VARIOS;GOLOSINAS;GOLOSINAS;999810
714604704;MELLISAS 110G;1500;;;;;VARIOS;GOLOSINAS;GOLOSINAS;7790040143548
2236;MENTHOPLUS 2 ACIDOS NARANJA CAJA;1840;;;;;VARIOS;GOLOSINAS;GOLOSINAS;7790580242602
2237;MENTHOPLUS ACIDO FRUTILLA;160;;;;;VARIOS;GOLOSINAS;GOLOSINAS;77972385
2238;MENTHOPLUS ACIDO MANZANA;160;;;;;VARIOS;GOLOSINAS;GOLOSINAS;77952455
2239;MENTHOPLUS ACIDOS CHERRY CAJA;1840;;;;;VARIOS;GOLOSINAS;GOLOSINAS;7790580217006
2240;MENTHOPLUS ACIDOS MANZANA;1840;;;;;VARIOS;GOLOSINAS;GOLOSINAS;7790580110901
2241;MENTHOPLUS AZUL;600;;;;;VARIOS;GOLOSINAS;GOLOSINAS;77958624
2242;MENTHOPLUS CAJA STRONG;6596;;;;;VARIOS;GOLOSINAS;GOLOSINAS;7790580116934
2243;MENTHOPLUS CEREZA;600;;;;;VARIOS;GOLOSINAS;GOLOSINAS;77958631
2244;MENTHOPLUS CEREZA X 12;6596;;;;;VARIOS;GOLOSINAS;GOLOSINAS;7790580101299
2245;MENTHOPLUS DURAZNO ACIDO;160;;;;;VARIOS;GOLOSINAS;GOLOSINAS;77946812
2246;MENTHOPLUS DURAZNO CAJA;1840;;;;;VARIOS;GOLOSINAS;GOLOSINAS;7790580468101
2247;MENTHOPLUS FRUTILLA  CAJA;1840;;;;;VARIOS;GOLOSINAS;GOLOSINAS;7790580130589
2248;MENTHOPLUS LIMON;650;;;;;VARIOS;GOLOSINAS;GOLOSINAS;77958532
2249;MENTHOPLUS LIMON CAJA;7650;;;;;VARIOS;GOLOSINAS;GOLOSINAS;7790580108809
2250;MENTHOPLUS MENTA;6596;;;;;VARIOS;GOLOSINAS;GOLOSINAS;7790580101329
2251;MENTHOPLUS MENTA;600;;;;;VARIOS;GOLOSINAS;GOLOSINAS;77958662
2252;MENTHOPLUS MENTOL;600;;;;;VARIOS;GOLOSINAS;GOLOSINAS;77958648
2253;MENTHOPLUS MENTOL CAJA;6596;;;;;VARIOS;GOLOSINAS;GOLOSINAS;7790580101282
2255;MENTHOPLUS MIEL;6596;;;;;VARIOS;GOLOSINAS;GOLOSINAS;7790580101312
2254;MENTHOPLUS MIEL;600;;;;;VARIOS;GOLOSINAS;GOLOSINAS;77958655
2256;MENTHOPLUS NARANJA ACIDOS;160;;;;;VARIOS;GOLOSINAS;GOLOSINAS;77944412
2257;MENTITA BANANA;350;;;;;VARIOS;GOLOSINAS;GOLOSINAS;7798176199859
2258;MENTITA CAJA BANANA;4200;;;;;VARIOS;GOLOSINAS;GOLOSINAS;7798176199866
2259;MENTITA CAJA CHERRY;4200;;;;;VARIOS;GOLOSINAS;GOLOSINAS;7798176191303
2260;MENTITA CAJA DUL. D LECHE;4200;;;;;VARIOS;GOLOSINAS;GOLOSINAS;7798176199880
2261;MENTITA CAJA DULCE DE LECHE;4200;;;;;VARIOS;GOLOSINAS;GOLOSINAS;7798094344256
2262;MENTITA CAJA FRUTAL;4200;;;;;VARIOS;GOLOSINAS;GOLOSINAS;7798094340562
2263;MENTITA CAJA MENTA;4200;;;;;VARIOS;GOLOSINAS;GOLOSINAS;7798094342788
2264;MENTITA CAJA TUTI FRUTI;4200;;;;;VARIOS;GOLOSINAS;GOLOSINAS;7798176199903
2265;MENTITA CHERRY;350;;;;;VARIOS;GOLOSINAS;GOLOSINAS;7798176191297
2266;MENTITA DULCE D LECHE;350;;;;;VARIOS;GOLOSINAS;GOLOSINAS;7798176199873
2267;MENTITA FRUTAL;350;;;;;VARIOS;GOLOSINAS;GOLOSINAS;7798094340555
2268;MENTITA MENTA;350;;;;;VARIOS;GOLOSINAS;GOLOSINAS;7798094340012
2269;MENTITA SANDIA CAJA;4200;;;;;VARIOS;GOLOSINAS;GOLOSINAS;7798186033754
2270;MENTITA SANDIA XU;350;;;;;VARIOS;GOLOSINAS;GOLOSINAS;7798186033747
2271;MENTITA TUTI FRUTI;350;;;;;VARIOS;GOLOSINAS;GOLOSINAS;7798176199897
2272;MENTITAS DULCE DE LECHE;350;;;;;VARIOS;GOLOSINAS;GOLOSINAS;7798094344249
2273;MERENGUITO;2000;;;;;VARIOS;GOLOSINAS;GOLOSINAS;9
714604705;MERENGUITO QUE RICO;4500;;;;;VARIOS;GOLOSINAS;GOLOSINAS;
714604706;MERENGUITO QUE RICO X25;2500;;;;;VARIOS;GOLOSINAS;GOLOSINAS;
3160;MERENGUITO XU;100;;;;;VARIOS;GOLOSINAS;GOLOSINAS;31608
2274;MERMELADA CIRUELA NOEL;1800;;;;;VARIOS;GOLOSINAS;GOLOSINAS;7795184119787
2275;MERMELADA COMUN DURAZNO;1400;;;;;VARIOS;GOLOSINAS;GOLOSINAS;7795184119756
2276;MERMELADA COMUN MANZANA;285;;;;;VARIOS;GOLOSINAS;GOLOSINAS;7795184121568
2277;MERMELADA DAMASCO NOEL;1400;;;;;VARIOS;GOLOSINAS;GOLOSINAS;7795184119763
2278;MERMELADA DULCOR CIRUELA;1500;;;;;VARIOS;GOLOSINAS;GOLOSINAS;7793046008071
2279;MERMELADA DULCOR CIRUELA LIGHT;1650;;;;;VARIOS;GOLOSINAS;GOLOSINAS;7793046008675
2280;MERMELADA DULCOR DAMASCO;410;;;;;VARIOS;GOLOSINAS;GOLOSINAS;7793046008057
2281;MERMELADA DULCOR DURAZNO;1250;;;;;VARIOS;GOLOSINAS;GOLOSINAS;7793046008019
2282;MERMELADA DULCOR DURAZNO LIGTH;1650;;;;;VARIOS;GOLOSINAS;GOLOSINAS;7793046008613
2283;MERMELADA DULCOR FRUTILLA;1860;;;;;VARIOS;GOLOSINAS;GOLOSINAS;7793046008095
2284;MERMELADA DULCOR FRUTILLA LIGTH;2140;;;;;VARIOS;GOLOSINAS;GOLOSINAS;7793046008699
2285;MERMELADA DULCOR NARANJA;1090;;;;;VARIOS;GOLOSINAS;GOLOSINAS;7793046008033
2286;MERMELADA LIGTH;330;;;;;VARIOS;GOLOSINAS;GOLOSINAS;7795184006001
2287;MERMELADA LIGTH CIRUELA;330;;;;;VARIOS;GOLOSINAS;GOLOSINAS;7795184006209
2288;MERMELADA LIGTH DAMASCO;1500;;;;;VARIOS;GOLOSINAS;GOLOSINAS;7795184006407
2289;MERMELADA NOEL LIHGT NARANJA;430;;;;;VARIOS;GOLOSINAS;GOLOSINAS;7795184006100
2290;MERMELADA NOEL NARANJA;1400;;;;;VARIOS;GOLOSINAS;GOLOSINAS;7795184119770
2291;METEGOL CARAMELO;500;;;;;VARIOS;GOLOSINAS;GOLOSINAS;7797112007203
2292;MICKEY MULTICOLOR;160;;;;;VARIOS;GOLOSINAS;GOLOSINAS;7796525063158
2293;MIELCITA TAFFI X10;1300;;;;;VARIOS;GOLOSINAS;GOLOSINAS;361
714604689;MILKA AIREADO 50G;3850;;;;;VARIOS;GOLOSINAS;GOLOSINAS;7622201818975
714604690;MILKA AIREADO 50G;3850;;;;;VARIOS;GOLOSINAS;GOLOSINAS;7622201818975
714604677;MILKA ALMENDRAS 55G;4000;;;;;VARIOS;GOLOSINAS;GOLOSINAS;7622210745620
714604678;MILKA BLANCO 55G;4000;;;;;VARIOS;GOLOSINAS;GOLOSINAS;7622210745583
714604694;MILKA CHOC OREO 45G;2000;;;;;VARIOS;GOLOSINAS;GOLOSINAS;7622201492465
714604693;MILKA CHOC PAUSE LECHE 45G;2000;;;;;VARIOS;GOLOSINAS;GOLOSINAS;7622201492717
714604692;MILKA COMBINADO 50G;3850;;;;;VARIOS;GOLOSINAS;GOLOSINAS;7622201818951
714604683;MILKA LECHE 20G;1100;;;;;VARIOS;GOLOSINAS;GOLOSINAS;7622210795625
714604691;MILKA LECHE 50G;3850;;;;;VARIOS;GOLOSINAS;GOLOSINAS;7622201818937
714604684;MILKA LECHE 55G;4000;;;;;VARIOS;GOLOSINAS;GOLOSINAS;7622202328947
714604682;MILKA OREO 20G;1100;;;;;VARIOS;GOLOSINAS;GOLOSINAS;7622210795908
2294;MINI ALFAJOR DE LA GRANJA DE ZENON;740;;;;;VARIOS;GOLOSINAS;GOLOSINAS;7791672002135
2295;MINI ALFAJOR SOLITA BLANCO X160G;740;;;;;VARIOS;GOLOSINAS;GOLOSINAS;7792684001345
2296;MINI ALFAJOR SOLITA FRUTA X 160G;740;;;;;VARIOS;GOLOSINAS;GOLOSINAS;7792684001741
2297;MINI ALFAJOR SOLITA NEGRO X160G;740;;;;;VARIOS;GOLOSINAS;GOLOSINAS;7792684001673
2298;MINI BLOCK;56;;;;;VARIOS;GOLOSINAS;GOLOSINAS;77946744
2299;MINI CHICLE MELANCIA;55;;;;;VARIOS;GOLOSINAS;GOLOSINAS;7898279794842
2300;MINI CHIP TURIMAR X 50GR;280;;;;;VARIOS;GOLOSINAS;GOLOSINAS;7797675001748
2301;MINI COO;400;;;;;VARIOS;GOLOSINAS;GOLOSINAS;8699462603250
2302;MINI FANTOCHE BLANCO;13;;;;;VARIOS;GOLOSINAS;GOLOSINAS;77941978
2303;MINI FANTOCHE NEGRO;13;;;;;VARIOS;GOLOSINAS;GOLOSINAS;77941985
2304;MINI GRISINES 180G;105;;;;;VARIOS;GOLOSINAS;GOLOSINAS;7792684003356
77995163;MINI GUSANITOS;4760;;;;;VARIOS;GOLOSINAS;GOLOSINAS;7790580151621
2305;MINI HUEVITO  X90G;4800;;;;;VARIOS;GOLOSINAS;GOLOSINAS;7622202044298
2306;MINI MANTEQUITA TURIMAR;38;;;;;VARIOS;GOLOSINAS;GOLOSINAS;7797675001885
77995161;MINI MOGUL ;1280;;;;;VARIOS;GOLOSINAS;GOLOSINAS;7790580151027
2307;MINI MOGY;60;;;;;VARIOS;GOLOSINAS;GOLOSINAS;7798094229744
2308;MINI OREO;480;;;;;VARIOS;GOLOSINAS;GOLOSINAS;7622300841461
2309;MINI PANDORO;100;;;;;VARIOS;GOLOSINAS;GOLOSINAS;7798094222080
2310;MINI PEPITOS;480;;;;;VARIOS;GOLOSINAS;GOLOSINAS;7622300836610
2311;MINI ROCKLER;18;;;;;VARIOS;GOLOSINAS;GOLOSINAS;77942432
2312;MINI ROCLCKETS CAJA X 44;760;;;;;VARIOS;GOLOSINAS;GOLOSINAS;7790580426606
2313;MINI SANDWICH  300G;44;;;;;VARIOS;GOLOSINAS;GOLOSINAS;7792684003172
2314;MINI TORTA GENIO BLANCO;360;;;;;VARIOS;GOLOSINAS;GOLOSINAS;7798094223261
2315;MINI TORTA GENIO NEGRO;360;;;;;VARIOS;GOLOSINAS;GOLOSINAS;7798094223254
2316;MINI TORTA GENIO X20;6500;;;;;VARIOS;GOLOSINAS;GOLOSINAS;999259
2317;MINI TORTA NEVARES;730;;;;;VARIOS;GOLOSINAS;GOLOSINAS;7798094225647
2318;MINI TORTA NEVARES;700;;;;;VARIOS;GOLOSINAS;GOLOSINAS;7798094225616
2319;MINI TORTA RAPSODIA NEVARES;16000;;;;;VARIOS;GOLOSINAS;GOLOSINAS;27798094225610
2320;MINIOMS MINI BOY;60;;;;;VARIOS;GOLOSINAS;GOLOSINAS;99833
2321;MINIRA;900;;;;;VARIOS;GOLOSINAS;GOLOSINAS;7500435198776
2322;MINORA X 1;38;;;;;VARIOS;GOLOSINAS;GOLOSINAS;7702018316694
714604595;MOGUL GOMITA MORAS;6900;;;;;VARIOS;GOLOSINAS;GOLOSINAS;7790580262402
77995167;MOGUL JELLY ;16200;;;;;VARIOS;GOLOSINAS;GOLOSINAS;7790580151997
77995159;MOGUL MONSTRUITOS X12;4670;;;;;VARIOS;GOLOSINAS;GOLOSINAS;7790580146696
77995168;MOGUL OJITOS X12;4670;;;;;VARIOS;GOLOSINAS;GOLOSINAS;7790580136130
77995165;MOGUL PALOTES PINTALENGUA ;4970;;;;;VARIOS;GOLOSINAS;GOLOSINAS;7790580151799
77995173;MOGUL PALOTES XU;650;;;;;VARIOS;GOLOSINAS;GOLOSINAS;7790580118945
77995172;MOGUL TERRORIFICO XU;650;;;;;VARIOS;GOLOSINAS;GOLOSINAS;7790580147532
77995162;MOGUL TUBITOS X16;5340;;;;;VARIOS;GOLOSINAS;GOLOSINAS;7790580151034
77995174;MOGUL TUBITOS XU;350;;;;;VARIOS;GOLOSINAS;GOLOSINAS;7790580116798
77995131;MONEDAS CHOCOLATOSA X100;12000;;;;;VARIOS;GOLOSINAS;GOLOSINAS;7896066769417
2323;MONEDAS DE CHOCOLATE CAJA X60;690;;;;;VARIOS;GOLOSINAS;GOLOSINAS;7802200847682
2324;MULTIMIN PASTILLAS CHERRY;250;;;;;VARIOS;GOLOSINAS;GOLOSINAS;7798186032733
2325;MULTIMIN PASTILLAS NEGRO;250;;;;;VARIOS;GOLOSINAS;GOLOSINAS;7798186032771
2326;MULTIMINT CEREZA X12;2500;;;;;VARIOS;GOLOSINAS;GOLOSINAS;7798186032740
2327;MULTIMINT MELON;250;;;;;VARIOS;GOLOSINAS;GOLOSINAS;7798186034065
2328;MULTIMINT MENTA FUERTE X12;2500;;;;;VARIOS;GOLOSINAS;GOLOSINAS;7798186032726
2329;MULTIMINT X12;2500;;;;;VARIOS;GOLOSINAS;GOLOSINAS;7798186034089
2330;MY FOOTBALL BOTE;1650;;;;;VARIOS;GOLOSINAS;GOLOSINAS;8693029609426
2331;MY WORLD BOTE;1650;;;;;VARIOS;GOLOSINAS;GOLOSINAS;8693029601994
2332;NACHO MEXICANO 200G;80;;;;;VARIOS;GOLOSINAS;GOLOSINAS;7798184720052
2333;NACHO MEXICANO X 250G;105;;;;;VARIOS;GOLOSINAS;GOLOSINAS;7798184720168
2334;NACHO PANCETE X 110G;70;;;;;VARIOS;GOLOSINAS;GOLOSINAS;7798184720106
2335;NACHOS CHEDAR  110G;70;;;;;VARIOS;GOLOSINAS;GOLOSINAS;7798184720021
2336;NAIPES;100;;;;;VARIOS;GOLOSINAS;GOLOSINAS;7798084696129
2337;NIEVE X U;2000;;;;;VARIOS;GOLOSINAS;GOLOSINAS;7798047030540
714604562;NIEVE X12;22000;;;;;VARIOS;GOLOSINAS;GOLOSINAS;7146045629
2338;NIEVE X24;42000;;;;;VARIOS;GOLOSINAS;GOLOSINAS;12374
2339;NIKITO PALITO SALADO  X5;1500;;;;;VARIOS;GOLOSINAS;GOLOSINAS;7798052363770
2340;NIKITO PAPA CLASICA 65G;850;;;;;VARIOS;GOLOSINAS;GOLOSINAS;7798052363664
2341;NIKITO PAPA PAY;80;;;;;VARIOS;GOLOSINAS;GOLOSINAS;7798052363763
2342;NIKITO PIZITOS  X5;800;;;;;VARIOS;GOLOSINAS;GOLOSINAS;7798052360694
2343;NIKITOS CEREAL DE ARROZ 80G;390;;;;;VARIOS;GOLOSINAS;GOLOSINAS;7798052363169
2344;NIKITOS CEREAL DE TRIGO INFLADO DULCE;390;;;;;VARIOS;GOLOSINAS;GOLOSINAS;7798052363176
2345;NIKITOS CEREALES DE MAIZ INFLADO 80G;390;;;;;VARIOS;GOLOSINAS;GOLOSINAS;7798052363152
2346;NIKITOS CHIZITOS 80G;350;;;;;VARIOS;GOLOSINAS;GOLOSINAS;7798052363251
2347;NIKITOS MAIKITOS  X5;850;;;;;VARIOS;GOLOSINAS;GOLOSINAS;7798052360489
2348;NIKITOS MAIKITOS DE QUESO 80G;380;;;;;VARIOS;GOLOSINAS;GOLOSINAS;7798052363091
2349;NIKITOS PAPA BASTON  X 20;320;;;;;VARIOS;GOLOSINAS;GOLOSINAS;7798052360458
2350;NIKITOS PIZZITOS 80G;380;;;;;VARIOS;GOLOSINAS;GOLOSINAS;7798052363121
2351;NUCITA X48;350;;;;;VARIOS;GOLOSINAS;GOLOSINAS;7896969400363
2352;NUGATON UNID;23;;;;;VARIOS;GOLOSINAS;GOLOSINAS;7792360072461
2353;NUGATON X 24;550;;;;;VARIOS;GOLOSINAS;GOLOSINAS;7792360072478
2354;NUTELLA;5200;;;;;VARIOS;GOLOSINAS;GOLOSINAS;7898024394181
2355;OBLEA 2X3;80;;;;;VARIOS;GOLOSINAS;GOLOSINAS;77925732
2356;OBLEA 2X3 X60;4610;;;;;VARIOS;GOLOSINAS;GOLOSINAS;999798
3161;OBLEA ATB 18G;120;;;;;VARIOS;GOLOSINAS;GOLOSINAS;7798074490164
3162;OBLEA ATB 46G;260;;;;;VARIOS;GOLOSINAS;GOLOSINAS;7798074490041
2357;OBLEA BAÑADA OBLIBOM;280;;;;;VARIOS;GOLOSINAS;GOLOSINAS;7793123160821
2358;OBLEA BAÑADA OBLIBON FIT;1050;;;;;VARIOS;GOLOSINAS;GOLOSINAS;7793123136024
2359;OBLEA BAÑADA OBLIBON X 20 NEGRA;5600;;;;;VARIOS;GOLOSINAS;GOLOSINAS;7793123160838
2360;OBLEA CROBAR 29G BLANCA;150;;;;;VARIOS;GOLOSINAS;GOLOSINAS;7798094223858
2361;OBLEA CROCBAR CHOCOLATE;150;;;;;VARIOS;GOLOSINAS;GOLOSINAS;7798094223827
2362;OBLEA CROCBAR X44;6500;;;;;VARIOS;GOLOSINAS;GOLOSINAS;1035
2363;OBLEA CUBANITOS X48 NOUGAT;9900;;;;;VARIOS;GOLOSINAS;GOLOSINAS;7793123000400
2364;OBLEA HAMLET BAÑADA;45;;;;;VARIOS;GOLOSINAS;GOLOSINAS;7794612167017
2365;OBLEA HAMLET X18;870;;;;;VARIOS;GOLOSINAS;GOLOSINAS;7794612167000
2366;OBLEA OBLITA FIT;300;;;;;VARIOS;GOLOSINAS;GOLOSINAS;77952127
2367;OBLI BOM XU;200;;;;;VARIOS;GOLOSINAS;GOLOSINAS;77925763
2368;OBLITA CUBANITOS X48 SABOR DULCE DE L.;760;;;;;VARIOS;GOLOSINAS;GOLOSINAS;7793123000394
714604631;ODOL 70G ;2280;;;;;VARIOS;GOLOSINAS;GOLOSINAS;7509546687285
714604629;ODOL 90G;2840;;;;;VARIOS;GOLOSINAS;GOLOSINAS;7509546692258
2369;OFERTA;1000;;;;;VARIOS;GOLOSINAS;GOLOSINAS;O
77995110;OFERTA ALFAJOR ARCOR X3;2300;;;;;VARIOS;GOLOSINAS;GOLOSINAS;779951107
77995111;OFERTA ALFAJOR TATIN SIMPLE X5;1700;;;;;VARIOS;GOLOSINAS;GOLOSINAS;779951114
2370;OFERTA ALFAJOR TATIN TRIPLE X3;2000;;;;;VARIOS;GOLOSINAS;GOLOSINAS;11163
77995147;OFERTA ALFAJOR TERRABUSI;2000;;;;;VARIOS;GOLOSINAS;GOLOSINAS;779951473
2371;OFERTA GALLETA MANTEQUITA X4;1000;;;;;VARIOS;GOLOSINAS;GOLOSINAS;37
2372;OFERTA GALLETA MINI OREOX3;1100;;;;;VARIOS;GOLOSINAS;GOLOSINAS;33
2373;OFERTA GENIO X10;1000;;;;;VARIOS;GOLOSINAS;GOLOSINAS;30
2374;OFERTA GOMITA DOCILE X5;1000;;;;;VARIOS;GOLOSINAS;GOLOSINAS;31
2375;OFERTA GOMITA YUMMYX5;1000;;;;;VARIOS;GOLOSINAS;GOLOSINAS;32
714604722;OFERTA MANTECOL;2000;;;;;VARIOS;GOLOSINAS;GOLOSINAS;
2376;OFERTA MANTECOLX8;2000;;;;;VARIOS;GOLOSINAS;GOLOSINAS;39
2377;OFERTA MINI TURIMARX7;1000;;;;;VARIOS;GOLOSINAS;GOLOSINAS;38
77995149;OFERTA TESORITOS 7;2000;;;;;VARIOS;GOLOSINAS;GOLOSINAS;779951497
77995085;OJITOS CON CARAMELO LIQ ;250;;;;;VARIOS;GOLOSINAS;GOLOSINAS;779950858
77995191;OJITOS XU;250;;;;;VARIOS;GOLOSINAS;GOLOSINAS;779951916
77995189;OJOS LOCOS X30;7200;;;;;VARIOS;GOLOSINAS;GOLOSINAS;6955785102163
77995076;OREO GOLDEN ;1000;;;;;VARIOS;GOLOSINAS;GOLOSINAS;7622201806552
77995073;OREO SABOR MANI 118G;1000;;;;;VARIOS;GOLOSINAS;GOLOSINAS;7622202302862
2378;PALETA ARTESANAL X12;460;;;;;VARIOS;GOLOSINAS;GOLOSINAS;999847
2379;PALETA CABEZON PERLADO X25;650;;;;;VARIOS;GOLOSINAS;GOLOSINAS;999899
2380;PALETA CON JUGUETE X 20U;210;;;;;VARIOS;GOLOSINAS;GOLOSINAS;7797112006954
2381;PALETA CORAZON JUVENIL;210;;;;;VARIOS;GOLOSINAS;GOLOSINAS;999036
2382;PALETA CORAZON X12;300;;;;;VARIOS;GOLOSINAS;GOLOSINAS;999857
2383;PALETA EMOJI X10;190;;;;;VARIOS;GOLOSINAS;GOLOSINAS;7796889730925
2384;PALETA EMOTICON;200;;;;;VARIOS;GOLOSINAS;GOLOSINAS;7796890841030
2385;PALETA ESPIRAL X10;220;;;;;VARIOS;GOLOSINAS;GOLOSINAS;999020
2386;PALETA MARGARITA X12;590;;;;;VARIOS;GOLOSINAS;GOLOSINAS;999925
2387;PALETA MELON RALLADO X30;650;;;;;VARIOS;GOLOSINAS;GOLOSINAS;999194
2388;PALETA MIKEY X14;250;;;;;VARIOS;GOLOSINAS;GOLOSINAS;999661
2389;PALETA MULTICOLOR CHICA X25;650;;;;;VARIOS;GOLOSINAS;GOLOSINAS;999700
2390;PALETA MULTICOLOR GRANDE X 10;325;;;;;VARIOS;GOLOSINAS;GOLOSINAS;999808
2391;PALETA MULTICOLOR MEDIANA X12;600;;;;;VARIOS;GOLOSINAS;GOLOSINAS;999794
2392;PALETA PEPA PIG X14;165;;;;;VARIOS;GOLOSINAS;GOLOSINAS;999022
2393;PALETA PEPPA X20;200;;;;;VARIOS;GOLOSINAS;GOLOSINAS;7797089730920
2394;PALETA PITY POP SURTIDOS;1800;;;;;VARIOS;GOLOSINAS;GOLOSINAS;7897190303843
2395;PALETA REY DAVID BASTON X15;1200;;;;;VARIOS;GOLOSINAS;GOLOSINAS;542576
2396;PALETA REY DAVID BOLON CON BURBUJEREO;2600;;;;;VARIOS;GOLOSINAS;GOLOSINAS;542582
2397;PALETA REY DAVID CHUPETITOSX30;1400;;;;;VARIOS;GOLOSINAS;GOLOSINAS;542570
2398;PALETA REY DAVID CHUPETON X10;1560;;;;;VARIOS;GOLOSINAS;GOLOSINAS;542571
2399;PALETA REY DAVID CORAZON;2000;;;;;VARIOS;GOLOSINAS;GOLOSINAS;542568
2400;PALETA REY DAVID ESTRELLITAS;2000;;;;;VARIOS;GOLOSINAS;GOLOSINAS;542573
2401;PALETA REY DAVID MANZANITA;1750;;;;;VARIOS;GOLOSINAS;GOLOSINAS;542579
2402;PALETA REY DAVID MEGA PALETA X10;1950;;;;;VARIOS;GOLOSINAS;GOLOSINAS;542569
2403;PALETA REY DAVID MINI PALETAX10;1120;;;;;VARIOS;GOLOSINAS;GOLOSINAS;11121
77995042;PALETA REY DAVID PALETA CRISTAL ;1600;;;;;VARIOS;GOLOSINAS;GOLOSINAS;779950421
2404;PALETA REY DAVID PALETA X 20;1600;;;;;VARIOS;GOLOSINAS;GOLOSINAS;542578
2405;PALETA REY DAVID PALETON X10;1600;;;;;VARIOS;GOLOSINAS;GOLOSINAS;542586
2406;PALETA REY DAVID PALOTES;1700;;;;;VARIOS;GOLOSINAS;GOLOSINAS;542577
2407;PALETA REY DAVID PARAGUITA;1300;;;;;VARIOS;GOLOSINAS;GOLOSINAS;542574
2408;PALETA REY DAVID PEPAS;1750;;;;;VARIOS;GOLOSINAS;GOLOSINAS;6570
2409;PALETA REY DAVID PIRULINES;1750;;;;;VARIOS;GOLOSINAS;GOLOSINAS;542575
2410;PALETA REY DAVID TOPO;1600;;;;;VARIOS;GOLOSINAS;GOLOSINAS;542572
2411;PALETA TAFI CELOFAN X20;4000;;;;;VARIOS;GOLOSINAS;GOLOSINAS;99819
2412;PALETA TAFI CHUPETE X30;4000;;;;;VARIOS;GOLOSINAS;GOLOSINAS;99825
2413;PALETA TAFI CORAZON X12;3300;;;;;VARIOS;GOLOSINAS;GOLOSINAS;99822
2414;PALETA TAFI ESTRELLA X12;3300;;;;;VARIOS;GOLOSINAS;GOLOSINAS;99821
2415;PALETA TAFI GALLINITA;3800;;;;;VARIOS;GOLOSINAS;GOLOSINAS;1031
2416;PALETA TAFI HELADITO C/ CARAMELO;4590;;;;;VARIOS;GOLOSINAS;GOLOSINAS;1030
2417;PALETA TAFI LIMONCITOS;2500;;;;;VARIOS;GOLOSINAS;GOLOSINAS;1028
2418;PALETA TAFI MANZANITA X30;2500;;;;;VARIOS;GOLOSINAS;GOLOSINAS;99820
2419;PALETA TAFI MICKEY X12;3300;;;;;VARIOS;GOLOSINAS;GOLOSINAS;99823
2420;PALETA TAFI MONEDA X30 ;4000;;;;;VARIOS;GOLOSINAS;GOLOSINAS;542596
77995177;PALETA TAFI PALITO DE CREMA X25;5850;;;;;VARIOS;GOLOSINAS;GOLOSINAS;779951770
2421;PALETA TAFI PARAGUITA X50;4000;;;;;VARIOS;GOLOSINAS;GOLOSINAS;1026
77995102;PALETA TAFI PELOTITAS AZUCARADAS;2500;;;;;VARIOS;GOLOSINAS;GOLOSINAS;779951022
2422;PALETA TAFI PINITOS;2700;;;;;VARIOS;GOLOSINAS;GOLOSINAS;11162
2423;PALETA TAFI PIRULON;4000;;;;;VARIOS;GOLOSINAS;GOLOSINAS;1029
2424;PALETA TAFI SUPERX10;4860;;;;;VARIOS;GOLOSINAS;GOLOSINAS;99818
2425;PALETA TAFI TOPO X30;4000;;;;;VARIOS;GOLOSINAS;GOLOSINAS;1025
2426;PALETA TAFI TOPOS X30;3600;;;;;VARIOS;GOLOSINAS;GOLOSINAS;99824
2427;PALETA X20 ARAÑA;200;;;;;VARIOS;GOLOSINAS;GOLOSINAS;7797090841035
2428;PALETA X20 MONSTRUO;200;;;;;VARIOS;GOLOSINAS;GOLOSINAS;7797112006589
2429;PALETAS PITY POP;990;;;;;VARIOS;GOLOSINAS;GOLOSINAS;7897190303836
2430;PALETON AMASADO CELESTE;200;;;;;VARIOS;GOLOSINAS;GOLOSINAS;7796669407696
2431;PALETON HALLOWEN X10;210;;;;;VARIOS;GOLOSINAS;GOLOSINAS;7796790841031
2432;PALETON MOUNSTRUO X10;215;;;;;VARIOS;GOLOSINAS;GOLOSINAS;7796789730926
2433;PALETON MULTI COLOR;200;;;;;VARIOS;GOLOSINAS;GOLOSINAS;7796579408592
2434;PALETON ROSCADO;240;;;;;VARIOS;GOLOSINAS;GOLOSINAS;7797112007104
2435;PALITO BROCHETX;120;;;;;VARIOS;GOLOSINAS;GOLOSINAS;7790773034502
2436;PALITO CHINO;40;;;;;VARIOS;GOLOSINAS;GOLOSINAS;99836
77995080;PALITO CHINOS CARAMELO EN POLVO;280;;;;;VARIOS;GOLOSINAS;GOLOSINAS;6930378601452
2437;PALITO CROQUITO X12;600;;;;;VARIOS;GOLOSINAS;GOLOSINAS;99839
2438;PALITO CROQUITO X25;514;;;;;VARIOS;GOLOSINAS;GOLOSINAS;9990212
2439;PALITO CROQUITO X30;190;;;;;VARIOS;GOLOSINAS;GOLOSINAS;998401
2440;PALITO DE LA SELVA;290;;;;;VARIOS;GOLOSINAS;GOLOSINAS;7622210661432
2441;PALITO GOOD SHOW XU;15;;;;;VARIOS;GOLOSINAS;GOLOSINAS;7798112602115
2442;PALITO SALADO LEO;235;;;;;VARIOS;GOLOSINAS;GOLOSINAS;12368
2443;PALITO SALADO NIKITO 50G;350;;;;;VARIOS;GOLOSINAS;GOLOSINAS;7798052361462
2444;PALITO SALADO PEP 84G;130;;;;;VARIOS;GOLOSINAS;GOLOSINAS;7790310984291
2445;PALITO SAN CAYETANO 1KG;820;;;;;VARIOS;GOLOSINAS;GOLOSINAS;542556
2446;PALMESANO KG CHOCOLATE CONFITADO KG;2700;;;;;VARIOS;GOLOSINAS;GOLOSINAS;7795522002597
2447;PAN DULCE ARCOR;5000;;;;;VARIOS;GOLOSINAS;GOLOSINAS;7790040127272
714604571;PAN DULCE ARCOR MADRILEO 400G;5000;;;;;VARIOS;GOLOSINAS;GOLOSINAS;7790040127265
2448;PAN DULCE BAGLEY;4500;;;;;VARIOS;GOLOSINAS;GOLOSINAS;11166
714604570;PAN DULCE BAGLEY ARCOR FRUTA 400G;6960;;;;;VARIOS;GOLOSINAS;GOLOSINAS;7790040127319
2449;PAN DULCE BAGLEY CON FRUTAS;5000;;;;;VARIOS;GOLOSINAS;GOLOSINAS;7790040127319
2450;PAN DULCE CARICIA X2 C/ CHIPS;500;;;;;VARIOS;GOLOSINAS;GOLOSINAS;7798010260387
2451;PAN DULCE CARICIA X2 CON FRUTAS;500;;;;;VARIOS;GOLOSINAS;GOLOSINAS;7798010260103
2452;PAN DULCE CARICIA X2 SIN FRUTAS;500;;;;;VARIOS;GOLOSINAS;GOLOSINAS;7798010260370
2453;PAN DULCE DON PAOLO;100;;;;;VARIOS;GOLOSINAS;GOLOSINAS;7798102501060
2454;PAN DULCE EL MUELLE CN FRUTA;660;;;;;VARIOS;GOLOSINAS;GOLOSINAS;7795735000090
2455;PAN DULCE KANTY;300;;;;;VARIOS;GOLOSINAS;GOLOSINAS;7792082000018
2456;PAN DULCE LHERITIER;950;;;;;VARIOS;GOLOSINAS;GOLOSINAS;7791118012193
2457;PAN DULCE LHERITIER;2700;;;;;VARIOS;GOLOSINAS;GOLOSINAS;7791118012216
2458;PAN DULCE MUELE;660;;;;;VARIOS;GOLOSINAS;GOLOSINAS;7795735000151
2459;PAN DULCE MUELLE C/CHIP;660;;;;;VARIOS;GOLOSINAS;GOLOSINAS;7795735000168
2460;PAN DULCE NATALE;1500;;;;;VARIOS;GOLOSINAS;GOLOSINAS;7798094221120
2461;PAN DULCE NEVARE CHIPS;1950;;;;;VARIOS;GOLOSINAS;GOLOSINAS;7798094221618
2462;PAN DULCE NEVARE CON FRUTAS Y PASAS;1950;;;;;VARIOS;GOLOSINAS;GOLOSINAS;7798094221441
77995207;PAN DULCE NEVARES;2300;;;;;VARIOS;GOLOSINAS;GOLOSINAS;7798094222653
2463;PAN DULCE NEVARES 500G;2300;;;;;VARIOS;GOLOSINAS;GOLOSINAS;7798094222653
714604563;PAN DULCE NEVARES CON CHIP;2300;;;;;VARIOS;GOLOSINAS;GOLOSINAS;7798094224015
2464;PANTENE ACONDICIONADOR TIRA;200;;;;;VARIOS;GOLOSINAS;GOLOSINAS;7506309803784
2465;PANTENE SHAMPOO;250;;;;;VARIOS;GOLOSINAS;GOLOSINAS;7500435012102
714604576;PANTENE TIRA X12;2400;;;;;VARIOS;GOLOSINAS;GOLOSINAS;7146045766
714604575;PANTENE TIRA X24;4800;;;;;VARIOS;GOLOSINAS;GOLOSINAS;7146045759
2466;PAÑUELITOS DESCARTABLE X6;100;;;;;VARIOS;GOLOSINAS;GOLOSINAS;99816
2467;PAÑUELO CANDELA;36;;;;;VARIOS;GOLOSINAS;GOLOSINAS;7798130950021
2468;PAÑUELO DESCARTABLE XU;300;;;;;VARIOS;GOLOSINAS;GOLOSINAS;7798178802689
2469;PAÑUELOS DESCARTABLE XU;20;;;;;VARIOS;GOLOSINAS;GOLOSINAS;7798137710017
2470;PAÑUELOS X10 ECOPURE;1700;;;;;VARIOS;GOLOSINAS;GOLOSINAS;7798178802696
2471;PAPA COPS 600G;1300;;;;;VARIOS;GOLOSINAS;GOLOSINAS;7793184000814
2472;PAPA COPS 800G;1300;;;;;VARIOS;GOLOSINAS;GOLOSINAS;7793184000104
2473;PAPA CORTE AMERICANO NIKITO X5;1780;;;;;VARIOS;GOLOSINAS;GOLOSINAS;7798052362155
77995212;PAPA CRACK 210G;2600;;;;;;;;727373188943
2474;PAPA CRACKS 65GR;650;;;;;VARIOS;GOLOSINAS;GOLOSINAS;727373188967
77995223;PAPA CRACKS X1KL;9000;;;;;VARIOS;GOLOSINAS;GOLOSINAS;714604560869
2475;PAPA GOOD SHOW 400 PAY;150;;;;;VARIOS;GOLOSINAS;GOLOSINAS;7798112605222
2476;PAPA GOOD SHOW 500;260;;;;;VARIOS;GOLOSINAS;GOLOSINAS;7798112601149
2477;PAPA GOOD SHOW DE KG;480;;;;;VARIOS;GOLOSINAS;GOLOSINAS;7798112600159
2478;PAPA GOOD SHOW X 10;800;;;;;VARIOS;GOLOSINAS;GOLOSINAS;7798112601262
2479;PAPA GOOD SHOW X UNI;90;;;;;VARIOS;GOLOSINAS;GOLOSINAS;998403
2480;PAPA MANITOS SNACK KG;3300;;;;;VARIOS;GOLOSINAS;GOLOSINAS;7798359260178
714604668;PAPA NIKITO 280G;3300;;;;;;;;7798052361127
2481;PAPA NIKITO 300G CHEDDAR;455;;;;;VARIOS;GOLOSINAS;GOLOSINAS;7798052362490
2482;PAPA NIKITO 30G;550;;;;;VARIOS;GOLOSINAS;GOLOSINAS;7798052360625
77995090;PAPA NIKITO 65G PICANTE ;1000;;;;;VARIOS;GOLOSINAS;GOLOSINAS;7798052361790
2483;PAPA NIKITO AMERICANA 65G;950;;;;;VARIOS;GOLOSINAS;GOLOSINAS;7798052360922
77995138;PAPA NIKITO BARBACOA;950;;;;;VARIOS;GOLOSINAS;GOLOSINAS;7798052361950
2484;PAPA NIKITO CHEDDAR 65G;950;;;;;VARIOS;GOLOSINAS;GOLOSINAS;7798052362896
2485;PAPA NIKITO JAMON SERRANO;950;;;;;VARIOS;GOLOSINAS;GOLOSINAS;7798052362902
2486;PAPA NIKITO KETCHUP Y BARBACOA;950;;;;;VARIOS;GOLOSINAS;GOLOSINAS;7798052362896
2487;PAPA NIKITO TIRA X5;2100;;;;;VARIOS;GOLOSINAS;GOLOSINAS;7798052360618
2488;PAPA NIKITOS 1KG;7500;;;;;VARIOS;GOLOSINAS;GOLOSINAS;7798052361714
77995088;PAPA NIKITOS 65G PICANTE;1000;;;;;;;;7798052361912
2489;PAPA PAY X5 NIKITO;1350;;;;;VARIOS;GOLOSINAS;GOLOSINAS;7798052360465
714604712;PAPA POTATOS;1200;;;;;;;;7798133021018
2490;PAPA SLICE 20G;12,5;;;;;VARIOS;GOLOSINAS;GOLOSINAS;7798066070817
2491;PAPA SLICE JAMON SERRAN;900;;;;;VARIOS;GOLOSINAS;GOLOSINAS;7798066075294
2492;PAPA SLICE KETCHUPS;900;;;;;VARIOS;GOLOSINAS;GOLOSINAS;7798066075270
2493;PAPA SLICES CHEDAR;900;;;;;VARIOS;GOLOSINAS;GOLOSINAS;7798066075287
2494;PAPA SLICES CLASICA 65;650;;;;;VARIOS;GOLOSINAS;GOLOSINAS;7798066076017
2495;PAPA TAFI 210 GR;178;;;;;VARIOS;GOLOSINAS;GOLOSINAS;661094233899
2496;PAPA TAFI 310;250;;;;;VARIOS;GOLOSINAS;GOLOSINAS;661094233905
2497;PAPA TAFI ONDULADAS;305;;;;;VARIOS;GOLOSINAS;GOLOSINAS;661094233967
2498;PAPA TAFI X 100 DE JAMON;280;;;;;VARIOS;GOLOSINAS;GOLOSINAS;661094233936
2499;PAPA TAFI X 32GR;140;;;;;VARIOS;GOLOSINAS;GOLOSINAS;661094233912
2500;PAPA TAFI X100;320;;;;;VARIOS;GOLOSINAS;GOLOSINAS;661094233882
2501;PAPA TAFI X65;240;;;;;VARIOS;GOLOSINAS;GOLOSINAS;661094233875
2502;PAPAS CRACKS 110GR;1400;;;;;VARIOS;GOLOSINAS;GOLOSINAS;727373188936
2503;PAPEL ALMACEN 1/2;350;;;;;VARIOS;GOLOSINAS;GOLOSINAS;4822
2504;PAPEL ALUMINIO;2000;;;;;VARIOS;GOLOSINAS;GOLOSINAS;7798177191128
2505;PAPEL DE ALMACEN KG;600;;;;;VARIOS;GOLOSINAS;GOLOSINAS;874
2506;PAPEL DE ALUMINIO;2000;;;;;VARIOS;GOLOSINAS;GOLOSINAS;99817
2507;PAPEL FILM CHICO;500;;;;;VARIOS;GOLOSINAS;GOLOSINAS;1324
2508;PAPEL FILM GRANDE;1500;;;;;VARIOS;GOLOSINAS;GOLOSINAS;1325
2509;PAPEL PICADO CHICO;800;;;;;VARIOS;GOLOSINAS;GOLOSINAS;P
2511;PARAGUITA CHOCOLATOSA;800;;;;;VARIOS;GOLOSINAS;GOLOSINAS;542554
2512;PARAGUITA MACARENA;2000;;;;;VARIOS;GOLOSINAS;GOLOSINAS;542564
2513;PASTAFROLA;350;;;;;VARIOS;GOLOSINAS;GOLOSINAS;7798094229768
2514;PASTAFROLA;350;;;;;VARIOS;GOLOSINAS;GOLOSINAS;7798094223278
2515;PASTAFROLA X40;14000;;;;;VARIOS;GOLOSINAS;GOLOSINAS;17798094229765
2516;PASTILLITA DORI NARANJA;21;;;;;VARIOS;GOLOSINAS;GOLOSINAS;7798340710071
2517;PASTILLITA DORIN;21;;;;;VARIOS;GOLOSINAS;GOLOSINAS;7798340710521
2518;PASTILLITA DORIN CLASICAS X20;400;;;;;VARIOS;GOLOSINAS;GOLOSINAS;7798340710453
2519;PASTILLITA DORIN FRUTAL;21;;;;;VARIOS;GOLOSINAS;GOLOSINAS;7798340710101
2520;PASTILLITA DORIN LINMON;21;;;;;VARIOS;GOLOSINAS;GOLOSINAS;7798340710095
2521;PASTILLITA DORIN MANDARINA;21;;;;;VARIOS;GOLOSINAS;GOLOSINAS;7798340710088
2522;PASTILLITA DORIN MIX X20;400;;;;;VARIOS;GOLOSINAS;GOLOSINAS;7798340710514
2523;PASTILLITA DORIN TUTTI;21;;;;;VARIOS;GOLOSINAS;GOLOSINAS;7798340710576
2524;PASTILLITA DORINS FRAMBUEZA;21;;;;;VARIOS;GOLOSINAS;GOLOSINAS;7798340710118
2525;PASTILLITA DORINS FRUTAL X12;240;;;;;VARIOS;GOLOSINAS;GOLOSINAS;7798340710187
2526;PASTILLITA DORINS MANGO/ANANA;21;;;;;VARIOS;GOLOSINAS;GOLOSINAS;7798340710125
2527;PASTILLITA DORINS MANGO/ANANA X12;240;;;;;VARIOS;GOLOSINAS;GOLOSINAS;7798340710200
2528;PASTILLITA DORINS MANZANA/SANDIA;21;;;;;VARIOS;GOLOSINAS;GOLOSINAS;7798340710132
2529;PASTILLITA DORINS MANZANA/SANDIA X12;240;;;;;VARIOS;GOLOSINAS;GOLOSINAS;7798340710217
2531;PASTILLITA DORINS MARACU/ARANDAN X12;240;;;;;VARIOS;GOLOSINAS;GOLOSINAS;7798340710552
2530;PASTILLITA DORINS MARACUYA;21;;;;;VARIOS;GOLOSINAS;GOLOSINAS;7798340710545
2532;PASTILLITA DORINS MENTA;21;;;;;VARIOS;GOLOSINAS;GOLOSINAS;7798340710460
2533;PASTILLITA DORINS MENTA X12;240;;;;;VARIOS;GOLOSINAS;GOLOSINAS;7798340710477
2534;PASTILLITA DORINS TUTTI FRUTI;240;;;;;VARIOS;GOLOSINAS;GOLOSINAS;7798340710583
2535;PASTILLITA DORINS UVA/FRAMBUESA;240;;;;;VARIOS;GOLOSINAS;GOLOSINAS;7798340710194
2536;PASTILLITA DORINS X12 FRUTOS D.BOSQUE;240;;;;;VARIOS;GOLOSINAS;GOLOSINAS;7798407105383
77995070;PASTILLITA MINI 8 ;2500;;;;;;;;7896451923776
2537;PASTILLITA YAPA 125G;58;;;;;VARIOS;GOLOSINAS;GOLOSINAS;7798186033204
2538;PASTILLITAS BILLIKEN RUEDIAS X 12U;345;;;;;VARIOS;GOLOSINAS;GOLOSINAS;7798186033235
2539;PASTILLITAS D.R.F CAJA MENTOL;120;;;;;VARIOS;GOLOSINAS;GOLOSINAS;7792222002797
2540;PASTILLITAS D.R.F DE LIMON CAJA;120;;;;;VARIOS;GOLOSINAS;GOLOSINAS;7792222002810
2541;PASTILLITAS D.R.F NARANJA;17;;;;;VARIOS;GOLOSINAS;GOLOSINAS;7792222002827
2542;PASTILLITAS D.R.F NARANJA CAJA;120;;;;;VARIOS;GOLOSINAS;GOLOSINAS;7792222002834
2543;PASTILLITAS D.R.F. MENTA CAJA;120;;;;;VARIOS;GOLOSINAS;GOLOSINAS;7792222002872
2544;PASTILLITAS DORINS XU;21;;;;;VARIOS;GOLOSINAS;GOLOSINAS;7798340710064
2545;PASTILLITAS DRF LIMON;17;;;;;VARIOS;GOLOSINAS;GOLOSINAS;7792222002803
2546;PASTILLITAS DRF MENTA;17;;;;;VARIOS;GOLOSINAS;GOLOSINAS;7792222002865
77995148;PASTILLITAS ESTRELLAS ;250;;;;;VARIOS;GOLOSINAS;GOLOSINAS;779951480
2547;PASTILLITAS LUCKY FRUTAL X 200GRMS;135;;;;;VARIOS;GOLOSINAS;GOLOSINAS;7798340710415
2548;PASTILLITAS LUCKY FRUTILLA X 200GRMS;135;;;;;VARIOS;GOLOSINAS;GOLOSINAS;7798340710392
2549;PASTILLITAS LUCKY FRUTOS DEL B.X200GR;135;;;;;VARIOS;GOLOSINAS;GOLOSINAS;7798340710408
2550;PASTILLITAS LUCKY X385GR;230;;;;;VARIOS;GOLOSINAS;GOLOSINAS;653981887544
2551;PASTILLITAS MINI 12;210;;;;;VARIOS;GOLOSINAS;GOLOSINAS;7896451902160
2552;PASTILLITAS YAPA;14;;;;;VARIOS;GOLOSINAS;GOLOSINAS;77904744
2553;PASTILLITAS YAPA CAJA X 36;480;;;;;VARIOS;GOLOSINAS;GOLOSINAS;7791249007419
2554;PEPITO DE DURAZNO;400;;;;;VARIOS;GOLOSINAS;GOLOSINAS;7798036400385
2555;PEPITO MANZANA;400;;;;;VARIOS;GOLOSINAS;GOLOSINAS;7798036402327
2556;PEPITOS JUGO MANZANA;400;;;;;VARIOS;GOLOSINAS;GOLOSINAS;7798036400378
2557;PEPITOS JUGO MIX;400;;;;;VARIOS;GOLOSINAS;GOLOSINAS;7798036400705
2558;PEPITOS JUGO NARANJA;400;;;;;VARIOS;GOLOSINAS;GOLOSINAS;7798036400361
2559;PEPITOS TOP  24;4800;;;;;VARIOS;GOLOSINAS;GOLOSINAS;7798036401917
2560;PEPITOS X18 DURAZNO;7000;;;;;VARIOS;GOLOSINAS;GOLOSINAS;7798036400354
2561;PEPITOS X18 MANZANA;7000;;;;;VARIOS;GOLOSINAS;GOLOSINAS;7798036400347
2562;PEPITOS X18 MULTIFRUTA;7000;;;;;VARIOS;GOLOSINAS;GOLOSINAS;7798036400729
2563;PEPITOS X18 NARANJA;7000;;;;;VARIOS;GOLOSINAS;GOLOSINAS;7798036400330
2564;PEPSI LATA X6;3000;;;;;VARIOS;GOLOSINAS;GOLOSINAS;6595
2565;PEPSI LATA XU;550;;;;;VARIOS;GOLOSINAS;GOLOSINAS;7791813555025
2566;PEPSI X6;3000;;;;;VARIOS;GOLOSINAS;GOLOSINAS;6596
2567;PEPSI XU;550;;;;;VARIOS;GOLOSINAS;GOLOSINAS;7791813555032
77995195;PESADILLA DE CHOCLATE ;470;;;;;;;;77990747
77995081;PESCADITO AZUL;280;;;;;VARIOS;GOLOSINAS;GOLOSINAS;6923005922389
77995089;PESCADITOS X30;8400;;;;;VARIOS;GOLOSINAS;GOLOSINAS;6923005922372
2568;PIC NIC;420;;;;;VARIOS;GOLOSINAS;GOLOSINAS;7798094220994
2569;PIC NIC X40;15500;;;;;VARIOS;GOLOSINAS;GOLOSINAS;999796
2570;PICADILLO;110;;;;;VARIOS;GOLOSINAS;GOLOSINAS;7790360720122
2571;PICADILLO CHANGUITO X24;9600;;;;;VARIOS;GOLOSINAS;GOLOSINAS;17
2572;PICADILLO CHANGUITO X24;9600;;;;;VARIOS;GOLOSINAS;GOLOSINAS;17790890031634
2573;PICADILLO DE CARNE CHANGUITO;430;;;;;VARIOS;GOLOSINAS;GOLOSINAS;7790989003163
2574;PICO DULCE BLISTER X5;1100;;;;;VARIOS;GOLOSINAS;GOLOSINAS;7792860004542
2575;PICO DULCE CHICLE X80;3600;;;;;VARIOS;GOLOSINAS;GOLOSINAS;7792860009110
2576;PICO DULCE CHICLE X80;3600;;;;;VARIOS;GOLOSINAS;GOLOSINAS;7792860008847
2577;PICO DULCE LED X24;4400;;;;;VARIOS;GOLOSINAS;GOLOSINAS;7792860005778
2578;PICO DULCE VASO X 10;2000;;;;;VARIOS;GOLOSINAS;GOLOSINAS;7792860002234
2579;PICO DULCE VASO X10;2000;;;;;VARIOS;GOLOSINAS;GOLOSINAS;1024
2580;PICO DULCE X U;250;;;;;VARIOS;GOLOSINAS;GOLOSINAS;1
2581;PICO DULCE X24U;4400;;;;;VARIOS;GOLOSINAS;GOLOSINAS;7792860008915
714604581;PICO DULCE XU;200;;;;;VARIOS;GOLOSINAS;GOLOSINAS;77991959
2586;PIÑATA FELIZ CUMPLEAÑOS;360;;;;;VARIOS;GOLOSINAS;GOLOSINAS;7798130957723
2582;PINBALLS X 200UNID;150;;;;;VARIOS;GOLOSINAS;GOLOSINAS;7798040594568
2583;PINDY X3;750;;;;;VARIOS;GOLOSINAS;GOLOSINAS;7798113151322
2584;PINDY X3  CJA X12;1100;;;;;VARIOS;GOLOSINAS;GOLOSINAS;999953
2585;PINTA PELO;1000;;;;;VARIOS;GOLOSINAS;GOLOSINAS;7798047030205
2587;PIONONO BONAFIDE;330;;;;;VARIOS;GOLOSINAS;GOLOSINAS;7792360094470
2588;PIROTINES N10 X25;220;;;;;VARIOS;GOLOSINAS;GOLOSINAS;513
2589;PIROTINES N5 X25;80;;;;;VARIOS;GOLOSINAS;GOLOSINAS;797834
2590;PIROTINES N7 X25;100;;;;;VARIOS;GOLOSINAS;GOLOSINAS;514
2591;PIRULON X10;220;;;;;VARIOS;GOLOSINAS;GOLOSINAS;7797145396589
2592;PITO PITO X24;3300;;;;;VARIOS;GOLOSINAS;GOLOSINAS;7792860007949
2593;PLATO P/TORTA BEMIS X50;210;;;;;VARIOS;GOLOSINAS;GOLOSINAS;524
2594;PLIN AZUCARADO X30;150;;;;;VARIOS;GOLOSINAS;GOLOSINAS;7798149111406
2595;PLIN X30;150;;;;;VARIOS;GOLOSINAS;GOLOSINAS;7798149111390
2596;PLUM CAKE;20;;;;;VARIOS;GOLOSINAS;GOLOSINAS;816855020137
2597;PLUM CAKE YOGURT;18;;;;;VARIOS;GOLOSINAS;GOLOSINAS;816855020090
2598;POCHOCLO X10;2500;;;;;VARIOS;GOLOSINAS;GOLOSINAS;999028
2599;POKE BOLA;80;;;;;VARIOS;GOLOSINAS;GOLOSINAS;6941327854379
77995086;POKEBOLA ;280;;;;;VARIOS;GOLOSINAS;GOLOSINAS;779950865
2600;POLVORONES BOLSA;350;;;;;VARIOS;GOLOSINAS;GOLOSINAS;999965
77995154;POPS EVOLUTION SABOR ANANA ;3650;;;;;VARIOS;GOLOSINAS;GOLOSINAS;7790580142216
2601;PORTA GLOBOS X50;550;;;;;VARIOS;GOLOSINAS;GOLOSINAS;1036
2602;PORTA PANCHO CHICO;1,5;;;;;VARIOS;GOLOSINAS;GOLOSINAS;534
2603;PORTA PANCHO GRANDE;2,5;;;;;VARIOS;GOLOSINAS;GOLOSINAS;535
2604;PRARINE REY DAVID X10;1900;;;;;VARIOS;GOLOSINAS;GOLOSINAS;542580
2605;PRARINE X10 FRESKITO;2300;;;;;VARIOS;GOLOSINAS;GOLOSINAS;542595
77995100;PRESERVATIVOS DE LATEX MAXX;1000;;;;;VARIOS;GOLOSINAS;GOLOSINAS;7798171946366
2606;PRESTOBARBA X 1;53;;;;;VARIOS;GOLOSINAS;GOLOSINAS;7501009222729
77995063;PRITTY 1L;1500;;;;;VARIOS;GOLOSINAS;GOLOSINAS;7791913004089
77995064;PRITTY 500ML;800;;;;;VARIOS;GOLOSINAS;GOLOSINAS;7791913000623
2607;PRITY X 500ML;800;;;;;VARIOS;GOLOSINAS;GOLOSINAS;7791913000623
2608;PRITY X6;315;;;;;VARIOS;GOLOSINAS;GOLOSINAS;1339
2609;PROTECTOR ROSA X20;540;;;;;VARIOS;GOLOSINAS;GOLOSINAS;744430256704
2610;PUFLITO CROQUITO 750G;340;;;;;VARIOS;GOLOSINAS;GOLOSINAS;9919022
2611;PULSERA O CARTITA C/CONFITE;50;;;;;VARIOS;GOLOSINAS;GOLOSINAS;99837
2612;PURE DE TOMATE ARCOR;910;;;;;VARIOS;GOLOSINAS;GOLOSINAS;7790580146115
2613;PURE DE TOMATE MORA;120;;;;;VARIOS;GOLOSINAS;GOLOSINAS;7798106150011
2614;PURE DE TOMATE NOEL;53;;;;;VARIOS;GOLOSINAS;GOLOSINAS;7795184001907
2615;PURE DE TOMATE X 12;1100;;;;;VARIOS;GOLOSINAS;GOLOSINAS;999260
2616;PURITOS BAÑADOS 160G;650;;;;;VARIOS;GOLOSINAS;GOLOSINAS;7792684000591
2617;PURITOS BAÑADOS 300G;1100;;;;;VARIOS;GOLOSINAS;GOLOSINAS;999957
2618;RED POINT XU;230;;;;;VARIOS;GOLOSINAS;GOLOSINAS;77900883
2619;REGADERA CON CARAMELO;200;;;;;VARIOS;GOLOSINAS;GOLOSINAS;7797112007173
714604613;REGALI BULL DOG ;700;;;;;VARIOS;GOLOSINAS;GOLOSINAS;7798186035215
714604611;REGALIZ  BULL DOG X12;3200;;;;;VARIOS;GOLOSINAS;GOLOSINAS;7798186034805
714604612;REGALIZ BULL DOG;300;;;;;VARIOS;GOLOSINAS;GOLOSINAS;7798186035260
2620;REGALIZ BULL DOG;300;;;;;VARIOS;GOLOSINAS;GOLOSINAS;7798186034751
2621;REGALIZ BULL DOG;300;;;;;VARIOS;GOLOSINAS;GOLOSINAS;7798186034720
2623;REGALIZ BULL DOG;300;;;;;VARIOS;GOLOSINAS;GOLOSINAS;7798186034744
2622;REGALIZ BULL DOG;300;;;;;VARIOS;GOLOSINAS;GOLOSINAS;7798186034737
2624;RENO CHIZITO 30G;250;;;;;VARIOS;GOLOSINAS;GOLOSINAS;648260559984
714604568;RENO CHIZITO 600G;3100;;;;;VARIOS;GOLOSINAS;GOLOSINAS;648260560027
2625;RENO CHIZITO 70G;500;;;;;VARIOS;GOLOSINAS;GOLOSINAS;76625285184
2627;RENO CHIZITO KG;5000;;;;;VARIOS;GOLOSINAS;GOLOSINAS;648260560034
2626;RENO CHIZITO KG;5000;;;;;VARIOS;GOLOSINAS;GOLOSINAS;558
2628;RENO CHIZITO X 20;4500;;;;;VARIOS;GOLOSINAS;GOLOSINAS;556
2629;RENO CHIZITOX30;3700;;;;;VARIOS;GOLOSINAS;GOLOSINAS;999022123
2630;RENO CONITO 20G;25;;;;;VARIOS;GOLOSINAS;GOLOSINAS;76625251936
2631;RENO CONITO 70G;370;;;;;VARIOS;GOLOSINAS;GOLOSINAS;76625251950
2632;RENO PALITO  X 30U.;920;;;;;VARIOS;GOLOSINAS;GOLOSINAS;553
2633;RENO PALITO  X500GR;600;;;;;VARIOS;GOLOSINAS;GOLOSINAS;648260559885
714604699;RENO PALITO SALADO  800G;4750;;;;;VARIOS;GOLOSINAS;GOLOSINAS;721450780341
2634;RENO PALITO X KG;1150;;;;;VARIOS;GOLOSINAS;GOLOSINAS;648260559892
2635;RENO PALITO XU;23;;;;;VARIOS;GOLOSINAS;GOLOSINAS;648260559861
2636;RENO PAPA DE 500GR;5000;;;;;VARIOS;GOLOSINAS;GOLOSINAS;648260559793
2637;RENO PAPA X KG;10000;;;;;VARIOS;GOLOSINAS;GOLOSINAS;648260559809
2638;RENO PIZETA  X70GRMS;500;;;;;VARIOS;GOLOSINAS;GOLOSINAS;76625251943
2639;RENO PUFLITO 70G;500;;;;;VARIOS;GOLOSINAS;GOLOSINAS;721450779871
2640;RENO PUFLITO X 100GR;16;;;;;VARIOS;GOLOSINAS;GOLOSINAS;545
2641;RENO PUFLITO X 600;200;;;;;VARIOS;GOLOSINAS;GOLOSINAS;648260559946
2642;RENO PUFLITO X KG;5000;;;;;VARIOS;GOLOSINAS;GOLOSINAS;546
2643;RENO TUTUCA  X 70 GR;670;;;;;VARIOS;GOLOSINAS;GOLOSINAS;76625275161
2644;RENO TUTUCA DE KG;4700;;;;;VARIOS;GOLOSINAS;GOLOSINAS;648260559830
2645;REPELENTE 911 AEROSOL;3600;;;;;VARIOS;GOLOSINAS;GOLOSINAS;7798047032537
2646;REPELENTE EFECTO;3600;;;;;VARIOS;GOLOSINAS;GOLOSINAS;7796679007435
2647;REPELENTE NO PIC;3600;;;;;VARIOS;GOLOSINAS;GOLOSINAS;7796679002171
2648;REPELETE ABOVE;4000;;;;;VARIOS;GOLOSINAS;GOLOSINAS;7899674023292
2650;REPUESTO CIF ULTRA BRI.CITRICAS 380 ML;415;;;;;VARIOS;GOLOSINAS;GOLOSINAS;7791290792784
2649;REPUESTO CIF ULTRA BRILLO 380ML;505;;;;;VARIOS;GOLOSINAS;GOLOSINAS;7791290792777
2651;RESPUESTO DAVE CREMA;520;;;;;VARIOS;GOLOSINAS;GOLOSINAS;7791293046945
2653;REXONA;4150;;;;;VARIOS;GOLOSINAS;GOLOSINAS;7791293049489
2652;REXONA;3490;;;;;VARIOS;GOLOSINAS;GOLOSINAS;7791293049502
2654;REXONA 50ML;375;;;;;VARIOS;GOLOSINAS;GOLOSINAS;78944800
2655;REXONA 72 H 150ML;600;;;;;VARIOS;GOLOSINAS;GOLOSINAS;7791293045085
714604622;REXONA ACTIVE ;4150;;;;;VARIOS;GOLOSINAS;GOLOSINAS;7791293049540
2656;REXONA ALCOHOL P/ MANOS;220;;;;;VARIOS;GOLOSINAS;GOLOSINAS;7791293040257
2657;REXONA ANTIB.PROTEC;3490;;;;;VARIOS;GOLOSINAS;GOLOSINAS;7791293049458
2658;REXONA COTTON;3000;;;;;VARIOS;GOLOSINAS;GOLOSINAS;7791293049533
2659;REXONA DESODORANTE;4150;;;;;VARIOS;GOLOSINAS;GOLOSINAS;7791293049557
2660;REXONA HOMBRE AEROSOL;885;;;;;VARIOS;GOLOSINAS;GOLOSINAS;7791293045115
2661;REXONA MEN SENSIT;2500;;;;;VARIOS;GOLOSINAS;GOLOSINAS;7791293045559
2662;REXONA NUTRITIVO;320;;;;;VARIOS;GOLOSINAS;GOLOSINAS;78944855
2663;REXONA NUTRIVE;2330;;;;;VARIOS;GOLOSINAS;GOLOSINAS;7791293045566
714604621;REXONA OCEAN ;4150;;;;;VARIOS;GOLOSINAS;GOLOSINAS;7791293051574
2664;REXONA ODORONO;250;;;;;VARIOS;GOLOSINAS;GOLOSINAS;77974457
2665;REY DAVID CUBANITOS X15;330;;;;;VARIOS;GOLOSINAS;GOLOSINAS;542581
2666;RHODESIA X36;30600;;;;;VARIOS;GOLOSINAS;GOLOSINAS;7622300423759
2668;RISKY-DIT CUADRADO ARROZ CON SEMILLAS;990;;;;;VARIOS;GOLOSINAS;GOLOSINAS;76625211978
2667;RISKY-DIT CUADRADO ARROZ CON SEMILLAS;990;;;;;VARIOS;GOLOSINAS;GOLOSINAS;76625211992
2669;RISKY-DIT CUADRADO ARROZ SIN SAL C/SEM;990;;;;;VARIOS;GOLOSINAS;GOLOSINAS;76625211985
2670;RISKY-DIT DISCO DE ARROZ CON SAL;1000;;;;;VARIOS;GOLOSINAS;GOLOSINAS;76625212029
2671;RISKY-DIT DISCO DE ARROZ DULCE;1000;;;;;VARIOS;GOLOSINAS;GOLOSINAS;76625212005
2672;RISKY-DIT DISCO DE ARROZ SIN SAL;1000;;;;;VARIOS;GOLOSINAS;GOLOSINAS;76625212012
2673;ROCKER 40GR X U;60;;;;;VARIOS;GOLOSINAS;GOLOSINAS;7790580327415
2674;ROCKLETS 20G X24;1660;;;;;VARIOS;GOLOSINAS;GOLOSINAS;7790580423414
77995166;ROCKLETS MOMIA ;1200;;;;;VARIOS;GOLOSINAS;GOLOSINAS;7790580151560
77995152;ROCKLETS PESADILLA;11180;;;;;VARIOS;GOLOSINAS;GOLOSINAS;7790580146733
77995153;ROCKLETS PESADILLAS DE CHOCOLATE;4710;;;;;VARIOS;GOLOSINAS;GOLOSINAS;7790580151553
2675;ROCKLETS X 20GR;72;;;;;VARIOS;GOLOSINAS;GOLOSINAS;7790580421007
2676;ROCLERS X18 45G;770;;;;;VARIOS;GOLOSINAS;GOLOSINAS;7790580327408
2677;RODESIA;850;;;;;VARIOS;GOLOSINAS;GOLOSINAS;77995681
2678;ROLLO DE BOLSA 15X25;170;;;;;VARIOS;GOLOSINAS;GOLOSINAS;999802
2679;ROLLO DE BOLSA 20X30;300;;;;;VARIOS;GOLOSINAS;GOLOSINAS;999801
2680;ROLLO DE BOLSA 25X35;300;;;;;VARIOS;GOLOSINAS;GOLOSINAS;999800
2681;ROLLO FOLEM;410;;;;;VARIOS;GOLOSINAS;GOLOSINAS;1334
2682;ROLLO PAPEL ALUMINIO CHICO;70;;;;;VARIOS;GOLOSINAS;GOLOSINAS;999805
2683;ROLLO PRECIO;300;;;;;VARIOS;GOLOSINAS;GOLOSINAS;6575
2684;ROMPE MUELA;100;;;;;VARIOS;GOLOSINAS;GOLOSINAS;7798186030838
2685;ROMPE MUELA X50;4200;;;;;VARIOS;GOLOSINAS;GOLOSINAS;7798186030845
2686;ROSQUITAS BAÑADAS 300G SOLITA;100;;;;;VARIOS;GOLOSINAS;GOLOSINAS;7792684003417
2687;RUEDITAS 74G;100;;;;;VARIOS;GOLOSINAS;GOLOSINAS;7790310984314
2688;RUEDITAS BILLIKEN XU;40;;;;;VARIOS;GOLOSINAS;GOLOSINAS;7798186033228
714604703;RUMBA;15000;;;;;VARIOS;GOLOSINAS;GOLOSINAS;7790040143517
2689;SALADA X 3 FADECOP;45;;;;;VARIOS;GOLOSINAS;GOLOSINAS;7798331910350
77995101;SALADIX CALABRESA TIRA ;4050;;;;;;;;7790040152038
2690;SALADIX CHEDDAR CAJA;160;;;;;VARIOS;GOLOSINAS;GOLOSINAS;7790040133891
2691;SALADIX CHEDDAR TIRA;790;;;;;VARIOS;GOLOSINAS;GOLOSINAS;7790040133907
2692;SALADIX DUO X6 JAMON;3930;;;;;VARIOS;GOLOSINAS;GOLOSINAS;7790040374706
2693;SALADIX EN CAJA PIZZA;1200;;;;;VARIOS;GOLOSINAS;GOLOSINAS;7790580697303
2694;SALADIX EN CAJA SALAME;1200;;;;;VARIOS;GOLOSINAS;GOLOSINAS;7790580716806
2695;SALADIX JAMON CAJA;1200;;;;;VARIOS;GOLOSINAS;GOLOSINAS;7790580716707
714604666;SALADIX JAMON X6;4050;;;;;;;;7790040152014
2696;SALADIX PARMESANO CAJA;900;;;;;VARIOS;GOLOSINAS;GOLOSINAS;7790580717407
77995039;SALADIX PICANTE 30G X6 TIRA;4050;;;;;;;;7790040147782
2697;SALADIX PICANTE CAJA;1210;;;;;VARIOS;GOLOSINAS;GOLOSINAS;7790040141254
714604665;SALADIX SABOR PIZZAX6;4050;;;;;VARIOS;GOLOSINAS;GOLOSINAS;7790040152021
2698;SALADIX X 6 JAMON;4050;;;;;VARIOS;GOLOSINAS;GOLOSINAS;7790580387105
2699;SALADIX X 6 PIZZA;4050;;;;;VARIOS;GOLOSINAS;GOLOSINAS;7790580387006
2700;SALADIX X 6 SALAME;3930;;;;;VARIOS;GOLOSINAS;GOLOSINAS;7790580775407
2701;SALADIX X CAJITA DUO;90;;;;;VARIOS;GOLOSINAS;GOLOSINAS;7790040374607
2702;SALADIX X UNIDAD;700;;;;;VARIOS;GOLOSINAS;GOLOSINAS;999018
2703;SALADIX X6 FUGAZZETA;825;;;;;VARIOS;GOLOSINAS;GOLOSINAS;7790040132931
714604597;SALADIX XTRA PICANTE 100G ;1450;;;;;VARIOS;GOLOSINAS;GOLOSINAS;7790040147775
2704;SALSA DULCE CARAMELO;500;;;;;VARIOS;GOLOSINAS;GOLOSINAS;7791118012919
2705;SALSA DULCE CHOCOLATE;500;;;;;VARIOS;GOLOSINAS;GOLOSINAS;7791118012896
2706;SALSA DULCE FRUTILLA;500;;;;;VARIOS;GOLOSINAS;GOLOSINAS;7791118012957
2707;SALSA DULCE, DULCE DE LECHE;500;;;;;VARIOS;GOLOSINAS;GOLOSINAS;7791118012933
2708;SALSA PARA HELADOS X500G;500;;;;;VARIOS;GOLOSINAS;GOLOSINAS;1341
2709;SALSA POMAROLA;44;;;;;VARIOS;GOLOSINAS;GOLOSINAS;7795184945904
2710;SAN CAYETANO CHIZITO;1100;;;;;VARIOS;GOLOSINAS;GOLOSINAS;542558
2711;SAN CAYETANO NUBESITA;1150;;;;;VARIOS;GOLOSINAS;GOLOSINAS;542561
2712;SAN CAYETANO PALITO SALADO KG;1250;;;;;VARIOS;GOLOSINAS;GOLOSINAS;542560
2713;SAN CAYETANO PUFLITO;1150;;;;;VARIOS;GOLOSINAS;GOLOSINAS;542557
2714;SAN CAYETANO TUTUCA KG;1650;;;;;VARIOS;GOLOSINAS;GOLOSINAS;542559
2715;SAPITO CHOCOLATOSO X UNID;250;;;;;VARIOS;GOLOSINAS;GOLOSINAS;77928894
2716;SAPITO CONFITE;220;;;;;VARIOS;GOLOSINAS;GOLOSINAS;7790580404314
2717;SAPITO CONFITE X24;5280;;;;;VARIOS;GOLOSINAS;GOLOSINAS;7790580404307
2718;SAPITO DULCE DE LECHE;200;;;;;VARIOS;GOLOSINAS;GOLOSINAS;77928870
2719;SAPITO FRUTILLA;5900;;;;;VARIOS;GOLOSINAS;GOLOSINAS;7794612127202
2721;SAPITO MANI;190;;;;;VARIOS;GOLOSINAS;GOLOSINAS;77912718
2720;SAPITO MANI;5900;;;;;VARIOS;GOLOSINAS;GOLOSINAS;7794612127103
2722;SAPITO TATOO;5900;;;;;VARIOS;GOLOSINAS;GOLOSINAS;7794612139106
2723;SAPITO X 24 CHOCOLATOSO;4650;;;;;VARIOS;GOLOSINAS;GOLOSINAS;7794612129107
2724;SAPITO XU;200;;;;;VARIOS;GOLOSINAS;GOLOSINAS;77917393
2725;SAVORA 250G;1350;;;;;VARIOS;GOLOSINAS;GOLOSINAS;7794000006478
2726;SEDAL ACONDICIONADOR X24;550;;;;;VARIOS;GOLOSINAS;GOLOSINAS;7791293031866
2727;SEDAL ACONDICIONADOR XU;30;;;;;VARIOS;GOLOSINAS;GOLOSINAS;77947963
2728;SEDAL SHAMPOO BALANCE X24;550;;;;;VARIOS;GOLOSINAS;GOLOSINAS;7791293025049
2729;SEDAL SHAMPOO X24;550;;;;;VARIOS;GOLOSINAS;GOLOSINAS;7791293031828
2730;SEDAL SHAMPOO XU;30;;;;;VARIOS;GOLOSINAS;GOLOSINAS;77947932
2731;SEILLITA GIRAZOLASO DE 50G XU;250;;;;;VARIOS;GOLOSINAS;GOLOSINAS;11132
2732;SEMILLA AZUL TIRA X 5;900;;;;;VARIOS;GOLOSINAS;GOLOSINAS;999263
2733;SEMILLA AZUL X 40U.;2270;;;;;VARIOS;GOLOSINAS;GOLOSINAS;7798121820296
2734;SEMILLA AZUL X10;2100;;;;;VARIOS;GOLOSINAS;GOLOSINAS;7798121820289
2735;SEMILLA AZUL X5 UNIDADES;2850;;;;;VARIOS;GOLOSINAS;GOLOSINAS;7798121820333
2736;SEMILLA PEPON X5;400;;;;;VARIOS;GOLOSINAS;GOLOSINAS;7798121820159
2737;SEMILLA ROJA X 30;80;;;;;VARIOS;GOLOSINAS;GOLOSINAS;591
2738;SEMILLA TACLA  X5;60;;;;;VARIOS;GOLOSINAS;GOLOSINAS;593
2739;SEMILLA TINCHO X 20;67;;;;;VARIOS;GOLOSINAS;GOLOSINAS;594
2740;SEMILLAS PIPA 150G;240;;;;;VARIOS;GOLOSINAS;GOLOSINAS;7798044151125
2741;SEMILLAS PIPA CANDY;240;;;;;VARIOS;GOLOSINAS;GOLOSINAS;7798044151118
2742;SEMILLAS PIPA GIGANTE;550;;;;;VARIOS;GOLOSINAS;GOLOSINAS;7798044150555
2743;SEMILLAS PIPA GIGANTE X CAJA X 12;6600;;;;;VARIOS;GOLOSINAS;GOLOSINAS;7798044150562
2744;SEMILLAS PIPA PELADA 180G;240;;;;;VARIOS;GOLOSINAS;GOLOSINAS;7798044151095
2745;SEMILLAS PIPA X 10U.;1800;;;;;VARIOS;GOLOSINAS;GOLOSINAS;77965233
2746;SEMILLITA AZUL XU  35G;170;;;;;VARIOS;GOLOSINAS;GOLOSINAS;7798121820197
2747;SEMILLITA GIRASOLAZO DE 50G XU;250;;;;;VARIOS;GOLOSINAS;GOLOSINAS;7798395880019
2748;SEMILLITA GIRAZOLASO X10 DE 100G;3500;;;;;VARIOS;GOLOSINAS;GOLOSINAS;542600
2749;SEMILLITA GIRAZOLASO X10 DE 50G;2100;;;;;VARIOS;GOLOSINAS;GOLOSINAS;11130
2750;SEMILLITA GIRAZOLASO XU DE 100G;400;;;;;VARIOS;GOLOSINAS;GOLOSINAS;763571875193
2751;SEMILLITA SAN JORGE XU;450;;;;;VARIOS;GOLOSINAS;GOLOSINAS;7798121820326
2753;SERPENTINA;1000;;;;;VARIOS;GOLOSINAS;GOLOSINAS;7798047030052
2752;SERPENTINA;1000;;;;;VARIOS;GOLOSINAS;GOLOSINAS;UC4280
2754;SERVILLETA DE PAPEL;1000;;;;;VARIOS;GOLOSINAS;GOLOSINAS;7798096590033
2755;SHAMPOO DAVE;3650;;;;;VARIOS;GOLOSINAS;GOLOSINAS;7791293046990
2756;SHAMPOO SEDAL XU;30;;;;;VARIOS;GOLOSINAS;GOLOSINAS;77942654
2757;SHAMPOO TRESEMME;3000;;;;;VARIOS;GOLOSINAS;GOLOSINAS;7791293049915
2758;SHE PROTECTOR AZUL ULTRAFINA;690;;;;;VARIOS;GOLOSINAS;GOLOSINAS;744430256711
2759;SHE PROTECTORES TANGA;675;;;;;VARIOS;GOLOSINAS;GOLOSINAS;781159054327
2760;SHE PROTECTORES X20;540;;;;;VARIOS;GOLOSINAS;GOLOSINAS;744430256704
2761;SHE TOALLA SIN ALA NARANJA;290;;;;;VARIOS;GOLOSINAS;GOLOSINAS;781159054310
2762;SHE TOALLAS AMARILLAS;690;;;;;VARIOS;GOLOSINAS;GOLOSINAS;781159054334
2763;SHE TOALLAS AZUL;578;;;;;VARIOS;GOLOSINAS;GOLOSINAS;781718646383
2764;SHE TOALLAS CON ALAS VERDE;535;;;;;VARIOS;GOLOSINAS;GOLOSINAS;781718646390
2765;SHE TOALLAS NOCTURNAS;875;;;;;VARIOS;GOLOSINAS;GOLOSINAS;6578
2766;SHE TOALLAS ROSA;545;;;;;VARIOS;GOLOSINAS;GOLOSINAS;744430256698
2767;SHE TOALLITA NOCTURNA;700;;;;;VARIOS;GOLOSINAS;GOLOSINAS;781718646376
2768;SHE TUALLITA ROSA;545;;;;;VARIOS;GOLOSINAS;GOLOSINAS;542566
714604681;SHOT BLANCO 35G;1850;;;;;VARIOS;GOLOSINAS;GOLOSINAS;77983992
714604676;SHOT CHOC CON MANI 90G;4150;;;;;VARIOS;GOLOSINAS;GOLOSINAS;7622202333255
714604680;SHOT CON MANI 35G;1850;;;;;VARIOS;GOLOSINAS;GOLOSINAS;77914217
714604672;SIN SAL ;1200;;;;;;;;7790045827733
2769;SKARCHITOS;1070;;;;;VARIOS;GOLOSINAS;GOLOSINAS;7790045001607
2770;SKIP JABON LIQ;2770;;;;;VARIOS;GOLOSINAS;GOLOSINAS;7791290792814
2771;SMACK BAR X12;4480;;;;;VARIOS;GOLOSINAS;GOLOSINAS;7798094224138
2772;SMACK BARRA BAR X12;4480;;;;;VARIOS;GOLOSINAS;GOLOSINAS;7798094223384
2773;SMACK BARRA BAR XU;520;;;;;VARIOS;GOLOSINAS;GOLOSINAS;7798094223360
2774;SMACK BARRA LECHE;520;;;;;VARIOS;GOLOSINAS;GOLOSINAS;7798094224121
2775;SMACK BOMBOM XU;260;;;;;VARIOS;GOLOSINAS;GOLOSINAS;7798094221793
2776;SMACK BOMBON BOLSA X10;1880;;;;;VARIOS;GOLOSINAS;GOLOSINAS;7798094223889
2777;SMACK BOMBON GENERAL X56;7000;;;;;VARIOS;GOLOSINAS;GOLOSINAS;15
2778;SMACK BOMBON X30;6500;;;;;VARIOS;GOLOSINAS;GOLOSINAS;7798094223896
2779;SMACK BOMBONES X6;1250;;;;;VARIOS;GOLOSINAS;GOLOSINAS;7798094224213
2780;SMACK CUBANITO;330;;;;;VARIOS;GOLOSINAS;GOLOSINAS;7798094223605
2781;SMACK CUBANITO 48;13000;;;;;VARIOS;GOLOSINAS;GOLOSINAS;17798094223978
2782;SMACK CUBANITOS X48;13000;;;;;VARIOS;GOLOSINAS;GOLOSINAS;1350
2783;SMACK MINI TORTA SMACK X24U;12600;;;;;VARIOS;GOLOSINAS;GOLOSINAS;17798094223060
2784;SMACK MINI TORTA SMACK XU;700;;;;;VARIOS;GOLOSINAS;GOLOSINAS;7798094223063
2785;SMACK MINI TORTA SMAK X24;12600;;;;;VARIOS;GOLOSINAS;GOLOSINAS;999030
2786;SMACK OBLEA;330;;;;;VARIOS;GOLOSINAS;GOLOSINAS;7798094220444
2787;SMACK OBLEA SMACK X48;13000;;;;;VARIOS;GOLOSINAS;GOLOSINAS;999960
2789;SMACK OBLEA X48;12500;;;;;VARIOS;GOLOSINAS;GOLOSINAS;1351
2788;SMACK OBLEA X48;13000;;;;;VARIOS;GOLOSINAS;GOLOSINAS;17798094220441
2790;SMAMS  VAINILLA 105G;1200;;;;;VARIOS;GOLOSINAS;GOLOSINAS;7798181510021
2791;SMAMS BIZCOCHITOS AGRIDULCE;1600;;;;;VARIOS;GOLOSINAS;GOLOSINAS;7798181510182
77995051;SMAMS CHOCO;2500;;;;;;;;7798181511011
2792;SMAMS CLASICAS 150G;1900;;;;;VARIOS;GOLOSINAS;GOLOSINAS;7798181510847
2793;SMAMS COCO 120G;1300;;;;;VARIOS;GOLOSINAS;GOLOSINAS;7798181511196
2794;SMAMS CRACKER CON SEMILLAS 150G;800;;;;;VARIOS;GOLOSINAS;GOLOSINAS;7798181510229
2795;SMAMS CRACKERS 150G;1900;;;;;VARIOS;GOLOSINAS;GOLOSINAS;7798181510212
2796;SMAMS CRACKERS SIN SAL 150G;800;;;;;VARIOS;GOLOSINAS;GOLOSINAS;7798181510205
2797;SMAMS LIMON 120G;1300;;;;;VARIOS;GOLOSINAS;GOLOSINAS;7798181511202
2798;SMAMS PEPA 150G;1900;;;;;VARIOS;GOLOSINAS;GOLOSINAS;7798181510786
2799;SMAMS RELLENA CHOCOLATE 105G;1200;;;;;VARIOS;GOLOSINAS;GOLOSINAS;7798181510014
2800;SMAMS RELLENA FRUTILLA 150G;1200;;;;;VARIOS;GOLOSINAS;GOLOSINAS;7798181510267
2801;SMAMS SABOR JAMON 80G;500;;;;;VARIOS;GOLOSINAS;GOLOSINAS;7798181510908
2802;SMAMS SABOR QUESO;700;;;;;VARIOS;GOLOSINAS;GOLOSINAS;7798181510892
2803;SMAMS VAINILLA 120;1300;;;;;VARIOS;GOLOSINAS;GOLOSINAS;7798181511219
714604589;SNACK DE CARAMELO 80GR;550;;;;;VARIOS;GOLOSINAS;GOLOSINAS;7146045896
2804;SOLITAS RELLENAS GLASEADAS 160G;100;;;;;VARIOS;GOLOSINAS;GOLOSINAS;7792684003059
2805;SOPA KNORR DE VEGETALES TRICOLOR;1170;;;;;VARIOS;GOLOSINAS;GOLOSINAS;7794000005815
2806;SOPA LETRAS;1170;;;;;VARIOS;GOLOSINAS;GOLOSINAS;7794000005839
2807;SORBETE;250;;;;;VARIOS;GOLOSINAS;GOLOSINAS;602
77995078;SORPRESAS GOKU;280;;;;;VARIOS;GOLOSINAS;GOLOSINAS;6414564544650
2808;STICK WOOPSY;1800;;;;;VARIOS;GOLOSINAS;GOLOSINAS;7798178801699
2809;STICKER PARA PRECIO;350;;;;;VARIOS;GOLOSINAS;GOLOSINAS;797832
2810;STOOPY;13,5;;;;;VARIOS;GOLOSINAS;GOLOSINAS;77918420
2811;STOOPY X60;800;;;;;VARIOS;GOLOSINAS;GOLOSINAS;999797
2812;SUAVE ACONDICIONADOR ANTI FRIZ;390;;;;;VARIOS;GOLOSINAS;GOLOSINAS;7791293044583
2813;SUAVE ACONDICIONADOR DETOX;390;;;;;VARIOS;GOLOSINAS;GOLOSINAS;7791293044606
2814;SUAVE ACONDICIONADOR MANZANA;380;;;;;VARIOS;GOLOSINAS;GOLOSINAS;7791293044637
2815;SUAVE SHAMPOO ANTI FRIZ;390;;;;;VARIOS;GOLOSINAS;GOLOSINAS;7791293039831
2816;SUAVE SHAMPOO DETOX;390;;;;;VARIOS;GOLOSINAS;GOLOSINAS;7791293044538
2817;SUAVE SHAMPOO MANZANA;380;;;;;VARIOS;GOLOSINAS;GOLOSINAS;7791293044576
2818;SUGAR TABLETS;65;;;;;VARIOS;GOLOSINAS;GOLOSINAS;6973155761000
2819;SUPER BOLON X20;190;;;;;VARIOS;GOLOSINAS;GOLOSINAS;7797112007135
2820;SUPER CHUPETE CON COLGANTE;210;;;;;VARIOS;GOLOSINAS;GOLOSINAS;7796690841032
2821;SUPER PALETA X10;220;;;;;VARIOS;GOLOSINAS;GOLOSINAS;SP220
2822;SUPER TATOO;3100;;;;;VARIOS;GOLOSINAS;GOLOSINAS;7798040594452
77995127;SUPER TATOO  CREMOSITO X50;4900;;;;;VARIOS;GOLOSINAS;GOLOSINAS;7798040595367
2823;SUPER TATTO LENGUA AZUL;4900;;;;;VARIOS;GOLOSINAS;GOLOSINAS;7798040594858
2824;SUPER TATTO TUTTI FRUTI X50;4900;;;;;VARIOS;GOLOSINAS;GOLOSINAS;7798040590386
2825;SUPER TATTO X50;4900;;;;;VARIOS;GOLOSINAS;GOLOSINAS;7798040590850
2826;SWISS ROLL C/U;210;;;;;VARIOS;GOLOSINAS;GOLOSINAS;7798094223995
2827;SWISS ROOL X36;5900;;;;;VARIOS;GOLOSINAS;GOLOSINAS;27798094223999
2828;TABLETAS DE AZUCAR;1300;;;;;VARIOS;GOLOSINAS;GOLOSINAS;11151
2829;TAPITA DE ALF.;36;;;;;VARIOS;GOLOSINAS;GOLOSINAS;7791672002128
2830;TAPITAS FANTOCHE 350G;1150;;;;;VARIOS;GOLOSINAS;GOLOSINAS;7791672000766
2831;TASITA N CAJA;1900;;;;;VARIOS;GOLOSINAS;GOLOSINAS;1256
2832;TASITA N9 C/U;7;;;;;VARIOS;GOLOSINAS;GOLOSINAS;1255
2833;TASITA NUMERO 9 HELADO;1400;;;;;VARIOS;GOLOSINAS;GOLOSINAS;1043
2834;TEM FLOR AHUMADITO 180G;140;;;;;VARIOS;GOLOSINAS;GOLOSINAS;7793176003229
2835;TEM FLOR BANANET 160G;120;;;;;VARIOS;GOLOSINAS;GOLOSINAS;7793176003137
2836;TEM FLOR BANANET 400G;245;;;;;VARIOS;GOLOSINAS;GOLOSINAS;7793176003168
2837;TEM FLOR CIGARRITOS X200G;335;;;;;VARIOS;GOLOSINAS;GOLOSINAS;7793176000242
2838;TEM FLOR MANTEQUITA 150G;50;;;;;VARIOS;GOLOSINAS;GOLOSINAS;7793176000105
2839;TEM FLOR MINI FAUNA 180G;120;;;;;VARIOS;GOLOSINAS;GOLOSINAS;7793176001928
2840;TEM FLOR MINI FAUNA 400G;245;;;;;VARIOS;GOLOSINAS;GOLOSINAS;7793176000044
2841;TEM FLOR PASION 160G;160;;;;;VARIOS;GOLOSINAS;GOLOSINAS;7793176002949
2842;TEM FLOR PEPA 200G;140;;;;;VARIOS;GOLOSINAS;GOLOSINAS;7793176000037
2843;TEM FLOR PEPA 400G;275;;;;;VARIOS;GOLOSINAS;GOLOSINAS;7793176003212
2844;TEMBLEKE DELI JELLY 500G;2900;;;;;VARIOS;GOLOSINAS;GOLOSINAS;7791359050084
2845;TENEDOR X50;440;;;;;VARIOS;GOLOSINAS;GOLOSINAS;12365
2846;TERMICO 250;8;;;;;VARIOS;GOLOSINAS;GOLOSINAS;637
2847;TERMICO 250 X20;155;;;;;VARIOS;GOLOSINAS;GOLOSINAS;638
2848;TERMICO 500;13;;;;;VARIOS;GOLOSINAS;GOLOSINAS;639
2849;TERMICO 500 X20;250;;;;;VARIOS;GOLOSINAS;GOLOSINAS;640
2850;TERMICO KG X TIRA 20;325;;;;;VARIOS;GOLOSINAS;GOLOSINAS;641
2851;TERMICO X KG;17,5;;;;;VARIOS;GOLOSINAS;GOLOSINAS;642
2852;TERREMOTO XU;90;;;;;VARIOS;GOLOSINAS;GOLOSINAS;12381
2853;TIC TAC DE MENTA;130;;;;;VARIOS;GOLOSINAS;GOLOSINAS;78600010
2854;TIC TAC FRUTA;130;;;;;VARIOS;GOLOSINAS;GOLOSINAS;7797394001265
2855;TIC TAC MENTA FUERTE;130;;;;;VARIOS;GOLOSINAS;GOLOSINAS;77965363
2856;TIC TAC NARANJA;130;;;;;VARIOS;GOLOSINAS;GOLOSINAS;78600027
2857;TIMINCRUZ BARRA TRADICIONAL;350;;;;;VARIOS;GOLOSINAS;GOLOSINAS;7798180700058
2858;TIMONCRUZ BARRA CHOCOLATE;350;;;;;VARIOS;GOLOSINAS;GOLOSINAS;7798180700065
2859;TIMONCRUZ BARRA MIEL Y MANI;350;;;;;VARIOS;GOLOSINAS;GOLOSINAS;7798180700072
2860;TIRA CONFITE PALMESANO;350;;;;;VARIOS;GOLOSINAS;GOLOSINAS;7795522002788
2861;TIRA PALMESANO CONFITE HUESITOS;350;;;;;VARIOS;GOLOSINAS;GOLOSINAS;7795522000746
2862;TIRA PALMESANO CONFITE X 10 LENTEJA;350;;;;;VARIOS;GOLOSINAS;GOLOSINAS;7795522000807
2863;TIRAS PALMESANO ESFERAS FANTASIA;350;;;;;VARIOS;GOLOSINAS;GOLOSINAS;7795522000814
2864;TIRAS PALMESANO GOTITAS FRUTALES;350;;;;;VARIOS;GOLOSINAS;GOLOSINAS;7795522000739
2865;TITA;800;;;;;VARIOS;GOLOSINAS;GOLOSINAS;77976291
2866;TITA X36 U;28000;;;;;VARIOS;GOLOSINAS;GOLOSINAS;7622201803193
2867;TOFFES CHOKKO MINT;1300;;;;;VARIOS;GOLOSINAS;GOLOSINAS;7790580118860
2873;TOPLINE CAJA;8500;;;;;VARIOS;GOLOSINAS;GOLOSINAS;7790580144906
2869;TOPLINE SEVEN;900;;;;;VARIOS;GOLOSINAS;GOLOSINAS;77964137
3170;TOPLINE SEVEN;800;;;;;VARIOS;GOLOSINAS;GOLOSINAS;77948588
2871;TOPLINE SEVEN BUBLE FUN;11500;;;;;VARIOS;GOLOSINAS;GOLOSINAS;7790580137922
2870;TOPLINE SEVEN BUBLE FUN;750;;;;;VARIOS;GOLOSINAS;GOLOSINAS;77983794
2868;TOPLINE SEVEN FREEZING;14100;;;;;VARIOS;GOLOSINAS;GOLOSINAS;7790580123345
2872;TOPLINE SEVEN X-BOMBAS X16;14100;;;;;VARIOS;GOLOSINAS;GOLOSINAS;7790580361204
2877;TOPLINNE ;430;;;;;VARIOS;GOLOSINAS;GOLOSINAS;77916426
2889;TOPLINNE SEVEN  CAJA;12800;;;;;VARIOS;GOLOSINAS;GOLOSINAS;7790580109189
2883;TOPLINNE SEVEN MANDARINA;900;;;;;VARIOS;GOLOSINAS;GOLOSINAS;77932693
2884;TOPLINNE SEVEN MANDARINA X 16;12800;;;;;VARIOS;GOLOSINAS;GOLOSINAS;7790580326906
2887;TOPLINNE SEVEN NEGRO;900;;;;;VARIOS;GOLOSINAS;GOLOSINAS;77939753
2890;TOPLINNE SEVEN VIOLET;660;;;;;VARIOS;GOLOSINAS;GOLOSINAS;77948496
2891;TOPLINNE SEVEN VIOLET X 16;8480;;;;;VARIOS;GOLOSINAS;GOLOSINAS;7790580104252
2894;TOPLINNE XTREME;43;;;;;VARIOS;GOLOSINAS;GOLOSINAS;77965165
2895;TOPOYIYO;750;;;;;VARIOS;GOLOSINAS;GOLOSINAS;4844
714604709;TOPOYIYO MACARENA;2500;;;;;VARIOS;GOLOSINAS;GOLOSINAS;
2896;TORTA NEVARE 400G;500;;;;;VARIOS;GOLOSINAS;GOLOSINAS;7798094221687
2897;TOSTADA DE ARROZ CARILO DULCE;68;;;;;VARIOS;GOLOSINAS;GOLOSINAS;7798142880088
2898;TOSTADA DE ARROZ CARILO SIN SAL;68;;;;;VARIOS;GOLOSINAS;GOLOSINAS;7798142880019
2899;TOSTADA LEIVA  DE ARROZ DULCE;1300;;;;;VARIOS;GOLOSINAS;GOLOSINAS;7790412000288
2900;TOSTADA LEIVA CHIA;1300;;;;;VARIOS;GOLOSINAS;GOLOSINAS;7790412001629
2901;TOSTADA LEIVA DE ARROZ 150G;1300;;;;;VARIOS;GOLOSINAS;GOLOSINAS;7790412000271
2902;TOSTADA LEIVA DE ARROZ CHIA;1300;;;;;VARIOS;GOLOSINAS;GOLOSINAS;7790412000455
2903;TOSTADA LEIVA DE ARROZ SIN SAL;1300;;;;;VARIOS;GOLOSINAS;GOLOSINAS;7790412000295
2904;TOSTADA LEIVA LINO;1300;;;;;VARIOS;GOLOSINAS;GOLOSINAS;7790412001612
2905;TOSTADA LEIVA MINI LIGTH;1300;;;;;VARIOS;GOLOSINAS;GOLOSINAS;7790412000479
2906;TOSTADA LEIVA MINI MAIZ;1300;;;;;VARIOS;GOLOSINAS;GOLOSINAS;7790412001476
2907;TOSTADA LEIVA MULTICEREAL;1300;;;;;VARIOS;GOLOSINAS;GOLOSINAS;7790412000462
2908;TOSTADA LEIVA SEMOLA;1300;;;;;VARIOS;GOLOSINAS;GOLOSINAS;7790412001483
2909;TOSTADA MANIERI ARROZ;1200;;;;;VARIOS;GOLOSINAS;GOLOSINAS;7798120180803
2910;TOSTADA MANIERI DULCES;900;;;;;VARIOS;GOLOSINAS;GOLOSINAS;7798120180551
2911;TOSTADA MANIERI EQUILIBRIO DE ARROZ;1200;;;;;VARIOS;GOLOSINAS;GOLOSINAS;7798120180797
2912;TOSTADA RIERA BIO ORGANICO;450;;;;;VARIOS;GOLOSINAS;GOLOSINAS;7790071090507
2913;TOSTADA RIERA LIGHT;450;;;;;VARIOS;GOLOSINAS;GOLOSINAS;7790071070127
2914;TOSTADA TOSTEX;60;;;;;VARIOS;GOLOSINAS;GOLOSINAS;7798125810194
2915;TOSTADAS 4 SEMILLAS LIGTH;900;;;;;VARIOS;GOLOSINAS;GOLOSINAS;7798120180681
714604659;TOSTADAS CRIOLLAS;1650;;;;;VARIOS;GOLOSINAS;GOLOSINAS;7790040124530
77995185;TOSTADAS DE ARROZ LIBERA 100G ;1000;;;;;VARIOS;GOLOSINAS;GOLOSINAS;7798448630042
77995188;TOSTADAS DE ARROZ LIBERA 140G CLASICAS ;1250;;;;;VARIOS;GOLOSINAS;GOLOSINAS;7798448630011
77995187;TOSTADAS DE ARROZ LIBERA 140G DULCES ;1250;;;;;VARIOS;GOLOSINAS;GOLOSINAS;7798448630035
77995186;TOSTADAS DE ARROZ LIBERA 140G SIN SAL;1250;;;;;VARIOS;GOLOSINAS;GOLOSINAS;7798448630028
2916;TOSTADAS DE ARROZ RIERA;500;;;;;VARIOS;GOLOSINAS;GOLOSINAS;7790071080300
2917;TOSTADAS MANIERI ARROZ EQUILIBRIO;950;;;;;VARIOS;GOLOSINAS;GOLOSINAS;7798120180780
2918;TOSTADAS MANIERI DULCE EQUILIBRIO;950;;;;;VARIOS;GOLOSINAS;GOLOSINAS;7798120180674
2919;TOSTADAS MANIERI EQUILIBRIO;950;;;;;VARIOS;GOLOSINAS;GOLOSINAS;7798120180667
2920;TOSTADAS MANIERI EQUILIBRIO LIGHT DULCE;950;;;;;VARIOS;GOLOSINAS;GOLOSINAS;7798120180773
2921;TOSTADAS MANIERI SALADA PAN;1300;;;;;VARIOS;GOLOSINAS;GOLOSINAS;7798120180544
2922;TOSTADAS MANIERI SALVADO PAN;1300;;;;;VARIOS;GOLOSINAS;GOLOSINAS;7798120180568
2923;TOSTADAS MANIERI SALVADO SIN SAL;950;;;;;VARIOS;GOLOSINAS;GOLOSINAS;7798120180599
2924;TOSTADAS MANIERI SIN SAL PAN;1300;;;;;VARIOS;GOLOSINAS;GOLOSINAS;7798120180575
2925;TOSTADAS RIERA 100 INTEGRALES;500;;;;;VARIOS;GOLOSINAS;GOLOSINAS;7790071060302
2926;TOSTADAS RIERA DE ARROZ;500;;;;;VARIOS;GOLOSINAS;GOLOSINAS;7790071080201
2927;TOSTADAS RIERA DE ARROZ;500;;;;;VARIOS;GOLOSINAS;GOLOSINAS;7790071080409
2928;TOSTADAS RIERA DE MESA;500;;;;;VARIOS;GOLOSINAS;GOLOSINAS;7790071090217
2929;TOSTADAS RIERA DULCE;500;;;;;VARIOS;GOLOSINAS;GOLOSINAS;7790071090118
2930;TOSTADAS RIERA INTEGRALES;500;;;;;VARIOS;GOLOSINAS;GOLOSINAS;7790071090316
2931;TOSTADAS RIERA LIGTH DULCE;500;;;;;VARIOS;GOLOSINAS;GOLOSINAS;7790071070509
2932;TOSTADAS RIERA MULTI SEMILLAS;500;;;;;VARIOS;GOLOSINAS;GOLOSINAS;7790071070608
2933;TOSTADAS RIERA SIN SAL;500;;;;;VARIOS;GOLOSINAS;GOLOSINAS;7790071090415
2934;TOSTADAS RIERA VEGIE;500;;;;;VARIOS;GOLOSINAS;GOLOSINAS;7790071090606
2935;TOSTADAS RISKY DIT;990;;;;;VARIOS;GOLOSINAS;GOLOSINAS;76625212067
2936;TOSTADAS RISKY DIT CLASICAS;990;;;;;VARIOS;GOLOSINAS;GOLOSINAS;76625212074
2937;TOSTADAS RISKY DIT DULCE;990;;;;;VARIOS;GOLOSINAS;GOLOSINAS;76625212050
2938;TOSTADAS RISKY DIT SEMILLA;1000;;;;;VARIOS;GOLOSINAS;GOLOSINAS;656750731338
2939;TOSTADAS TOSTEX;60;;;;;VARIOS;GOLOSINAS;GOLOSINAS;7798125810170
2940;TOSTADAS TOSTEX ARANDANOS;57;;;;;VARIOS;GOLOSINAS;GOLOSINAS;7798125810576
2941;TOSTADAS TOSTEX AVENA X300G;57;;;;;VARIOS;GOLOSINAS;GOLOSINAS;7798125810590
2942;TOSTADAS TOSTEX CHIPS  X 170;30;;;;;VARIOS;GOLOSINAS;GOLOSINAS;7798125810071
2943;TOSTADAS TOSTEX CHIPS DE CHOCO X 300G;57;;;;;VARIOS;GOLOSINAS;GOLOSINAS;7798125810583
2944;TOSTADAS TOSTEX CHIPS MANI 300G;57;;;;;VARIOS;GOLOSINAS;GOLOSINAS;7798125810781
2945;TOSTADAS TOSTEX CHIPS X 300G;57;;;;;VARIOS;GOLOSINAS;GOLOSINAS;7798125810477
2946;TOSTADAS TOSTEX CHOCOOLATE 300;45;;;;;VARIOS;GOLOSINAS;GOLOSINAS;7798125810552
2947;TOSTADAS TOSTEX CON CHISPAS X 300G;57;;;;;VARIOS;GOLOSINAS;GOLOSINAS;7798125810637
2948;TOSTADAS TOSTEX DULCE;60;;;;;VARIOS;GOLOSINAS;GOLOSINAS;7798125810187
2949;TOSTADAS TOSTEX LECHE CHOCOLATE X 300G;57;;;;;VARIOS;GOLOSINAS;GOLOSINAS;7798125810606
2950;TOSTADAS TOSTEX MIEL 300;57;;;;;VARIOS;GOLOSINAS;GOLOSINAS;7798125810774
2951;TOSTADAS TOSTEX ROCQUITAS CHOC;57;;;;;VARIOS;GOLOSINAS;GOLOSINAS;798125810552
2952;TOSTADAS TOSTEX SIN SAL;60;;;;;VARIOS;GOLOSINAS;GOLOSINAS;7798125810200
2953;TREBOL PRIMAVERA X12;195;;;;;VARIOS;GOLOSINAS;GOLOSINAS;999994
2954;TRESEMME AC CAUTERIZACION;1100;;;;;VARIOS;GOLOSINAS;GOLOSINAS;7791293045016
2955;TRESEMME AC LISO;1180;;;;;VARIOS;GOLOSINAS;GOLOSINAS;7791293045023
2956;TRESEMME KERATINA ACONDICIONADOR;1180;;;;;VARIOS;GOLOSINAS;GOLOSINAS;7791293045009
2957;TRESEMME ONDAS  ACONDI;3000;;;;;VARIOS;GOLOSINAS;GOLOSINAS;7791293050164
2958;TRESEMME ONDAS ACONDICIONADOR;1180;;;;;VARIOS;GOLOSINAS;GOLOSINAS;7791293045030
2959;TRESEMME SHA KERATINA ANTIFRIZZ;1100;;;;;VARIOS;GOLOSINAS;GOLOSINAS;7791293044903
2960;TRESEMME SHA ONDAS;1180;;;;;VARIOS;GOLOSINAS;GOLOSINAS;7791293044934
2962;TRESEMME SHAMPOO;3000;;;;;VARIOS;GOLOSINAS;GOLOSINAS;7791293049991
2961;TRESEMME SHAMPOO;3000;;;;;VARIOS;GOLOSINAS;GOLOSINAS;7791293050072
2963;TRESEMME SHAMPOO CAUTERIZACION;1100;;;;;VARIOS;GOLOSINAS;GOLOSINAS;7791293044910
2964;TRESEMME SHAP  LISO;1180;;;;;VARIOS;GOLOSINAS;GOLOSINAS;7791293044927
2965;TRIMAK ALFAJOR DE MAICENA;270;;;;;VARIOS;GOLOSINAS;GOLOSINAS;7798024295108
2966;TRIMAK GALLETA PALITOS DULCE 170G;460;;;;;VARIOS;GOLOSINAS;GOLOSINAS;7798024290318
2967;TRIMAK PEPA 170G;485;;;;;VARIOS;GOLOSINAS;GOLOSINAS;7798024291674
2968;TRIMAK PEPITAS 170G;485;;;;;VARIOS;GOLOSINAS;GOLOSINAS;7798024290288
2969;TRIMAK PEPITAS 360G;960;;;;;VARIOS;GOLOSINAS;GOLOSINAS;7798024290509
2970;TRIMAK PEPITAS 500G;1275;;;;;VARIOS;GOLOSINAS;GOLOSINAS;7798024291216
2971;TRIMAK POLVORENES LIMON 360G;960;;;;;VARIOS;GOLOSINAS;GOLOSINAS;7798024290523
2972;TRIMAK POLVORONES 170G;485;;;;;VARIOS;GOLOSINAS;GOLOSINAS;7798024290301
2973;TRIMAK POLVORONES C/CHIP DE CHO 300G;950;;;;;VARIOS;GOLOSINAS;GOLOSINAS;7798024290554
2974;TRIMAK POLVORONES C/CHIP DULCE L.150G;485;;;;;VARIOS;GOLOSINAS;GOLOSINAS;7798024290349
2975;TRIMAK SCONES;485;;;;;VARIOS;GOLOSINAS;GOLOSINAS;7798024290295
2976;TRIMAK SCONES 360;960;;;;;VARIOS;GOLOSINAS;GOLOSINAS;7798024290516
2977;TRIMAK SURTIDAS 170G;485;;;;;VARIOS;GOLOSINAS;GOLOSINAS;7798024290325
2978;TRIMAK SURTIDITAS 360;960;;;;;VARIOS;GOLOSINAS;GOLOSINAS;7798024290547
2979;TRIMAL POLVORONES CON CHOCOLATE 150G;485;;;;;VARIOS;GOLOSINAS;GOLOSINAS;7798024290332
2980;TRIMAX DE ALGARROBA 200G;780;;;;;VARIOS;GOLOSINAS;GOLOSINAS;7798024299311
2981;TRIPODE X100G;200;;;;;VARIOS;GOLOSINAS;GOLOSINAS;129
2982;TROMPITO;180;;;;;VARIOS;GOLOSINAS;GOLOSINAS;7796525063189
2983;TUBE FINI;57;;;;;VARIOS;GOLOSINAS;GOLOSINAS;7898591455001
2984;TURIMAR MINI BIZCOCHITOS 50G;150;;;;;VARIOS;GOLOSINAS;GOLOSINAS;7797675001823
2985;TURROC OBLITA X48;130;;;;;VARIOS;GOLOSINAS;GOLOSINAS;7793123010201
2986;TURROC OBLITA X48;6000;;;;;VARIOS;GOLOSINAS;GOLOSINAS;17793123010208
2987;TURRON ALTEZA 70G;550;;;;;VARIOS;GOLOSINAS;GOLOSINAS;7790380012085
2989;TURRON ATB X 50;5200;;;;;VARIOS;GOLOSINAS;GOLOSINAS;77980744901400
2990;TURRON ATB X U;120;;;;;VARIOS;GOLOSINAS;GOLOSINAS;7798074490140
2991;TURRON BILLIKEN X50;4300;;;;;VARIOS;GOLOSINAS;GOLOSINAS;17798186032921
2992;TURRON BILLIKEN XU;90;;;;;VARIOS;GOLOSINAS;GOLOSINAS;7798186032924
2993;TURRON DE ARROZ PAYSANDU;2800;;;;;VARIOS;GOLOSINAS;GOLOSINAS;18
2994;TURRON DE ARROZ X U;100;;;;;VARIOS;GOLOSINAS;GOLOSINAS;15681
2995;TURRON DE MANI CON MIEL LHERITIER 120G;700;;;;;VARIOS;GOLOSINAS;GOLOSINAS;7792860005860
2996;TURRON DE MANI CON MIEL LHERITIER 80G;500;;;;;VARIOS;GOLOSINAS;GOLOSINAS;7792860006652
2997;TURRON DE MANI LATIN;30;;;;;VARIOS;GOLOSINAS;GOLOSINAS;7795522000869
2998;TURRON FANTASIA NEVARE;500;;;;;VARIOS;GOLOSINAS;GOLOSINAS;7798094221731
2999;TURRON FULBITO;200;;;;;VARIOS;GOLOSINAS;GOLOSINAS;7798094223650
3000;TURRON FULBITO X 50;9500;;;;;VARIOS;GOLOSINAS;GOLOSINAS;17798094223657
3001;TURRON MISKI X50;10000;;;;;VARIOS;GOLOSINAS;GOLOSINAS;17790580401402
3002;TURRON MISKY X U;210;;;;;VARIOS;GOLOSINAS;GOLOSINAS;77940148
3003;TURRON NEVARES;150;;;;;VARIOS;GOLOSINAS;GOLOSINAS;77923523
3004;TURRON NEVARES X50;9700;;;;;VARIOS;GOLOSINAS;GOLOSINAS;10000077923520
3005;TURRON PALMESANO;30;;;;;VARIOS;GOLOSINAS;GOLOSINAS;7795522000159
3006;TURRON PALMESANO X50;2150;;;;;VARIOS;GOLOSINAS;GOLOSINAS;999261
3007;TURRON PALMESANO XU;30;;;;;VARIOS;GOLOSINAS;GOLOSINAS;7795522000524
3008;TURRON PIÑATA;90;;;;;VARIOS;GOLOSINAS;GOLOSINAS;7798186032214
3009;TURRON PIÑATA X 50;4300;;;;;VARIOS;GOLOSINAS;GOLOSINAS;17798186032211
3010;TURRON Y MANI ARCOR;250;;;;;VARIOS;GOLOSINAS;GOLOSINAS;77940131
3011;TUTUCA CHICA X U;6,7;;;;;VARIOS;GOLOSINAS;GOLOSINAS;12417
3012;TUTUCA COPS KG;650;;;;;VARIOS;GOLOSINAS;GOLOSINAS;7793184000340
3013;TUTUCA FACU 650G;170;;;;;VARIOS;GOLOSINAS;GOLOSINAS;7798153360845
3014;TUTUCA NIKITO X5;150;;;;;VARIOS;GOLOSINAS;GOLOSINAS;7798052361295
3015;TUTUCA O ARROSITO X 30 RIKI;2350;;;;;VARIOS;GOLOSINAS;GOLOSINAS;719
3016;TUTUCA PISULINO 1KG;250;;;;;VARIOS;GOLOSINAS;GOLOSINAS;7798121828469
3017;TUTUCA RIKI X30;2350;;;;;VARIOS;GOLOSINAS;GOLOSINAS;TU
3018;UVAS CON CHOCOLATE BLANCO 180G;120;;;;;VARIOS;GOLOSINAS;GOLOSINAS;7798366580368
3019;UVAS CON CHOCOLATE NEGRO 80G;178;;;;;VARIOS;GOLOSINAS;GOLOSINAS;7798366580160
3020;VALDE SORPRESA;500;;;;;VARIOS;GOLOSINAS;GOLOSINAS;7797112007081
3021;VALIJITA HALLOWEEN;2500;;;;;VARIOS;GOLOSINAS;GOLOSINAS;7797112007210
3022;VALIJITA TROMPITO;115;;;;;VARIOS;GOLOSINAS;GOLOSINAS;7797112007043
3023;VARIEDAD;97;;;;;VARIOS;GOLOSINAS;GOLOSINAS;7622210649225
3024;VASO C/TAPA 1/2;12;;;;;VARIOS;GOLOSINAS;GOLOSINAS;925
3025;VASO C/TAPA 1/4;8;;;;;VARIOS;GOLOSINAS;GOLOSINAS;1331
3026;VASO CERVECERO;190;;;;;VARIOS;GOLOSINAS;GOLOSINAS;11175
3027;VASO CERVECERO 1L XU;80;;;;;VARIOS;GOLOSINAS;GOLOSINAS;1330
3028;VASO CERVECERO X500;3800;;;;;VARIOS;GOLOSINAS;GOLOSINAS;1329
3029;VASO HAPPY HALLOWEEN;2300;;;;;VARIOS;GOLOSINAS;GOLOSINAS;11143
3030;VASO PAST. X 500ML;6;;;;;VARIOS;GOLOSINAS;GOLOSINAS;748
3031;VASO PLAST 180 CC X50;300;;;;;VARIOS;GOLOSINAS;GOLOSINAS;749
3032;VASO PLAST 240;160;;;;;VARIOS;GOLOSINAS;GOLOSINAS;750
3033;VASO PLASTICO 110;130;;;;;VARIOS;GOLOSINAS;GOLOSINAS;1328
3034;VASO PLASTICO 500ML;8;;;;;VARIOS;GOLOSINAS;GOLOSINAS;999807
3035;VASO PLASTICO TRAGO LARGO C/U;10;;;;;VARIOS;GOLOSINAS;GOLOSINAS;99861
3036;VASO PLAT C/TAPA 1/2;60;;;;;VARIOS;GOLOSINAS;GOLOSINAS;751
3037;VASO TERMICO 180;340;;;;;VARIOS;GOLOSINAS;GOLOSINAS;7798353363677
3038;VASO TERMICO DE 120CC X 25;410;;;;;VARIOS;GOLOSINAS;GOLOSINAS;753
3039;VASO TERMICO DE 180CC X 25;500;;;;;VARIOS;GOLOSINAS;GOLOSINAS;754
3040;VASO TERMICO DE 220ML;550;;;;;VARIOS;GOLOSINAS;GOLOSINAS;755
3041;VASO TERMICO DE 240ML;570;;;;;VARIOS;GOLOSINAS;GOLOSINAS;999968
3042;VASO TRAGO LARGO;13;;;;;VARIOS;GOLOSINAS;GOLOSINAS;9998081
3043;VELAS TERGOPOL;300;;;;;VARIOS;GOLOSINAS;GOLOSINAS;A
3044;VELAS TUKY;80;;;;;VARIOS;GOLOSINAS;GOLOSINAS;999032
3045;VENUS  ROSA;1600;;;;;VARIOS;GOLOSINAS;GOLOSINAS;7500435138505
3046;VICO ARITO 500;2300;;;;;VARIOS;GOLOSINAS;GOLOSINAS;6563
3047;VICO ARITO X30;2700;;;;;VARIOS;GOLOSINAS;GOLOSINAS;99850
3048;VICO ARITO XKG;3850;;;;;VARIOS;GOLOSINAS;GOLOSINAS;1355
3085;VICO BOLITA CROCANTE 500G;2300;;;;;VARIOS;GOLOSINAS;GOLOSINAS;7798315910116
3049;VICO BOLITA CROCANTE DE 500;2300;;;;;VARIOS;GOLOSINAS;GOLOSINAS;7798315910079
3050;VICO BOLITA CROCANTE X1KG;3850;;;;;VARIOS;GOLOSINAS;GOLOSINAS;7798315910123
3051;VICO BOLITA CROCANTE X30;3300;;;;;VARIOS;GOLOSINAS;GOLOSINAS;1353
3052;VICO CHIDO 500;2000;;;;;VARIOS;GOLOSINAS;GOLOSINAS;7798315910253
3053;VICO CHIDO 500G;2000;;;;;VARIOS;GOLOSINAS;GOLOSINAS;6562
3054;VICO CHIDO X20;4000;;;;;VARIOS;GOLOSINAS;GOLOSINAS;1021
3055;VICO CHIDO X30;3000;;;;;VARIOS;GOLOSINAS;GOLOSINAS;12411
3056;VICO CHIDO XKG;3500;;;;;VARIOS;GOLOSINAS;GOLOSINAS;7798315910260
3057;VICO CHIZITO CHICO;150;;;;;VARIOS;GOLOSINAS;GOLOSINAS;6598
3058;VICO CHIZITO GRANDE;190;;;;;VARIOS;GOLOSINAS;GOLOSINAS;6599
3059;VICO CHURRITO XKG;3850;;;;;VARIOS;GOLOSINAS;GOLOSINAS;7798315910154
3060;VICO CHURRO 500G;2300;;;;;VARIOS;GOLOSINAS;GOLOSINAS;6564
3061;VICO FLORCITA DE KG;3825;;;;;VARIOS;GOLOSINAS;GOLOSINAS;7798315910086
3062;VICO FLORCITA X30;3300;;;;;VARIOS;GOLOSINAS;GOLOSINAS;12415
3063;VICO FLORECITA XU;150;;;;;VARIOS;GOLOSINAS;GOLOSINAS;7798315910055
3064;VICO MANI BLANCHEADO XKG;3990;;;;;VARIOS;GOLOSINAS;GOLOSINAS;99828
3065;VICO MANI GARRAPIÑADA VICO X 1KG;1100;;;;;VARIOS;GOLOSINAS;GOLOSINAS;7798315910529
3066;VICO MANI SABORIZADO 500 JAMON;2200;;;;;VARIOS;GOLOSINAS;GOLOSINAS;7798315910352
3067;VICO MANI SABORIZADO 500 PIZZA;2200;;;;;VARIOS;GOLOSINAS;GOLOSINAS;7798315910321
3068;VICO MANI SABORIZADO 500G QUESO;2200;;;;;VARIOS;GOLOSINAS;GOLOSINAS;7798315910291
3069;VICO MANI SABORIZADO JAMON KG;2200;;;;;VARIOS;GOLOSINAS;GOLOSINAS;7798315910369
3070;VICO MANI SABORIZADO QUESO 1KG;2200;;;;;VARIOS;GOLOSINAS;GOLOSINAS;7798315910307
3071;VICO MANI SABORIZADO VICO PIZ/SAL 1KG;2200;;;;;VARIOS;GOLOSINAS;GOLOSINAS;7798315910390
3072;VICO MANI SALADO 1KG;3990;;;;;VARIOS;GOLOSINAS;GOLOSINAS;7798315910499
3073;VICO MANI SALADO X 500;690;;;;;VARIOS;GOLOSINAS;GOLOSINAS;99829
3074;VICO MANI SALAME 500G;690;;;;;VARIOS;GOLOSINAS;GOLOSINAS;7798315910383
3075;VICO MANI VICO FRITO C/PIEL XKG;3100;;;;;VARIOS;GOLOSINAS;GOLOSINAS;999009
3076;VICO PALITO SALADO 1KG;3630;;;;;VARIOS;GOLOSINAS;GOLOSINAS;7798315910451
3077;VICO PALITO SALADO X500G;2070;;;;;VARIOS;GOLOSINAS;GOLOSINAS;7798315910444
3078;VICO PALITO SALADO XKG;3000;;;;;VARIOS;GOLOSINAS;GOLOSINAS;12416
3079;VICO PAPA FRIPAP;9520;;;;;VARIOS;GOLOSINAS;GOLOSINAS;790757874213
3080;VICO PIZZETA 500G;1800;;;;;VARIOS;GOLOSINAS;GOLOSINAS;1023
3081;VICO PIZZETA KG;2600;;;;;VARIOS;GOLOSINAS;GOLOSINAS;1022
3082;VICO PUFLITO  XKG;3825;;;;;VARIOS;GOLOSINAS;GOLOSINAS;544
3083;VICO PUFLITO X KG;3200;;;;;VARIOS;GOLOSINAS;GOLOSINAS;547
3157;VICO PUFLITO XU;150;;;;;VARIOS;GOLOSINAS;GOLOSINAS;31578
3084;VICO TUTUCA  X30;3500;;;;;VARIOS;GOLOSINAS;GOLOSINAS;766
3086;VICO TUTUCA XKG;3900;;;;;VARIOS;GOLOSINAS;GOLOSINAS;7798315910192
3087;VICO TUTUCA XU;200;;;;;VARIOS;GOLOSINAS;GOLOSINAS;7798315910161
3088;VICO XU GRANDE;200;;;;;VARIOS;GOLOSINAS;GOLOSINAS;11171
3089;VIF CREMA MULTIUSO;1610;;;;;VARIOS;GOLOSINAS;GOLOSINAS;7791290794238
3090;VILLA RICA AJI PICANTE;170;;;;;VARIOS;GOLOSINAS;GOLOSINAS;7794538001648
3091;VILLA RICA ALMIDON DE MAIZ;290;;;;;VARIOS;GOLOSINAS;GOLOSINAS;7794538000092
3092;VILLA RICA AVENA 400G;680;;;;;VARIOS;GOLOSINAS;GOLOSINAS;7794538001006
3093;VILLA RICA AZUCAR IMPALPABLE 250G;640;;;;;VARIOS;GOLOSINAS;GOLOSINAS;7794538000016
3094;VILLA RICA BICARBONATO DE SODIO;75;;;;;VARIOS;GOLOSINAS;GOLOSINAS;7794538000252
3095;VILLA RICA BOLDO;410;;;;;VARIOS;GOLOSINAS;GOLOSINAS;7794538000023
3096;VILLA RICA CACAO DULCE 180G;450;;;;;VARIOS;GOLOSINAS;GOLOSINAS;7794538000566
3097;VILLA RICA CAFE TOSTADO;630;;;;;VARIOS;GOLOSINAS;GOLOSINAS;7794538000825
3098;VILLA RICA COCO RAYADO;320;;;;;VARIOS;GOLOSINAS;GOLOSINAS;7794538000085
3099;VILLA RICA COMINO MOLIDO;300;;;;;VARIOS;GOLOSINAS;GOLOSINAS;7794538000313
3100;VILLA RICA FLAN;350;;;;;VARIOS;GOLOSINAS;GOLOSINAS;7794538001280
3101;VILLA RICA GELATINA DE FRUTILLA;490;;;;;VARIOS;GOLOSINAS;GOLOSINAS;7794538000153
3102;VILLA RICA MANZANILLA;390;;;;;VARIOS;GOLOSINAS;GOLOSINAS;7794538000856
3103;VILLA RICA OREGANO EN HOJAS;380;;;;;VARIOS;GOLOSINAS;GOLOSINAS;7794538000351
3104;VILLA RICA PAN RALLADO;370;;;;;VARIOS;GOLOSINAS;GOLOSINAS;7794538001792
3105;VILLA RICA PIMENTON;170;;;;;VARIOS;GOLOSINAS;GOLOSINAS;7794538000368
3106;VILLA RICA PIMIENTA BLANCA;370;;;;;VARIOS;GOLOSINAS;GOLOSINAS;7794538000382
3107;VILLA RICA PROVENZAL;290;;;;;VARIOS;GOLOSINAS;GOLOSINAS;7794538001013
3108;VILLA RICA TE;250;;;;;VARIOS;GOLOSINAS;GOLOSINAS;7794538000177
3109;VILLA RICA TILO;700;;;;;VARIOS;GOLOSINAS;GOLOSINAS;7794538000849
3110;VILLA RICA VAINILLIN;160;;;;;VARIOS;GOLOSINAS;GOLOSINAS;542601
3111;VILLA RICA YERBA MATE;350;;;;;VARIOS;GOLOSINAS;GOLOSINAS;7794538000191
3112;VINCHAS DIVERTIDAS XU;500;;;;;VARIOS;GOLOSINAS;GOLOSINAS;11142
3113;VINCHAS X4;2000;;;;;VARIOS;GOLOSINAS;GOLOSINAS;7790391101402
3114;VIVERE;1560;;;;;VARIOS;GOLOSINAS;GOLOSINAS;7791290793736
3115;VOLANTIN;600;;;;;VARIOS;GOLOSINAS;GOLOSINAS;6561
3116;VUELTO;0;;;;;VARIOS;GOLOSINAS;GOLOSINAS;1039
3117;VUELTO GOLOSINA;0;;;;;VARIOS;GOLOSINAS;GOLOSINAS;V
3118;YERBA ANDRESITO;1000;;;;;VARIOS;GOLOSINAS;GOLOSINAS;7798039850026
3119;YERBA ANDRESITO 250G;500;;;;;VARIOS;GOLOSINAS;GOLOSINAS;7798039850163
77995067;YERBA CHAMIGO 500G;1350;;;;;VARIOS;GOLOSINAS;GOLOSINAS;7790070509123
3120;YERBA CON HIERBAS SERRANAS;1000;;;;;VARIOS;GOLOSINAS;GOLOSINAS;7792000000021
3121;YERBA CON PEPERINA;1000;;;;;VARIOS;GOLOSINAS;GOLOSINAS;7798172360031
3122;YERBA DON ARREGUI;1000;;;;;VARIOS;GOLOSINAS;GOLOSINAS;7798067630010
3123;YERBA NOBLEZA GAUCHA 500G;1500;;;;;VARIOS;GOLOSINAS;GOLOSINAS;7790070507273
3124;YERBA NOBLEZA GAUCHA SUAVE;1450;;;;;VARIOS;GOLOSINAS;GOLOSINAS;7790070509109
3125;YERBACID ARREGUI;1000;;;;;VARIOS;GOLOSINAS;GOLOSINAS;7798067630034
3126;YERBACID BOLDO;1200;;;;;VARIOS;GOLOSINAS;GOLOSINAS;7798172360185
714604697;YERBACID BURRITO;1200;;;;;VARIOS;GOLOSINAS;GOLOSINAS;7798172360192
3127;YERBACID CEDRON;1200;;;;;VARIOS;GOLOSINAS;GOLOSINAS;7798172360024
3128;YERBACID CON MENTA;1200;;;;;VARIOS;GOLOSINAS;GOLOSINAS;7798172360017
3129;YERBACID CON NARANJA;1200;;;;;VARIOS;GOLOSINAS;GOLOSINAS;7798172360154
3130;YIPI CAJA X 12;3900;;;;;VARIOS;GOLOSINAS;GOLOSINAS;7798186030869
3131;YIPI X U;350;;;;;VARIOS;GOLOSINAS;GOLOSINAS;7798186030852
714604580;YOGO XU;200;;;;;VARIOS;GOLOSINAS;GOLOSINAS;7896066769431
77995125;ZINGARA CHIZITO 370G ;2900;;;;;VARIOS;GOLOSINAS;GOLOSINAS;7798058370864
3132;ZINGARA CHIZITO 5KG;8000;;;;;VARIOS;GOLOSINAS;GOLOSINAS;999264
77995211;ZINGARA CHIZITO 85G;1200;;;;;;;;7798058370895
3133;ZINGARA CHIZITO X 500;5530;;;;;VARIOS;GOLOSINAS;GOLOSINAS;7798058370048
3134;ZINGARA CHIZITO X KG;6200;;;;;VARIOS;GOLOSINAS;GOLOSINAS;7798058370253
3135;ZINGARA CONITO 70G;1000;;;;;VARIOS;GOLOSINAS;GOLOSINAS;7798058370819
3136;ZINGARA CONITO X 500G;5200;;;;;VARIOS;GOLOSINAS;GOLOSINAS;7798058370611
3137;ZINGARA PALITO  500GR;2100;;;;;VARIOS;GOLOSINAS;GOLOSINAS;7798058370031
3138;ZINGARA PALITO X 500;2100;;;;;VARIOS;GOLOSINAS;GOLOSINAS;7798058300311
3139;ZINGARA PAPA  500G;6300;;;;;VARIOS;GOLOSINAS;GOLOSINAS;7798058370499
3140;ZINGARA PAPA 30 GRAMOS;320;;;;;VARIOS;GOLOSINAS;GOLOSINAS;7798058370567
3141;ZINGARA PAPA 500G;6300;;;;;VARIOS;GOLOSINAS;GOLOSINAS;7798058370536
77995210;ZINGARA PAPA 65G;1100;;;;;;;;7798058370888
3142;ZINGARA PAPA 80G;800;;;;;VARIOS;GOLOSINAS;GOLOSINAS;7798058370543
3143;ZINGARA PAPA PAY X 200 G;1670;;;;;VARIOS;GOLOSINAS;GOLOSINAS;7798058370475
3144;ZINGARA PAPA PAY X KG;4100;;;;;VARIOS;GOLOSINAS;GOLOSINAS;7798058370505
3145;ZINGARA PAPA PAY X150G;1670;;;;;VARIOS;GOLOSINAS;GOLOSINAS;7798058370857
3146;ZINGARA PAPA X KG;10600;;;;;VARIOS;GOLOSINAS;GOLOSINAS;7798058370093
3147;ZINGARA PAPA X170G;1720;;;;;VARIOS;GOLOSINAS;GOLOSINAS;7798058370550
3148;ZINGARA PUFLITO X 500;1000;;;;;VARIOS;GOLOSINAS;GOLOSINAS;7798058370369
3149;ZINGARA PUFLITO X 500;1000;;;;;VARIOS;GOLOSINAS;GOLOSINAS;796
3150;ZINGARA TUTUCA  KG;1210;;;;;VARIOS;GOLOSINAS;GOLOSINAS;4839
3151;ZINGARA TUTUCA X KG;1210;;;;;VARIOS;GOLOSINAS;GOLOSINAS;7798058370703
3152;ZINGARAS X95GRS;860;;;;;VARIOS;GOLOSINAS;GOLOSINAS;7798058370758
